사고번호,사고일시,요일,시군구,사고내용,사망자수,중상자수,경상자수,부상신고자수,사고유형,법규위반,노면상태,기상상태,도로형태,가해운전자 차종,가해운전자 성별,가해운전자 연령,가해운전자 상해정도,피해운전자 차종,피해운전자 성별,피해운전자 연령,피해운전자 상해정도
2020012100100523,2020년 1월 21일 17시,화요일,제주특별자치도 서귀포시 서호동,경상사고,0,0,1,0,차대차 - 기타,기타,건조,흐림,교차로 - 교차로안,이륜,남,46세,경상,승용,여,61세,상해없음
2020012100100591,2020년 1월 21일 18시,화요일,제주특별자치도 서귀포시 남원읍,경상사고,0,0,2,0,차대차 - 기타,신호위반,건조,맑음,교차로 - 교차로안,승용,여,46세,상해없음,화물,남,30세,경상
2020012100100645,2020년 1월 21일 19시,화요일,제주특별자치도 제주시 연동,부상신고사고,0,0,0,2,차대차 - 기타,직진우회전진행방해,건조,맑음,교차로 - 교차로안,승용,남,64세,상해없음,승용,남,32세,상해없음
2020012100100673,2020년 1월 21일 20시,화요일,제주특별자치도 제주시 아라일동,경상사고,0,0,1,0,차대차 - 측면충돌,차로위반,건조,맑음,단일로 - 기타,승용,여,39세,상해없음,승용,남,53세,경상
2020012200100041,2020년 1월 22일 03시,수요일,제주특별자치도 서귀포시 표선면,중상사고,0,1,0,0,차대차 - 추돌,안전운전불이행,건조,기타,단일로 - 기타,화물,남,47세,중상,화물,기타불명,미분류,기타불명
2020012200100045,2020년 1월 22일 04시,수요일,제주특별자치도 제주시 애월읍,경상사고,0,0,1,0,차량단독 - 공작물충돌,안전운전불이행,젖음/습기,비,단일로 - 기타,승용,남,42세,경상,,,,
2020012200100096,2020년 1월 22일 07시,수요일,제주특별자치도 제주시 애월읍,중상사고,0,1,0,0,차대차 - 측면충돌,신호위반,젖음/습기,흐림,교차로 - 교차로안,승용,남,65세,상해없음,승용,여,39세,중상
2020012200100115,2020년 1월 22일 08시,수요일,제주특별자치도 제주시 연동,경상사고,0,0,1,0,차대사람 - 횡단중,보행자보호의무위반,건조,맑음,교차로 - 교차로횡단보도내,승용,여,37세,상해없음,보행자,남,15세,경상
2020012200100147,2020년 1월 22일 09시,수요일,제주특별자치도 제주시 이도이동,중상사고,0,1,0,0,차대사람 - 횡단중,안전운전불이행,건조,맑음,교차로 - 교차로안,승용,남,68세,상해없음,보행자,여,72세,중상
2020012200100173,2020년 1월 22일 10시,수요일,제주특별자치도 서귀포시 안덕면,중상사고,0,1,0,0,차대사람 - 기타,안전운전불이행,젖음/습기,비,단일로 - 기타,승용,남,69세,기타불명,보행자,여,61세,중상
2020012200100208,2020년 1월 22일 11시,수요일,제주특별자치도 제주시 한림읍,중상사고,0,1,2,0,차대차 - 측면충돌,안전운전불이행,젖음/습기,비,교차로 - 교차로안,이륜,남,79세,중상,승용,남,55세,경상
2020012200100339,2020년 1월 22일 15시,수요일,제주특별자치도 제주시 영평동,중상사고,0,1,0,0,차대차 - 측면충돌,안전거리미확보,건조,맑음,단일로 - 기타,화물,남,70세,상해없음,승용,남,52세,중상
2020012200100381,2020년 1월 22일 16시,수요일,제주특별자치도 제주시 노형동,중상사고,0,1,0,0,차대사람 - 기타,교차로운행방법위반,젖음/습기,비,교차로 - 교차로안,화물,남,31세,상해없음,보행자,여,7세,중상
2020012200100448,2020년 1월 22일 17시,수요일,제주특별자치도 제주시 도련이동,경상사고,0,0,1,0,차대차 - 측면충돌,차로위반,건조,맑음,교차로 - 교차로안,승용,여,28세,상해없음,승용,여,29세,경상
2020012200100517,2020년 1월 22일 18시,수요일,제주특별자치도 제주시 도련이동,중상사고,0,1,2,0,차대차 - 측면충돌,안전운전불이행,건조,맑음,단일로 - 기타,화물,여,51세,상해없음,승용,남,36세,중상
2020012200100518,2020년 1월 22일 18시,수요일,제주특별자치도 제주시 아라일동,경상사고,0,0,1,0,차대차 - 측면충돌,기타,젖음/습기,비,교차로 - 교차로안,승용,남,39세,상해없음,이륜,남,52세,경상
2020012200100581,2020년 1월 22일 19시,수요일,제주특별자치도 서귀포시 대정읍,경상사고,0,0,1,1,차량단독 - 공작물충돌,안전운전불이행,젖음/습기,비,단일로 - 기타,승용,여,40세,상해없음,,,,
2020012200100582,2020년 1월 22일 19시,수요일,제주특별자치도 제주시 연동,중상사고,0,1,0,0,차대사람 - 횡단중,보행자보호의무위반,젖음/습기,비,교차로 - 교차로횡단보도내,승용,남,36세,상해없음,보행자,남,48세,중상
2020012200100633,2020년 1월 22일 20시,수요일,제주특별자치도 서귀포시 남원읍,경상사고,0,0,1,0,차대차 - 후진중충돌,안전운전불이행,젖음/습기,맑음,단일로 - 기타,화물,남,64세,상해없음,승용,남,26세,경상
2020012200100736,2020년 1월 22일 23시,수요일,제주특별자치도 제주시 일도이동,경상사고,0,0,2,0,차대차 - 추돌,안전운전불이행,젖음/습기,비,교차로 - 교차로부근,승합,남,56세,기타불명,승용,여,24세,경상
2020012300100015,2020년 1월 23일 00시,목요일,제주특별자치도 서귀포시 남원읍,중상사고,0,2,0,1,차대차 - 기타,중앙선침범,젖음/습기,비,단일로 - 기타,승용,여,40세,부상신고,승용,남,58세,중상
2020012300100129,2020년 1월 23일 08시,목요일,제주특별자치도 제주시 노형동,중상사고,0,1,0,0,차대사람 - 횡단중,안전운전불이행,젖음/습기,비,교차로 - 교차로안,승용,남,36세,상해없음,보행자,여,88세,중상
2020012300100189,2020년 1월 23일 10시,목요일,제주특별자치도 서귀포시 중문동,중상사고,0,1,0,0,차대사람 - 횡단중,보행자보호의무위반,건조,맑음,교차로 - 교차로횡단보도내,화물,남,55세,상해없음,보행자,여,43세,중상
2020012300100269,2020년 1월 23일 12시,목요일,제주특별자치도 제주시 화북이동,경상사고,0,0,1,0,차대차 - 추돌,안전거리미확보,건조,맑음,단일로 - 기타,화물,남,28세,상해없음,화물,남,46세,경상
2020012300100270,2020년 1월 23일 12시,목요일,제주특별자치도 제주시 애월읍,경상사고,0,0,2,0,차대차 - 추돌,안전거리미확보,젖음/습기,흐림,단일로 - 기타,화물,남,32세,상해없음,승용,여,55세,경상
2020012300100316,2020년 1월 23일 13시,목요일,제주특별자치도 서귀포시 서홍동,경상사고,0,0,3,0,차대차 - 기타,안전운전불이행,건조,맑음,교차로 - 교차로부근,화물,남,42세,상해없음,승용,여,36세,경상
2020012300100367,2020년 1월 23일 14시,목요일,제주특별자치도 서귀포시 서홍동,중상사고,0,1,0,0,차대차 - 정면충돌,중앙선침범,건조,맑음,단일로 - 기타,승용,남,75세,상해없음,승용,여,52세,중상
2020012300100368,2020년 1월 23일 14시,목요일,제주특별자치도 제주시 외도일동,경상사고,0,0,2,1,차대차 - 측면충돌,교차로운행방법위반,건조,맑음,교차로 - 교차로안,승용,여,64세,부상신고,승용,여,46세,상해없음
2020012300100419,2020년 1월 23일 15시,목요일,제주특별자치도 제주시 이도이동,경상사고,0,0,1,0,차대사람 - 기타,보행자보호의무위반,건조,맑음,단일로 - 기타,기타불명,기타불명,미분류,기타불명,보행자,여,21세,경상
2020012300100420,2020년 1월 23일 15시,목요일,제주특별자치도 제주시 이도이동,경상사고,0,0,1,0,차대차 - 기타,안전운전불이행,건조,맑음,단일로 - 기타,승용,여,57세,상해없음,승용,여,34세,경상
2020012300100475,2020년 1월 23일 16시,목요일,제주특별자치도 서귀포시 동홍동,경상사고,0,0,1,0,차대사람 - 횡단중,보행자보호의무위반,건조,맑음,단일로 - 기타,승용,여,54세,상해없음,보행자,여,57세,경상
2020012300100640,2020년 1월 23일 19시,목요일,제주특별자치도 제주시 화북일동,중상사고,0,1,0,0,차대차 - 측면충돌,교차로운행방법위반,건조,맑음,교차로 - 교차로안,승용,여,59세,상해없음,화물,남,45세,중상
2020012300100641,2020년 1월 23일 19시,목요일,제주특별자치도 제주시 이도일동,경상사고,0,0,1,0,차대사람 - 길가장자리구역통행중,안전운전불이행,건조,맑음,단일로 - 기타,승용,여,54세,상해없음,보행자,남,67세,경상
2020012300100642,2020년 1월 23일 19시,목요일,제주특별자치도 제주시 이도이동,경상사고,0,0,1,0,차대차 - 기타,중앙선침범,건조,맑음,단일로 - 기타,승용,남,58세,상해없음,승용,남,44세,경상
2020012300100643,2020년 1월 23일 19시,목요일,제주특별자치도 서귀포시 강정동,경상사고,0,0,1,0,차대차 - 측면충돌,안전운전불이행,건조,맑음,교차로 - 교차로안,승용,여,62세,기타불명,승용,여,28세,경상
2020012300100684,2020년 1월 23일 20시,목요일,제주특별자치도 제주시 노형동,중상사고,0,1,0,0,차대사람 - 기타,보행자보호의무위반,건조,맑음,교차로 - 교차로횡단보도내,승용,여,39세,상해없음,보행자,여,60세,중상
2020012300100761,2020년 1월 23일 23시,목요일,제주특별자치도 제주시 노형동,경상사고,0,0,1,0,차대차 - 측면충돌,안전거리미확보,건조,맑음,교차로 - 교차로안,승용,남,57세,상해없음,승용,여,58세,경상
2020012400100018,2020년 1월 24일 00시,금요일,제주특별자치도 제주시 삼도이동,부상신고사고,0,0,0,1,차대사람 - 기타,안전운전불이행,건조,맑음,단일로 - 기타,승용,남,63세,상해없음,보행자,남,47세,부상신고
2020012400100045,2020년 1월 24일 02시,금요일,제주특별자치도 제주시 봉개동,경상사고,0,0,1,0,차량단독 - 공작물충돌,안전운전불이행,건조,맑음,단일로 - 기타,승용,남,65세,경상,,,,
2020012400100093,2020년 1월 24일 07시,금요일,제주특별자치도 제주시 오라삼동,경상사고,0,0,1,0,차대차 - 추돌,안전거리미확보,건조,맑음,교차로 - 교차로부근,이륜,남,34세,경상,승용,남,51세,상해없음
2020012400100191,2020년 1월 24일 12시,금요일,제주특별자치도 서귀포시 대정읍,부상신고사고,0,0,0,1,차량단독 - 공작물충돌,안전운전불이행,건조,맑음,단일로 - 기타,승용,남,47세,부상신고,,,,
2020012400100247,2020년 1월 24일 14시,금요일,제주특별자치도 제주시 조천읍,경상사고,0,0,1,0,차대차 - 기타,직진우회전진행방해,건조,맑음,교차로 - 교차로안,승용,남,43세,상해없음,승용,남,38세,경상
2020012400100248,2020년 1월 24일 14시,금요일,제주특별자치도 제주시 노형동,경상사고,0,0,1,0,차대사람 - 차도통행중,보행자보호의무위반,건조,맑음,교차로 - 교차로횡단보도내,승용,여,55세,상해없음,보행자,여,20세,경상
2020012400100270,2020년 1월 24일 15시,금요일,제주특별자치도 서귀포시 대정읍,경상사고,0,0,1,0,차대차 - 측면충돌,안전운전불이행,건조,맑음,단일로 - 기타,승용,남,66세,상해없음,승용,남,29세,경상
2020012400100271,2020년 1월 24일 15시,금요일,제주특별자치도 제주시 한림읍,경상사고,0,0,1,0,차대차 - 정면충돌,직진우회전진행방해,건조,맑음,교차로 - 교차로안,이륜,남,37세,경상,승용,여,53세,상해없음
2020012400100344,2020년 1월 24일 18시,금요일,제주특별자치도 제주시 연동,경상사고,0,0,1,0,차대차 - 기타,안전거리미확보,건조,맑음,단일로 - 기타,승합,남,49세,상해없음,승합,남,44세,경상
2020012500100037,2020년 1월 25일 05시,토요일,제주특별자치도 제주시 한림읍,중상사고,0,1,0,0,차대차 - 측면충돌,안전운전불이행,건조,맑음,교차로 - 교차로부근,화물,남,70세,상해없음,승용,여,24세,중상
2020012500100081,2020년 1월 25일 10시,토요일,제주특별자치도 서귀포시 안덕면,부상신고사고,0,0,0,1,차량단독 - 기타,안전운전불이행,건조,맑음,교차로 - 교차로안,승용,남,29세,부상신고,,,,
2020012500100082,2020년 1월 25일 10시,토요일,제주특별자치도 서귀포시 상효동,경상사고,0,0,2,0,차대차 - 추돌,기타,건조,맑음,단일로 - 기타,승용,남,40세,상해없음,승용,여,31세,경상
2020012500100103,2020년 1월 25일 11시,토요일,제주특별자치도 제주시 오등동,중상사고,0,1,0,0,차량단독 - 기타,안전운전불이행,건조,흐림,단일로 - 기타,승용,남,60세,중상,,,,
2020012600100049,2020년 1월 26일 05시,일요일,제주특별자치도 제주시 일도이동,중상사고,0,1,0,0,차대차 - 기타,교차로운행방법위반,건조,맑음,교차로 - 교차로안,승용,남,65세,상해없음,이륜,남,18세,중상
2020012600100050,2020년 1월 26일 05시,일요일,제주특별자치도 제주시 오라삼동,경상사고,0,0,2,0,차대차 - 추돌,안전운전불이행,건조,맑음,단일로 - 기타,승용,남,25세,상해없음,승용,남,32세,경상
2020012600100051,2020년 1월 26일 05시,일요일,제주특별자치도 제주시 연동,중상사고,0,1,0,0,차대사람 - 차도통행중,안전운전불이행,건조,맑음,교차로 - 교차로부근,승용,남,32세,상해없음,보행자,여,37세,중상
2020012600100178,2020년 1월 26일 15시,일요일,제주특별자치도 제주시 도두일동,경상사고,0,0,1,0,차대차 - 기타,안전운전불이행,건조,맑음,교차로 - 교차로부근,승용,남,59세,상해없음,이륜,남,37세,경상
2020012600100238,2020년 1월 26일 18시,일요일,제주특별자치도 제주시 아라일동,경상사고,0,0,1,0,차대차 - 측면충돌,신호위반,건조,맑음,교차로 - 교차로부근,화물,남,26세,상해없음,승용,남,35세,경상
2020012600100239,2020년 1월 26일 18시,일요일,제주특별자치도 제주시 건입동,중상사고,0,1,0,0,차대사람 - 기타,안전운전불이행,젖음/습기,흐림,교차로 - 교차로부근,승용,남,36세,상해없음,보행자,여,66세,중상
2020012600100290,2020년 1월 26일 20시,일요일,제주특별자치도 제주시 이도이동,중상사고,0,1,0,1,차대사람 - 횡단중,보행자보호의무위반,젖음/습기,비,교차로 - 교차로횡단보도내,화물,남,65세,상해없음,보행자,남,58세,부상신고
2020012600100313,2020년 1월 26일 21시,일요일,제주특별자치도 제주시 연동,부상신고사고,0,0,0,1,차대차 - 정면충돌,직진우회전진행방해,젖음/습기,비,교차로 - 교차로안,승용,남,66세,상해없음,승용,남,62세,상해없음
2020012700100085,2020년 1월 27일 06시,월요일,제주특별자치도 제주시 이도이동,사망사고,1,0,0,0,차대사람 - 횡단중,안전운전불이행,젖음/습기,비,단일로 - 기타,승용,남,19세,상해없음,보행자,여,71세,사망
2020012700100137,2020년 1월 27일 11시,월요일,제주특별자치도 서귀포시 남원읍,중상사고,0,2,0,0,차대차 - 측면충돌,신호위반,젖음/습기,맑음,교차로 - 교차로안,승용,남,83세,상해없음,승용,여,74세,중상
2020012700100215,2020년 1월 27일 15시,월요일,제주특별자치도 서귀포시 신효동,부상신고사고,0,0,0,1,차량단독 - 공작물충돌,안전운전불이행,젖음/습기,흐림,단일로 - 기타,화물,여,69세,부상신고,,,,
2020012700100216,2020년 1월 27일 15시,월요일,제주특별자치도 제주시 애월읍,경상사고,0,0,1,0,차대차 - 기타,안전거리미확보,건조,맑음,단일로 - 기타,기타불명,기타불명,미분류,기타불명,승용,남,70세,경상
2020012700100217,2020년 1월 27일 15시,월요일,제주특별자치도 제주시 노형동,경상사고,0,0,2,0,차대차 - 후진중충돌,안전운전불이행,젖음/습기,흐림,단일로 - 기타,승합,남,47세,상해없음,승용,남,33세,경상
2020012700100378,2020년 1월 27일 20시,월요일,제주특별자치도 제주시 도남동,경상사고,0,0,1,0,차대사람 - 차도통행중,안전운전불이행,젖음/습기,비,단일로 - 기타,승용,남,33세,상해없음,보행자,남,28세,경상
2020012700100379,2020년 1월 27일 20시,월요일,제주특별자치도 제주시 노형동,경상사고,0,0,3,0,차대차 - 추돌,안전거리미확보,젖음/습기,비,단일로 - 기타,승합,남,45세,상해없음,승용,여,50세,경상
2020012700100415,2020년 1월 27일 21시,월요일,제주특별자치도 서귀포시 서호동,중상사고,0,3,4,0,차대차 - 정면충돌,신호위반,건조,맑음,교차로 - 교차로안,승합,남,54세,경상,승합,남,49세,중상
2020012800100172,2020년 1월 28일 10시,화요일,제주특별자치도 제주시 용담일동,중상사고,0,1,0,0,차대차 - 측면충돌,안전거리미확보,건조,맑음,단일로 - 기타,승용,남,22세,기타불명,승용,남,56세,중상
2020012800100173,2020년 1월 28일 10시,화요일,제주특별자치도 제주시 연동,경상사고,0,0,1,0,차대차 - 측면충돌,교차로운행방법위반,건조,맑음,교차로 - 교차로안,승용,여,37세,경상,승용,남,28세,상해없음
2020012800100223,2020년 1월 28일 12시,화요일,제주특별자치도 제주시 삼도일동,중상사고,0,1,0,0,차대사람 - 횡단중,안전운전불이행,건조,맑음,교차로 - 교차로횡단보도내,승용,여,39세,상해없음,보행자,여,75세,중상
2020012800100248,2020년 1월 28일 13시,화요일,제주특별자치도 제주시 용담이동,경상사고,0,0,1,0,차대사람 - 횡단중,안전운전불이행,건조,맑음,교차로 - 교차로부근,승합,남,80세,기타불명,보행자,여,53세,경상
2020012800100280,2020년 1월 28일 14시,화요일,제주특별자치도 제주시 영평동,경상사고,0,0,1,0,차대차 - 추돌,안전운전불이행,건조,맑음,단일로 - 기타,화물,남,64세,상해없음,승용,여,43세,경상
2020012800100314,2020년 1월 28일 15시,화요일,제주특별자치도 서귀포시 표선면,중상사고,0,1,0,0,차량단독 - 기타,기타,건조,맑음,단일로 - 기타,승용,여,21세,상해없음,,,,
2020012800100368,2020년 1월 28일 17시,화요일,제주특별자치도 서귀포시 동홍동,중상사고,0,1,0,0,차대사람 - 횡단중,안전운전불이행,건조,맑음,단일로 - 기타,승합,남,56세,상해없음,보행자,남,6세,중상
2020012800100402,2020년 1월 28일 18시,화요일,제주특별자치도 제주시 오라이동,경상사고,0,0,2,0,차대사람 - 기타,안전운전불이행,건조,맑음,교차로 - 교차로부근,승용,남,38세,상해없음,보행자,남,67세,경상
2020012800100403,2020년 1월 28일 18시,화요일,제주특별자치도 제주시 삼도일동,경상사고,0,0,1,0,차량단독 - 기타,안전거리미확보,건조,맑음,단일로 - 기타,승용,남,65세,상해없음,,,,
2020012900100060,2020년 1월 29일 06시,수요일,제주특별자치도 제주시 오라일동,경상사고,0,0,2,0,차대차 - 측면충돌,교차로운행방법위반,건조,맑음,교차로 - 교차로안,승용,남,71세,상해없음,화물,남,44세,경상
2020012900100394,2020년 1월 29일 18시,수요일,제주특별자치도 제주시 삼도일동,경상사고,0,0,1,0,차대차 - 측면충돌,안전운전불이행,건조,맑음,교차로 - 교차로부근,승용,여,25세,상해없음,승용,여,36세,경상
2020012900100395,2020년 1월 29일 18시,수요일,제주특별자치도 서귀포시 색달동,경상사고,0,0,1,0,차대차 - 정면충돌,중앙선침범,건조,기타,단일로 - 기타,승용,남,37세,상해없음,이륜,남,37세,경상
2020012900100426,2020년 1월 29일 19시,수요일,제주특별자치도 제주시 연동,경상사고,0,0,1,0,차대차 - 측면충돌,안전거리미확보,건조,맑음,교차로 - 교차로안,승용,남,46세,상해없음,승용,여,55세,경상
2020012900100511,2020년 1월 29일 23시,수요일,제주특별자치도 제주시 봉개동,경상사고,0,0,2,0,차대차 - 추돌,안전운전불이행,건조,맑음,교차로 - 교차로부근,승용,남,40세,상해없음,승용,남,66세,경상
2020013000100123,2020년 1월 30일 08시,목요일,제주특별자치도 제주시 애월읍,중상사고,0,1,0,0,차대차 - 측면충돌,신호위반,건조,맑음,교차로 - 교차로안,화물,남,55세,상해없음,승용,여,40세,중상
2020013000100155,2020년 1월 30일 09시,목요일,제주특별자치도 제주시 용담일동,경상사고,0,0,1,0,차대차 - 기타,교차로운행방법위반,건조,맑음,교차로 - 교차로안,승용,남,60세,상해없음,승용,남,30세,경상
2020013000100196,2020년 1월 30일 10시,목요일,제주특별자치도 서귀포시 서홍동,중상사고,0,1,0,0,차대사람 - 횡단중,안전운전불이행,건조,맑음,단일로 - 기타,승용,남,52세,상해없음,보행자,여,47세,중상
2020013000100197,2020년 1월 30일 10시,목요일,제주특별자치도 제주시 연동,경상사고,0,0,1,0,차대차 - 측면충돌,안전운전불이행,건조,맑음,교차로 - 교차로안,승용,여,42세,상해없음,승용,남,30세,경상
2020013000100221,2020년 1월 30일 11시,목요일,제주특별자치도 제주시 구좌읍,사망사고,1,0,0,0,차량단독 - 기타,안전운전불이행,건조,맑음,단일로 - 기타,승용,여,48세,상해없음,,,,
2020013000100222,2020년 1월 30일 11시,목요일,제주특별자치도 제주시 삼도일동,중상사고,0,1,0,0,차대차 - 기타,안전운전불이행,건조,맑음,교차로 - 교차로부근,승용,여,41세,상해없음,이륜,남,85세,중상
2020013000100253,2020년 1월 30일 12시,목요일,제주특별자치도 서귀포시 신효동,경상사고,0,0,2,0,차대차 - 측면충돌,안전거리미확보,건조,맑음,교차로 - 교차로안,화물,남,51세,상해없음,승용,남,28세,경상
2020013000100326,2020년 1월 30일 14시,목요일,제주특별자치도 제주시 구좌읍,경상사고,0,0,1,0,차대차 - 기타,안전운전불이행,건조,맑음,교차로 - 교차로안,승용,남,79세,상해없음,승용,남,76세,경상
2020013000100327,2020년 1월 30일 14시,목요일,제주특별자치도 제주시 이도이동,경상사고,0,0,1,0,차대사람 - 기타,안전운전불이행,건조,맑음,단일로 - 기타,승용,여,31세,기타불명,보행자,여,13세,경상
2020013000100328,2020년 1월 30일 14시,목요일,제주특별자치도 서귀포시 대포동,경상사고,0,0,2,0,차대차 - 측면충돌,중앙선침범,젖음/습기,눈,단일로 - 교량,승용,남,23세,기타불명,승용,여,38세,경상
2020013000100329,2020년 1월 30일 14시,목요일,제주특별자치도 서귀포시 성산읍,중상사고,0,1,2,1,차대차 - 측면충돌,직진우회전진행방해,건조,맑음,교차로 - 교차로안,화물,남,55세,부상신고,승합,여,24세,경상
2020013000100422,2020년 1월 30일 17시,목요일,제주특별자치도 제주시 이도일동,경상사고,0,0,1,0,차대사람 - 보도통행중,기타,건조,맑음,단일로 - 기타,승합,남,43세,상해없음,보행자,여,76세,경상
2020013000100490,2020년 1월 30일 19시,목요일,제주특별자치도 제주시 오라이동,경상사고,0,0,1,0,차대차 - 정면충돌,교차로운행방법위반,건조,맑음,교차로 - 교차로안,승용,여,34세,상해없음,화물,남,38세,경상
2020013000100515,2020년 1월 30일 20시,목요일,제주특별자치도 제주시 도두일동,경상사고,0,0,2,0,차대차 - 추돌,안전거리미확보,건조,맑음,단일로 - 기타,승용,남,65세,상해없음,승용,여,57세,경상
2020013000100543,2020년 1월 30일 21시,목요일,제주특별자치도 제주시 연동,경상사고,0,0,2,0,차대차 - 기타,안전운전불이행,건조,맑음,교차로 - 교차로안,승용,남,42세,상해없음,승용,남,39세,경상
2020013100100010,2020년 1월 31일 00시,금요일,제주특별자치도 제주시 연동,경상사고,0,0,1,0,차대차 - 추돌,안전운전불이행,건조,맑음,교차로 - 교차로부근,승용,남,36세,상해없음,승용,남,50세,경상
2020013100100082,2020년 1월 31일 07시,금요일,제주특별자치도 제주시 연동,경상사고,0,0,1,0,차대차 - 기타,직진우회전진행방해,건조,맑음,교차로 - 교차로안,자전거,남,23세,경상,승용,남,33세,상해없음
2020013100100125,2020년 1월 31일 09시,금요일,제주특별자치도 제주시 조천읍,경상사고,0,0,1,0,차대차 - 측면충돌,직진우회전진행방해,건조,맑음,교차로 - 교차로안,화물,남,67세,경상,승용,남,60세,상해없음
2020013100100126,2020년 1월 31일 09시,금요일,제주특별자치도 제주시 노형동,경상사고,0,0,1,0,차대사람 - 횡단중,보행자보호의무위반,건조,맑음,교차로 - 교차로안,승용,여,22세,상해없음,보행자,여,23세,경상
2020013100100127,2020년 1월 31일 09시,금요일,제주특별자치도 제주시 외도일동,경상사고,0,0,1,1,차대차 - 측면충돌,교차로운행방법위반,건조,맑음,교차로 - 교차로안,승용,여,48세,경상,승용,남,48세,부상신고
2020013100100219,2020년 1월 31일 12시,금요일,제주특별자치도 제주시 조천읍,중상사고,0,1,0,0,차대차 - 추돌,안전거리미확보,건조,맑음,교차로 - 교차로부근,승용,여,26세,상해없음,승용,여,35세,중상
2020013100100220,2020년 1월 31일 12시,금요일,제주특별자치도 제주시 조천읍,경상사고,0,0,1,0,차대차 - 측면충돌,안전거리미확보,건조,맑음,교차로 - 교차로부근,승용,여,50세,상해없음,승용,여,64세,경상
2020013100100222,2020년 1월 31일 12시,금요일,제주특별자치도 서귀포시 표선면,경상사고,0,0,4,1,차량단독 - 공작물충돌,안전운전불이행,건조,맑음,단일로 - 기타,승용,남,43세,부상신고,,,,
2020013100100248,2020년 1월 31일 13시,금요일,제주특별자치도 서귀포시 중문동,중상사고,0,1,0,0,차대사람 - 횡단중,보행자보호의무위반,건조,맑음,교차로 - 교차로안,화물,남,39세,상해없음,보행자,여,87세,중상
2020013100100249,2020년 1월 31일 13시,금요일,제주특별자치도 제주시 애월읍,중상사고,0,3,1,0,차대차 - 기타,중앙선침범,건조,맑음,단일로 - 기타,승용,여,62세,경상,승용,남,50세,중상
2020013100100301,2020년 1월 31일 15시,금요일,제주특별자치도 제주시 삼도일동,중상사고,0,1,0,0,차대차 - 기타,안전운전불이행,건조,맑음,단일로 - 기타,화물,남,63세,상해없음,승합,남,50세,상해없음
2020013100100338,2020년 1월 31일 16시,금요일,제주특별자치도 서귀포시 호근동,경상사고,0,0,1,0,차대차 - 기타,직진우회전진행방해,건조,맑음,교차로 - 교차로안,승용,여,59세,상해없음,승합,여,55세,경상
2020013100100369,2020년 1월 31일 17시,금요일,제주특별자치도 제주시 애월읍,경상사고,0,0,2,0,차대차 - 기타,신호위반,건조,맑음,교차로 - 교차로안,화물,남,62세,상해없음,화물,남,53세,경상
2020013100100370,2020년 1월 31일 17시,금요일,제주특별자치도 제주시 연동,경상사고,0,0,1,0,차대차 - 측면충돌,직진우회전진행방해,건조,맑음,교차로 - 교차로안,승용,여,52세,상해없음,승용,남,37세,경상
2020013100100416,2020년 1월 31일 18시,금요일,제주특별자치도 제주시 삼양이동,경상사고,0,0,1,0,차대차 - 측면충돌,안전운전불이행,건조,맑음,교차로 - 교차로안,승합,남,64세,상해없음,자전거,남,48세,경상
2020013100100551,2020년 1월 31일 23시,금요일,제주특별자치도 제주시 노형동,경상사고,0,0,1,0,차대차 - 측면충돌,안전거리미확보,건조,맑음,단일로 - 기타,승용,남,23세,경상,화물,남,38세,상해없음
2020020100100094,2020년 2월 1일 08시,토요일,제주특별자치도 제주시 노형동,중상사고,0,1,0,2,차대차 - 추돌,안전운전불이행,건조,맑음,단일로 - 기타,승용,남,57세,상해없음,승용,여,47세,부상신고
2020020100100270,2020년 2월 1일 15시,토요일,제주특별자치도 제주시 한림읍,경상사고,0,0,1,0,차대차 - 측면충돌,안전운전불이행,건조,맑음,단일로 - 기타,승용,남,60세,상해없음,승용,남,35세,경상
2020020100100324,2020년 2월 1일 17시,토요일,제주특별자치도 서귀포시 안덕면,중상사고,0,1,0,0,차량단독 - 공작물충돌,안전운전불이행,건조,맑음,단일로 - 기타,승용,여,59세,중상,,,,
2020020100100439,2020년 2월 1일 22시,토요일,제주특별자치도 제주시 연동,경상사고,0,0,1,0,차대차 - 측면충돌,안전운전불이행,건조,맑음,교차로 - 교차로부근,이륜,남,32세,경상,승용,남,46세,상해없음
2020020200100056,2020년 2월 2일 04시,일요일,제주특별자치도 서귀포시 남원읍,부상신고사고,0,0,0,1,차대사람 - 기타,안전운전불이행,건조,맑음,단일로 - 기타,기타불명,기타불명,미분류,기타불명,보행자,남,61세,부상신고
2020020200100080,2020년 2월 2일 07시,일요일,제주특별자치도 제주시 아라일동,경상사고,0,0,1,0,차대차 - 기타,교차로운행방법위반,건조,맑음,교차로 - 교차로안,승용,남,37세,상해없음,승용,여,66세,경상
2020020200100096,2020년 2월 2일 08시,일요일,제주특별자치도 제주시 도두일동,경상사고,0,0,1,0,차대차 - 기타,안전운전불이행,건조,맑음,단일로 - 기타,승용,여,48세,상해없음,화물,남,51세,경상