사고번호,사고일시,요일,시군구,사고내용,사망자수,중상자수,경상자수,부상신고자수,사고유형,법규위반,노면상태,기상상태,도로형태,가해운전자 차종,가해운전자 성별,가해운전자 연령,가해운전자 상해정도,피해운전자 차종,피해운전자 성별,피해운전자 연령,피해운전자 상해정도
2020020200100183,2020년 2월 2일 13시,일요일,제주특별자치도 제주시 애월읍,경상사고,0,0,1,0,차대차 - 기타,중앙선침범,건조,맑음,단일로 - 기타,이륜,남,59세,경상,승용,여,23세,상해없음
2020020200100205,2020년 2월 2일 14시,일요일,제주특별자치도 제주시 아라일동,중상사고,0,2,2,0,차대차 - 측면충돌,신호위반,건조,맑음,교차로 - 교차로부근,이륜,남,35세,중상,승용,여,48세,중상
2020020200100206,2020년 2월 2일 14시,일요일,제주특별자치도 제주시 연동,경상사고,0,0,2,0,차대차 - 추돌,직진우회전진행방해,건조,맑음,교차로 - 교차로안,승용,여,40세,경상,승용,여,51세,경상
2020020200100259,2020년 2월 2일 16시,일요일,제주특별자치도 제주시 한경면,부상신고사고,0,0,0,1,차대사람 - 기타,안전운전불이행,건조,맑음,단일로 - 기타,승용,남,45세,상해없음,보행자,남,7세,부상신고
2020020200100280,2020년 2월 2일 17시,일요일,제주특별자치도 제주시 연동,중상사고,0,1,1,0,차대사람 - 횡단중,신호위반,건조,맑음,교차로 - 교차로횡단보도내,승용,여,66세,상해없음,보행자,여,55세,중상
2020020200100305,2020년 2월 2일 18시,일요일,제주특별자치도 제주시 애월읍,경상사고,0,0,1,0,차량단독 - 공작물충돌,안전운전불이행,건조,맑음,단일로 - 기타,승용,남,25세,상해없음,,,,
2020020200100398,2020년 2월 2일 23시,일요일,제주특별자치도 제주시 일도이동,경상사고,0,0,2,0,차대차 - 측면충돌,신호위반,건조,맑음,교차로 - 교차로안,승합,남,62세,상해없음,승용,여,41세,경상
2020020200100399,2020년 2월 2일 23시,일요일,제주특별자치도 제주시 이호이동,경상사고,0,0,1,0,차대차 - 추돌,안전운전불이행,건조,맑음,교차로 - 교차로부근,승용,남,60세,상해없음,승용,남,52세,경상
2020020300100166,2020년 2월 3일 10시,월요일,제주특별자치도 제주시 구좌읍,중상사고,0,1,2,0,차대차 - 측면충돌,교차로운행방법위반,건조,맑음,교차로 - 교차로안,화물,남,65세,상해없음,승합,여,62세,경상
2020020300100252,2020년 2월 3일 12시,월요일,제주특별자치도 제주시 이도이동,경상사고,0,0,2,0,차대차 - 측면충돌,안전운전불이행,건조,맑음,교차로 - 교차로부근,승용,남,56세,기타불명,승용,남,44세,경상
2020020300100388,2020년 2월 3일 16시,월요일,제주특별자치도 제주시 노형동,경상사고,0,0,2,0,차대차 - 기타,안전운전불이행,건조,맑음,교차로 - 교차로부근,승용,남,39세,기타불명,화물,남,62세,경상
2020020300100466,2020년 2월 3일 18시,월요일,제주특별자치도 제주시 화북이동,경상사고,0,0,2,0,차대차 - 추돌,안전운전불이행,건조,맑음,단일로 - 기타,승용,남,47세,상해없음,승용,남,19세,상해없음
2020020300100467,2020년 2월 3일 18시,월요일,제주특별자치도 서귀포시 강정동,중상사고,0,1,0,0,차대차 - 기타,직진우회전진행방해,건조,맑음,교차로 - 교차로안,승용,여,27세,상해없음,이륜,남,35세,중상
2020020300100499,2020년 2월 3일 19시,월요일,제주특별자치도 제주시 도련일동,중상사고,0,1,0,0,차대사람 - 차도통행중,안전운전불이행,건조,맑음,단일로 - 기타,화물,남,56세,상해없음,보행자,남,58세,중상
2020020300100500,2020년 2월 3일 19시,월요일,제주특별자치도 제주시 이도이동,경상사고,0,0,1,0,차대차 - 기타,안전거리미확보,건조,맑음,단일로 - 기타,승용,여,63세,상해없음,승용,남,45세,경상
2020020300100501,2020년 2월 3일 19시,월요일,제주특별자치도 제주시 한림읍,중상사고,0,1,0,0,차대차 - 기타,신호위반,건조,맑음,교차로 - 교차로안,승용,여,22세,상해없음,승용,여,53세,중상
2020020400100044,2020년 2월 4일 06시,화요일,제주특별자치도 제주시 일도이동,경상사고,0,0,1,0,차대차 - 정면충돌,중앙선침범,건조,맑음,단일로 - 기타,승용,남,38세,경상,화물,남,48세,상해없음
2020020400100076,2020년 2월 4일 07시,화요일,제주특별자치도 제주시 일도이동,경상사고,0,0,1,0,차량단독 - 기타,안전운전불이행,건조,맑음,단일로 - 기타,승용,남,63세,상해없음,,,,
2020020400100077,2020년 2월 4일 07시,화요일,제주특별자치도 제주시 노형동,경상사고,0,0,1,0,차대차 - 추돌,안전거리미확보,건조,맑음,단일로 - 기타,화물,남,43세,상해없음,승용,남,55세,경상
2020020400100142,2020년 2월 4일 09시,화요일,제주특별자치도 제주시 건입동,경상사고,0,0,1,0,차대차 - 측면충돌,신호위반,건조,맑음,교차로 - 교차로안,승용,여,47세,상해없음,승용,여,58세,경상
2020020400100295,2020년 2월 4일 14시,화요일,제주특별자치도 제주시 봉개동,경상사고,0,0,1,0,차대차 - 기타,안전거리미확보,건조,맑음,교차로 - 교차로부근,화물,남,27세,상해없음,승용,남,33세,경상
2020020400100296,2020년 2월 4일 14시,화요일,제주특별자치도 제주시 이도일동,경상사고,0,0,2,0,차대차 - 측면충돌,차로위반,기타,맑음,교차로 - 교차로부근,승용,남,55세,상해없음,화물,남,39세,경상
2020020400100297,2020년 2월 4일 14시,화요일,제주특별자치도 제주시 조천읍,중상사고,0,1,0,0,차대차 - 추돌,안전거리미확보,건조,맑음,교차로 - 교차로안,승용,남,45세,상해없음,화물,남,54세,중상
2020020400100367,2020년 2월 4일 16시,화요일,제주특별자치도 제주시 일도이동,경상사고,0,0,1,0,차대사람 - 기타,안전운전불이행,건조,맑음,단일로 - 기타,승용,남,42세,상해없음,보행자,남,7세,경상
2020020400100414,2020년 2월 4일 17시,화요일,제주특별자치도 제주시 연동,경상사고,0,0,4,0,차대차 - 기타,교차로운행방법위반,건조,맑음,교차로 - 교차로안,승용,남,58세,상해없음,승용,남,21세,경상
2020020400100472,2020년 2월 4일 18시,화요일,제주특별자치도 제주시 일도이동,경상사고,0,0,1,0,차대차 - 기타,안전거리미확보,건조,맑음,단일로 - 기타,승용,남,24세,상해없음,승용,여,40세,경상
2020020400100473,2020년 2월 4일 18시,화요일,제주특별자치도 서귀포시 동홍동,경상사고,0,0,1,0,차대차 - 추돌,안전운전불이행,건조,맑음,단일로 - 기타,화물,남,56세,상해없음,승용,여,45세,경상
2020020400100565,2020년 2월 4일 20시,화요일,제주특별자치도 제주시 이도이동,중상사고,0,1,0,0,차대사람 - 기타,안전운전불이행,건조,맑음,교차로 - 교차로안,승용,남,62세,상해없음,보행자,여,21세,중상
2020020400100599,2020년 2월 4일 21시,화요일,제주특별자치도 서귀포시 호근동,부상신고사고,0,0,0,1,차대차 - 정면충돌,안전운전불이행,건조,맑음,교차로 - 교차로부근,승용,남,33세,부상신고,승용,여,54세,기타불명
2020020400100627,2020년 2월 4일 22시,화요일,제주특별자치도 서귀포시 성산읍,중상사고,0,1,0,0,차대사람 - 횡단중,보행자보호의무위반,건조,맑음,교차로 - 교차로횡단보도내,승용,남,20세,상해없음,보행자,여,19세,중상
2020020500100032,2020년 2월 5일 02시,수요일,제주특별자치도 제주시 연동,경상사고,0,0,1,0,차대차 - 측면충돌,안전운전불이행,건조,기타,단일로 - 기타,이륜,남,38세,경상,승용,여,53세,상해없음
2020020500100117,2020년 2월 5일 08시,수요일,제주특별자치도 서귀포시 표선면,경상사고,0,0,1,0,차대차 - 기타,신호위반,건조,맑음,교차로 - 교차로안,승합,남,26세,상해없음,화물,남,54세,상해없음
2020020500100297,2020년 2월 5일 13시,수요일,제주특별자치도 제주시 용담이동,경상사고,0,0,1,0,차대차 - 측면충돌,안전운전불이행,건조,맑음,교차로 - 교차로횡단보도내,승용,남,23세,상해없음,자전거,남,51세,경상
2020020500100495,2020년 2월 5일 18시,수요일,제주특별자치도 서귀포시 법환동,중상사고,0,1,0,0,차대차 - 측면충돌,차로위반,건조,맑음,단일로 - 기타,승용,남,71세,상해없음,화물,남,42세,상해없음
2020020500100558,2020년 2월 5일 19시,수요일,제주특별자치도 제주시 연동,경상사고,0,0,1,0,차대사람 - 횡단중,보행자보호의무위반,건조,맑음,교차로 - 교차로횡단보도내,이륜,남,39세,상해없음,보행자,남,13세,경상
2020020600100073,2020년 2월 6일 06시,목요일,제주특별자치도 제주시 이도일동,경상사고,0,0,1,0,차대사람 - 횡단중,안전운전불이행,건조,맑음,단일로 - 기타,승용,남,60세,상해없음,보행자,여,77세,경상
2020020600100169,2020년 2월 6일 09시,목요일,제주특별자치도 서귀포시 호근동,경상사고,0,0,2,0,차대차 - 정면충돌,중앙선침범,건조,맑음,단일로 - 기타,승용,여,33세,경상,승용,남,46세,경상
2020020600100170,2020년 2월 6일 09시,목요일,제주특별자치도 서귀포시 동홍동,중상사고,0,1,2,0,차대차 - 기타,안전운전불이행,건조,맑음,단일로 - 기타,승용,남,57세,상해없음,특수,남,55세,경상
2020020600100240,2020년 2월 6일 11시,목요일,제주특별자치도 제주시 구좌읍,경상사고,0,0,2,0,차대차 - 측면충돌,안전운전불이행,건조,맑음,단일로 - 기타,화물,남,72세,상해없음,승용,남,29세,경상
2020020600100241,2020년 2월 6일 11시,목요일,제주특별자치도 제주시 도련일동,경상사고,0,0,1,0,차대사람 - 횡단중,보행자보호의무위반,건조,맑음,교차로 - 교차로안,승용,여,39세,상해없음,보행자,여,11세,경상
2020020600100242,2020년 2월 6일 11시,목요일,제주특별자치도 제주시 조천읍,경상사고,0,0,1,0,차대차 - 측면충돌,안전운전불이행,건조,맑음,단일로 - 기타,화물,남,65세,상해없음,승용,남,46세,경상
2020020600100342,2020년 2월 6일 14시,목요일,제주특별자치도 제주시 이도이동,경상사고,0,0,1,0,차대사람 - 차도통행중,안전운전불이행,건조,맑음,단일로 - 기타,승용,남,58세,상해없음,보행자,여,22세,경상
2020020600100478,2020년 2월 6일 18시,목요일,제주특별자치도 제주시 삼도일동,중상사고,0,1,0,0,차대사람 - 횡단중,보행자보호의무위반,건조,맑음,단일로 - 기타,승용,남,39세,상해없음,보행자,여,58세,중상
2020020600100479,2020년 2월 6일 18시,목요일,제주특별자치도 제주시 애월읍,중상사고,0,1,0,0,차대차 - 측면충돌,안전운전불이행,건조,맑음,단일로 - 기타,승용,남,43세,상해없음,자전거,남,29세,중상
2020020600100555,2020년 2월 6일 20시,목요일,제주특별자치도 제주시 연동,경상사고,0,0,1,0,차대사람 - 기타,안전운전불이행,건조,맑음,단일로 - 기타,승용,여,26세,상해없음,보행자,남,51세,경상
2020020600100589,2020년 2월 6일 21시,목요일,제주특별자치도 서귀포시 색달동,부상신고사고,0,0,0,1,차대차 - 측면충돌,불법유턴,건조,맑음,단일로 - 기타,이륜,남,20세,부상신고,승용,남,29세,상해없음
2020020700100009,2020년 2월 7일 00시,금요일,제주특별자치도 제주시 연동,경상사고,0,0,1,0,차대차 - 측면충돌,안전운전불이행,건조,맑음,교차로 - 교차로부근,승용,남,57세,상해없음,승용,남,48세,상해없음
2020020700100077,2020년 2월 7일 06시,금요일,제주특별자치도 서귀포시 중문동,경상사고,0,0,1,0,차대차 - 후진중충돌,안전운전불이행,건조,맑음,교차로 - 교차로부근,화물,남,19세,상해없음,승합,남,52세,경상
2020020700100264,2020년 2월 7일 12시,금요일,제주특별자치도 제주시 조천읍,경상사고,0,0,1,0,차대차 - 측면충돌,신호위반,건조,맑음,교차로 - 교차로안,승합,남,52세,상해없음,사륜오토바이(ATV),남,80세,경상
2020020700100320,2020년 2월 7일 14시,금요일,제주특별자치도 제주시 아라일동,경상사고,0,0,2,0,차대차 - 기타,안전운전불이행,건조,맑음,교차로 - 교차로안,승용,남,71세,상해없음,승용,남,32세,경상
2020020700100648,2020년 2월 7일 21시,금요일,제주특별자치도 서귀포시 안덕면,경상사고,0,0,2,0,차대차 - 기타,안전운전불이행,건조,맑음,교차로 - 교차로안,화물,남,40세,상해없음,화물,남,35세,경상
2020020800100033,2020년 2월 8일 01시,토요일,제주특별자치도 제주시 건입동,경상사고,0,0,1,0,차대차 - 추돌,안전운전불이행,건조,맑음,교차로 - 교차로부근,승용,남,38세,상해없음,승용,남,64세,상해없음
2020020800100098,2020년 2월 8일 06시,토요일,제주특별자치도 서귀포시 표선면,사망사고,1,0,0,0,차대사람 - 차도통행중,안전운전불이행,건조,맑음,단일로 - 기타,승용,남,67세,상해없음,보행자,남,67세,사망
2020020800100099,2020년 2월 8일 06시,토요일,제주특별자치도 제주시 애월읍,중상사고,0,2,1,0,차대차 - 추돌,안전거리미확보,건조,맑음,단일로 - 기타,승용,여,32세,상해없음,승용,남,54세,중상
2020020800100147,2020년 2월 8일 09시,토요일,제주특별자치도 서귀포시 대정읍,중상사고,0,1,0,0,차량단독 - 기타,기타,건조,흐림,기타 - 기타,이륜,남,62세,중상,,,,
2020020800100232,2020년 2월 8일 12시,토요일,제주특별자치도 제주시 도남동,중상사고,0,1,0,0,차대사람 - 차도통행중,안전운전불이행,건조,맑음,단일로 - 기타,승합,여,32세,상해없음,보행자,남,81세,중상
2020020800100233,2020년 2월 8일 12시,토요일,제주특별자치도 서귀포시 남원읍,경상사고,0,0,1,0,차대차 - 기타,불법유턴,건조,맑음,단일로 - 기타,승용,여,29세,상해없음,승용,남,51세,경상
2020020800100414,2020년 2월 8일 18시,토요일,제주특별자치도 제주시 건입동,경상사고,0,0,1,0,차대차 - 측면충돌,차로위반,건조,맑음,교차로 - 교차로부근,승용,여,32세,상해없음,이륜,남,39세,경상
2020020800100415,2020년 2월 8일 18시,토요일,제주특별자치도 제주시 노형동,중상사고,0,1,0,0,차대사람 - 횡단중,보행자보호의무위반,건조,맑음,단일로 - 기타,승용,남,55세,상해없음,보행자,여,52세,중상
2020020800100416,2020년 2월 8일 18시,토요일,제주특별자치도 제주시 애월읍,경상사고,0,0,1,0,차대차 - 기타,안전거리미확보,건조,맑음,단일로 - 기타,승용,여,41세,상해없음,승용,여,58세,경상
2020020800100457,2020년 2월 8일 19시,토요일,제주특별자치도 제주시 연동,경상사고,0,0,1,0,차대차 - 기타,안전운전불이행,건조,맑음,교차로 - 교차로안,원동기,여,45세,상해없음,이륜,남,35세,경상
2020020900100218,2020년 2월 9일 14시,일요일,제주특별자치도 서귀포시 동홍동,중상사고,0,1,0,0,차대사람 - 기타,안전운전불이행,건조,맑음,주차장 - 주차장,승용,남,74세,상해없음,보행자,여,55세,중상
2020021000100217,2020년 2월 10일 10시,월요일,제주특별자치도 제주시 삼도일동,경상사고,0,0,1,0,차대사람 - 보도통행중,보행자보호의무위반,건조,맑음,교차로 - 교차로횡단보도내,승용,남,66세,상해없음,보행자,여,7세,경상
2020021000100248,2020년 2월 10일 11시,월요일,제주특별자치도 제주시 오라일동,경상사고,0,0,2,0,차대차 - 기타,안전거리미확보,건조,맑음,단일로 - 기타,승용,여,39세,상해없음,승용,남,56세,경상
2020021000100249,2020년 2월 10일 11시,월요일,제주특별자치도 서귀포시 강정동,중상사고,0,1,0,0,차대차 - 측면충돌,안전운전불이행,건조,맑음,단일로 - 기타,화물,남,40세,상해없음,원동기,남,58세,중상
2020021000100343,2020년 2월 10일 14시,월요일,제주특별자치도 제주시 삼도이동,중상사고,0,1,2,0,차대사람 - 차도통행중,보행자보호의무위반,건조,맑음,단일로 - 기타,승용,남,76세,상해없음,보행자,여,58세,중상
2020021000100375,2020년 2월 10일 15시,월요일,제주특별자치도 제주시 일도이동,경상사고,0,0,1,0,차대차 - 추돌,안전운전불이행,건조,맑음,단일로 - 기타,승용,남,59세,기타불명,이륜,남,19세,경상
2020021000100376,2020년 2월 10일 15시,월요일,제주특별자치도 제주시 애월읍,부상신고사고,0,0,0,1,차량단독 - 기타,안전운전불이행,건조,맑음,단일로 - 기타,화물,남,38세,부상신고,,,,
2020021000100449,2020년 2월 10일 17시,월요일,제주특별자치도 제주시 화북이동,경상사고,0,0,1,0,차대차 - 기타,안전운전불이행,건조,맑음,단일로 - 기타,이륜,남,36세,경상,승용,남,60세,상해없음
2020021000100450,2020년 2월 10일 17시,월요일,제주특별자치도 서귀포시 강정동,경상사고,0,0,1,0,차대차 - 측면충돌,안전운전불이행,건조,맑음,단일로 - 교량,화물,남,40세,기타불명,화물,남,38세,경상
2020021000100502,2020년 2월 10일 18시,월요일,제주특별자치도 제주시 이도일동,중상사고,0,1,0,0,차대차 - 측면충돌,신호위반,건조,맑음,교차로 - 교차로부근,승용,여,59세,상해없음,이륜,남,27세,중상
2020021000100543,2020년 2월 10일 19시,월요일,제주특별자치도 제주시 용담이동,경상사고,0,0,3,0,차대차 - 기타,안전거리미확보,건조,맑음,단일로 - 기타,승용,남,55세,상해없음,승용,여,27세,경상
2020021000100605,2020년 2월 10일 21시,월요일,제주특별자치도 제주시 아라이동,중상사고,0,1,0,0,차대차 - 측면충돌,신호위반,건조,맑음,교차로 - 교차로안,이륜,남,19세,중상,승합,남,56세,상해없음
2020021000100606,2020년 2월 10일 21시,월요일,제주특별자치도 제주시 한림읍,경상사고,0,0,1,0,차대차 - 후진중충돌,안전운전불이행,건조,맑음,단일로 - 기타,화물,남,45세,상해없음,승용,여,42세,경상
2020021100100008,2020년 2월 11일 00시,화요일,제주특별자치도 제주시 이도이동,경상사고,0,0,2,0,차대차 - 기타,안전운전불이행,건조,맑음,교차로 - 교차로부근,승용,남,41세,상해없음,승용,남,64세,경상
2020021100100032,2020년 2월 11일 02시,화요일,제주특별자치도 제주시 이도이동,경상사고,0,0,1,0,차대차 - 측면충돌,안전거리미확보,건조,맑음,단일로 - 기타,승용,남,22세,상해없음,승용,남,51세,상해없음
2020021100100043,2020년 2월 11일 04시,화요일,제주특별자치도 제주시 이도이동,경상사고,0,0,1,0,차대사람 - 보도통행중,안전운전불이행,건조,맑음,단일로 - 기타,승용,여,38세,상해없음,보행자,남,24세,경상
2020021100100044,2020년 2월 11일 04시,화요일,제주특별자치도 제주시 이도일동,경상사고,0,0,1,0,차대사람 - 횡단중,안전운전불이행,건조,맑음,단일로 - 기타,승용,남,57세,상해없음,보행자,남,77세,경상
2020021100100045,2020년 2월 11일 04시,화요일,제주특별자치도 제주시 연동,경상사고,0,0,1,0,차량단독 - 공작물충돌,안전운전불이행,건조,맑음,교차로 - 교차로안,승용,여,23세,경상,,,,
2020021100100099,2020년 2월 11일 07시,화요일,제주특별자치도 제주시 구좌읍,경상사고,0,0,1,0,차대차 - 추돌,안전운전불이행,건조,맑음,교차로 - 교차로부근,승용,남,28세,상해없음,화물,남,45세,경상
2020021100100123,2020년 2월 11일 08시,화요일,제주특별자치도 제주시 연동,경상사고,0,0,3,0,차대차 - 기타,직진우회전진행방해,건조,맑음,교차로 - 교차로안,승용,남,62세,경상,승용,남,49세,경상
2020021100100247,2020년 2월 11일 12시,화요일,제주특별자치도 서귀포시 서귀동,경상사고,0,0,3,0,차대차 - 측면충돌,직진우회전진행방해,건조,맑음,교차로 - 교차로안,승용,남,24세,경상,승용,여,33세,경상
2020021100100357,2020년 2월 11일 15시,화요일,제주특별자치도 서귀포시 남원읍,경상사고,0,0,1,1,차대차 - 측면충돌,안전운전불이행,건조,맑음,단일로 - 기타,화물,남,33세,부상신고,화물,남,30세,경상
2020021100100418,2020년 2월 11일 17시,화요일,제주특별자치도 제주시 이호일동,경상사고,0,0,1,0,차대차 - 측면충돌,안전거리미확보,건조,맑음,단일로 - 기타,승용,여,32세,상해없음,승용,남,36세,경상
2020021100100463,2020년 2월 11일 18시,화요일,제주특별자치도 제주시 화북이동,경상사고,0,0,2,0,차대차 - 기타,안전운전불이행,건조,맑음,단일로 - 기타,승용,남,30세,상해없음,승용,여,36세,경상
2020021100100505,2020년 2월 11일 19시,화요일,제주특별자치도 제주시 용담일동,경상사고,0,0,1,0,차대사람 - 기타,안전운전불이행,건조,맑음,단일로 - 기타,화물,남,25세,상해없음,보행자,여,31세,경상
2020021100100544,2020년 2월 11일 20시,화요일,제주특별자치도 제주시 건입동,중상사고,0,1,0,0,차대차 - 정면충돌,신호위반,건조,맑음,교차로 - 교차로안,승용,여,62세,상해없음,승용,여,49세,중상
2020021100100579,2020년 2월 11일 21시,화요일,제주특별자치도 제주시 연동,경상사고,0,0,2,0,차대차 - 정면충돌,직진우회전진행방해,젖음/습기,비,교차로 - 교차로안,승용,남,49세,상해없음,승용,남,50세,경상
2020021200100019,2020년 2월 12일 01시,수요일,제주특별자치도 서귀포시 호근동,중상사고,0,1,0,0,차대차 - 측면충돌,직진우회전진행방해,젖음/습기,비,교차로 - 교차로안,승용,남,57세,상해없음,이륜,남,33세,중상
2020021200100032,2020년 2월 12일 02시,수요일,제주특별자치도 제주시 애월읍,경상사고,0,0,2,0,차량단독 - 기타,안전운전불이행,건조,흐림,단일로 - 기타,승용,남,35세,상해없음,,,,
2020021200100100,2020년 2월 12일 07시,수요일,제주특별자치도 제주시 이도이동,중상사고,0,1,1,0,차대차 - 측면충돌,신호위반,젖음/습기,비,교차로 - 교차로안,승용,남,50세,중상,화물,여,68세,경상
2020021200100138,2020년 2월 12일 08시,수요일,제주특별자치도 제주시 이호이동,경상사고,0,0,3,0,차대차 - 측면충돌,신호위반,건조,흐림,교차로 - 교차로안,승용,남,61세,경상,승용,남,36세,경상
2020021200100191,2020년 2월 12일 10시,수요일,제주특별자치도 제주시 삼양이동,경상사고,0,0,1,0,차대차 - 후진중충돌,안전운전불이행,젖음/습기,비,교차로 - 교차로안,승용,여,48세,상해없음,승용,여,32세,경상
2020021200100244,2020년 2월 12일 12시,수요일,제주특별자치도 제주시 도남동,경상사고,0,0,1,0,차대차 - 추돌,안전거리미확보,건조,맑음,단일로 - 기타,기타불명,기타불명,미분류,기타불명,승용,남,39세,경상
2020021200100278,2020년 2월 12일 13시,수요일,제주특별자치도 제주시 도련일동,경상사고,0,0,2,0,차대차 - 기타,차로위반,건조,맑음,단일로 - 기타,승용,여,49세,상해없음,승용,여,28세,경상
2020021200100279,2020년 2월 12일 13시,수요일,제주특별자치도 서귀포시 서귀동,중상사고,0,1,1,0,차대차 - 추돌,안전운전불이행,젖음/습기,비,단일로 - 기타,승용,남,57세,상해없음,승용,여,37세,경상
2020021200100370,2020년 2월 12일 16시,수요일,제주특별자치도 서귀포시 토평동,경상사고,0,0,2,0,차대차 - 추돌,안전운전불이행,건조,맑음,단일로 - 기타,승용,여,46세,상해없음,승용,여,53세,경상
2020021200100402,2020년 2월 12일 17시,수요일,제주특별자치도 제주시 용담일동,중상사고,0,1,2,0,차대차 - 측면충돌,교차로운행방법위반,건조,맑음,교차로 - 교차로안,승용,남,52세,기타불명,승용,남,41세,중상
2020021200100403,2020년 2월 12일 17시,수요일,제주특별자치도 제주시 노형동,중상사고,0,1,0,0,차대사람 - 횡단중,신호위반,건조,흐림,교차로 - 교차로횡단보도내,승용,여,46세,상해없음,보행자,여,50세,중상
2020021200100450,2020년 2월 12일 18시,수요일,제주특별자치도 제주시 삼도일동,중상사고,0,1,0,0,차대사람 - 보도통행중,안전운전불이행,건조,맑음,단일로 - 기타,승용,남,72세,상해없음,보행자,남,36세,중상
2020021200100451,2020년 2월 12일 18시,수요일,제주특별자치도 제주시 삼도이동,경상사고,0,0,1,0,차대사람 - 기타,안전운전불이행,건조,맑음,교차로 - 교차로안,승합,여,51세,상해없음,보행자,남,64세,경상
2020021200100452,2020년 2월 12일 18시,수요일,제주특별자치도 제주시 이도이동,중상사고,0,1,0,0,차대사람 - 기타,안전운전불이행,건조,맑음,단일로 - 기타,승용,여,62세,상해없음,보행자,여,21세,중상
2020021200100507,2020년 2월 12일 19시,수요일,제주특별자치도 서귀포시 안덕면,경상사고,0,0,1,0,차대차 - 기타,기타,건조,맑음,단일로 - 기타,화물,남,38세,상해없음,승합,여,60세,경상
2020021200100552,2020년 2월 12일 20시,수요일,제주특별자치도 제주시 도남동,경상사고,0,0,1,0,차대차 - 추돌,안전운전불이행,건조,맑음,단일로 - 기타,승합,여,39세,상해없음,승용,여,57세,경상
2020021200100595,2020년 2월 12일 21시,수요일,제주특별자치도 제주시 삼도이동,경상사고,0,0,1,0,차대사람 - 기타,안전운전불이행,건조,흐림,단일로 - 기타,승용,남,50세,상해없음,보행자,남,11세,경상
2020021200100596,2020년 2월 12일 21시,수요일,제주특별자치도 제주시 노형동,경상사고,0,0,1,0,차대사람 - 횡단중,안전운전불이행,건조,맑음,교차로 - 교차로횡단보도내,승용,남,62세,상해없음,보행자,여,65세,경상
2020021200100640,2020년 2월 12일 23시,수요일,제주특별자치도 서귀포시 성산읍,부상신고사고,0,0,0,1,차대사람 - 차도통행중,안전운전불이행,건조,맑음,교차로 - 교차로안,승용,여,32세,상해없음,보행자,남,57세,부상신고
2020021300100009,2020년 2월 13일 00시,목요일,제주특별자치도 제주시 이도이동,경상사고,0,0,2,0,차대차 - 측면충돌,신호위반,건조,맑음,교차로 - 교차로안,승용,남,50세,경상,승용,남,35세,경상
2020021300100076,2020년 2월 13일 07시,목요일,제주특별자치도 제주시 오라일동,중상사고,0,1,0,0,차대사람 - 기타,안전운전불이행,건조,맑음,교차로 - 교차로부근,승용,남,47세,상해없음,보행자,남,58세,중상
2020021300100348,2020년 2월 13일 16시,목요일,제주특별자치도 서귀포시 서호동,중상사고,0,1,0,0,차대사람 - 횡단중,신호위반,건조,맑음,단일로 - 기타,승합,남,76세,상해없음,보행자,여,72세,중상
2020021300100395,2020년 2월 13일 17시,목요일,제주특별자치도 제주시 도남동,경상사고,0,0,1,0,차대차 - 측면충돌,안전운전불이행,건조,맑음,단일로 - 기타,화물,남,51세,상해없음,승용,남,20세,경상
2020021300100396,2020년 2월 13일 17시,목요일,제주특별자치도 제주시 한경면,경상사고,0,0,1,0,차량단독 - 공작물충돌,안전운전불이행,건조,맑음,단일로 - 기타,화물,남,44세,경상,,,,
2020021300100443,2020년 2월 13일 18시,목요일,제주특별자치도 서귀포시 서홍동,경상사고,0,0,1,0,차대차 - 측면충돌,안전운전불이행,건조,맑음,단일로 - 기타,승용,남,62세,상해없음,승용,여,37세,경상
2020021300100571,2020년 2월 13일 21시,목요일,제주특별자치도 제주시 연동,경상사고,0,0,1,0,차대사람 - 길가장자리구역통행중,안전운전불이행,건조,맑음,단일로 - 기타,승용,남,35세,상해없음,보행자,남,39세,경상
2020021300100607,2020년 2월 13일 22시,목요일,제주특별자치도 서귀포시 안덕면,경상사고,0,0,3,0,차대차 - 측면충돌,기타,건조,맑음,단일로 - 기타,화물,남,53세,상해없음,승용,남,50세,경상
2020021400100117,2020년 2월 14일 08시,금요일,제주특별자치도 서귀포시 강정동,경상사고,0,0,1,0,차대차 - 측면충돌,직진우회전진행방해,건조,맑음,교차로 - 교차로안,승용,여,28세,상해없음,승용,여,48세,경상
2020021400100208,2020년 2월 14일 11시,금요일,제주특별자치도 제주시 연동,경상사고,0,0,1,0,차대차 - 기타,직진우회전진행방해,건조,맑음,교차로 - 교차로안,승용,여,69세,경상,화물,남,64세,상해없음
2020021400100274,2020년 2월 14일 13시,금요일,제주특별자치도 제주시 한림읍,부상신고사고,0,0,0,2,차대차 - 측면충돌,직진우회전진행방해,건조,맑음,교차로 - 교차로안,화물,남,28세,부상신고,승용,남,43세,부상신고
2020021400100389,2020년 2월 14일 16시,금요일,제주특별자치도 제주시 노형동,경상사고,0,0,2,1,차대차 - 기타,안전거리미확보,건조,맑음,교차로 - 교차로부근,승용,남,71세,부상신고,승용,여,43세,상해없음