사고번호,사고일시,요일,시군구,사고내용,사망자수,중상자수,경상자수,부상신고자수,사고유형,법규위반,노면상태,기상상태,도로형태,가해운전자 차종,가해운전자 성별,가해운전자 연령,가해운전자 상해정도,피해운전자 차종,피해운전자 성별,피해운전자 연령,피해운전자 상해정도
2020021400100435,2020년 2월 14일 17시,금요일,제주특별자치도 제주시 화북일동,경상사고,0,0,1,0,차대차 - 기타,안전운전불이행,건조,맑음,단일로 - 기타,승합,남,36세,경상,화물,남,59세,상해없음
2020021400100436,2020년 2월 14일 17시,금요일,제주특별자치도 서귀포시 대정읍,중상사고,0,1,0,0,차량단독 - 기타,안전운전불이행,건조,맑음,단일로 - 기타,이륜,남,18세,중상,,,,
2020021400100572,2020년 2월 14일 20시,금요일,제주특별자치도 제주시 연동,경상사고,0,0,1,0,차대사람 - 차도통행중,안전운전불이행,건조,맑음,단일로 - 기타,승용,남,47세,상해없음,보행자,남,39세,경상
2020021400100661,2020년 2월 14일 23시,금요일,제주특별자치도 제주시 연동,경상사고,0,0,2,0,차대차 - 기타,중앙선침범,건조,맑음,교차로 - 교차로부근,승용,남,26세,상해없음,승용,남,23세,경상
2020021500100085,2020년 2월 15일 05시,토요일,제주특별자치도 제주시 이도일동,경상사고,0,0,1,0,차대사람 - 기타,신호위반,건조,맑음,단일로 - 기타,이륜,남,46세,상해없음,보행자,여,52세,경상
2020021500100119,2020년 2월 15일 08시,토요일,제주특별자치도 제주시 한경면,부상신고사고,0,0,0,1,차대차 - 추돌,기타,건조,맑음,교차로 - 교차로안,화물,남,39세,상해없음,승용,여,50세,부상신고
2020021500100163,2020년 2월 15일 10시,토요일,제주특별자치도 제주시 도남동,경상사고,0,0,1,0,차대차 - 기타,안전운전불이행,건조,맑음,교차로 - 교차로부근,승용,남,29세,상해없음,승용,여,28세,상해없음
2020021500100349,2020년 2월 15일 16시,토요일,제주특별자치도 제주시 조천읍,경상사고,0,0,1,0,차대차 - 추돌,안전운전불이행,건조,맑음,교차로 - 교차로부근,화물,남,63세,상해없음,승용,여,40세,경상
2020021500100350,2020년 2월 15일 16시,토요일,제주특별자치도 제주시 애월읍,중상사고,0,1,2,0,차대차 - 후진중충돌,안전거리미확보,건조,맑음,단일로 - 기타,승용,여,40세,중상,승용,여,52세,경상
2020021500100433,2020년 2월 15일 18시,토요일,제주특별자치도 서귀포시 표선면,경상사고,0,0,1,0,차대차 - 측면충돌,안전운전불이행,건조,맑음,단일로 - 기타,승합,남,55세,상해없음,승용,남,45세,경상
2020021500100434,2020년 2월 15일 18시,토요일,제주특별자치도 서귀포시 법환동,경상사고,0,0,2,0,차대차 - 측면충돌,직진우회전진행방해,건조,맑음,단일로 - 기타,승용,남,66세,상해없음,화물,남,29세,경상
2020021500100466,2020년 2월 15일 19시,토요일,제주특별자치도 서귀포시 서홍동,경상사고,0,0,1,0,차대차 - 측면충돌,안전운전불이행,건조,맑음,단일로 - 지하차도(도로)내,승용,남,48세,상해없음,승합,여,70세,경상
2020021500100467,2020년 2월 15일 19시,토요일,제주특별자치도 제주시 노형동,경상사고,0,0,1,0,차대사람 - 횡단중,보행자보호의무위반,건조,맑음,교차로 - 교차로안,승용,남,59세,상해없음,보행자,여,18세,경상
2020021600100066,2020년 2월 16일 02시,일요일,제주특별자치도 제주시 연동,경상사고,0,0,1,0,차량단독 - 공작물충돌,안전운전불이행,젖음/습기,비,단일로 - 기타,승용,남,40세,경상,,,,
2020021600100084,2020년 2월 16일 03시,일요일,제주특별자치도 제주시 연동,경상사고,0,0,1,0,차대사람 - 차도통행중,안전운전불이행,젖음/습기,비,단일로 - 기타,승용,남,23세,기타불명,보행자,남,25세,경상
2020021600100099,2020년 2월 16일 04시,일요일,제주특별자치도 제주시 한림읍,경상사고,0,0,1,0,차량단독 - 공작물충돌,안전운전불이행,젖음/습기,비,단일로 - 기타,승용,여,22세,상해없음,,,,
2020021600100156,2020년 2월 16일 09시,일요일,제주특별자치도 제주시 노형동,경상사고,0,0,1,0,차대차 - 기타,직진우회전진행방해,건조,맑음,교차로 - 교차로안,승용,남,58세,상해없음,이륜,남,40세,경상
2020021600100212,2020년 2월 16일 12시,일요일,제주특별자치도 제주시 구좌읍,경상사고,0,0,2,0,차대차 - 측면충돌,안전운전불이행,건조,맑음,단일로 - 기타,승용,남,31세,상해없음,승용,여,28세,경상
2020021600100345,2020년 2월 16일 17시,일요일,제주특별자치도 서귀포시 서귀동,경상사고,0,0,3,0,차대차 - 측면충돌,직진우회전진행방해,건조,맑음,교차로 - 교차로안,승용,남,32세,경상,승용,남,30세,경상
2020021600100412,2020년 2월 16일 19시,일요일,제주특별자치도 제주시 노형동,경상사고,0,0,1,0,차대차 - 정면충돌,신호위반,건조,맑음,교차로 - 교차로안,이륜,남,38세,상해없음,승용,남,58세,경상
2020021600100480,2020년 2월 16일 22시,일요일,제주특별자치도 제주시 이도이동,경상사고,0,0,1,0,차대사람 - 횡단중,보행자보호의무위반,젖음/습기,흐림,교차로 - 교차로횡단보도내,승용,남,64세,상해없음,보행자,여,19세,경상
2020021600100481,2020년 2월 16일 22시,일요일,제주특별자치도 제주시 이도이동,경상사고,0,0,1,0,차대차 - 측면충돌,안전운전불이행,젖음/습기,눈,교차로 - 교차로안,승용,남,26세,상해없음,승용,남,59세,상해없음
2020021700100213,2020년 2월 17일 11시,월요일,제주특별자치도 서귀포시 하원동,부상신고사고,0,0,0,2,차대차 - 정면충돌,안전운전불이행,적설,눈,단일로 - 기타,승용,여,39세,상해없음,승용,남,50세,상해없음
2020021700100246,2020년 2월 17일 12시,월요일,제주특별자치도 제주시 구좌읍,경상사고,0,0,2,0,차대차 - 추돌,안전운전불이행,기타,눈,단일로 - 기타,승용,여,33세,상해없음,승용,남,33세,경상
2020021700100374,2020년 2월 17일 15시,월요일,제주특별자치도 제주시 구좌읍,중상사고,0,1,0,0,차대차 - 측면충돌,직진우회전진행방해,건조,맑음,교차로 - 교차로안,승용,남,60세,상해없음,원동기,남,58세,중상
2020021700100375,2020년 2월 17일 15시,월요일,제주특별자치도 제주시 조천읍,경상사고,0,0,1,0,차대차 - 추돌,안전거리미확보,적설,눈,단일로 - 기타,승용,여,45세,상해없음,승용,여,53세,경상
2020021700100503,2020년 2월 17일 18시,월요일,제주특별자치도 제주시 애월읍,중상사고,0,2,0,0,차대차 - 측면충돌,안전운전불이행,적설,눈,단일로 - 기타,승용,남,41세,상해없음,화물,여,59세,상해없음
2020021700100551,2020년 2월 17일 19시,월요일,제주특별자치도 제주시 해안동,부상신고사고,0,0,0,1,차대차 - 기타,안전거리미확보,서리/결빙,눈,단일로 - 기타,승용,여,56세,부상신고,승용,남,57세,상해없음
2020021700100602,2020년 2월 17일 20시,월요일,제주특별자치도 서귀포시 상예동,경상사고,0,0,2,0,차대차 - 추돌,안전운전불이행,서리/결빙,눈,단일로 - 기타,승용,남,42세,상해없음,승용,남,24세,경상
2020021700100603,2020년 2월 17일 20시,월요일,제주특별자치도 제주시 한림읍,경상사고,0,0,1,0,차대차 - 정면충돌,중앙선침범,젖음/습기,눈,교차로 - 교차로안,승용,여,62세,상해없음,승용,남,50세,경상
2020021700100640,2020년 2월 17일 21시,월요일,제주특별자치도 서귀포시 하원동,경상사고,0,0,1,0,차대차 - 측면충돌,안전운전불이행,서리/결빙,눈,단일로 - 기타,승용,남,28세,상해없음,승용,남,35세,경상
2020021700100641,2020년 2월 17일 21시,월요일,제주특별자치도 제주시 한림읍,부상신고사고,0,0,0,1,차량단독 - 기타,안전운전불이행,서리/결빙,눈,단일로 - 기타,승용,여,32세,부상신고,,,,
2020021700100670,2020년 2월 17일 22시,월요일,제주특별자치도 제주시 노형동,경상사고,0,0,1,0,차대차 - 기타,안전운전불이행,서리/결빙,눈,단일로 - 지하차도(도로)내,승용,남,45세,상해없음,승용,남,61세,기타불명
2020021800100132,2020년 2월 18일 08시,화요일,제주특별자치도 서귀포시 안덕면,경상사고,0,0,1,0,차대차 - 측면충돌,안전운전불이행,서리/결빙,눈,단일로 - 기타,승용,여,30세,경상,승용,여,53세,기타불명
2020021800100164,2020년 2월 18일 09시,화요일,제주특별자치도 제주시 화북이동,경상사고,0,0,2,0,차대차 - 측면충돌,신호위반,건조,맑음,교차로 - 교차로안,승용,여,38세,경상,승용,여,39세,경상
2020021800100165,2020년 2월 18일 09시,화요일,제주특별자치도 서귀포시 상예동,중상사고,0,1,0,0,차대차 - 정면충돌,중앙선침범,서리/결빙,눈,단일로 - 기타,승합,남,27세,상해없음,승용,남,28세,중상
2020021800100307,2020년 2월 18일 13시,화요일,제주특별자치도 서귀포시 서귀동,경상사고,0,0,1,0,차대사람 - 횡단중,보행자보호의무위반,건조,맑음,교차로 - 교차로횡단보도내,이륜,남,23세,상해없음,보행자,남,56세,경상
2020021800100352,2020년 2월 18일 14시,화요일,제주특별자치도 서귀포시 안덕면,경상사고,0,0,7,0,차량단독 - 공작물충돌,안전운전불이행,건조,맑음,단일로 - 기타,승용,여,54세,경상,,,,
2020021800100493,2020년 2월 18일 17시,화요일,제주특별자치도 서귀포시 남원읍,경상사고,0,0,1,0,차대차 - 기타,안전운전불이행,건조,맑음,교차로 - 교차로안,승용,여,53세,상해없음,이륜,여,79세,경상
2020021800100678,2020년 2월 18일 20시,화요일,제주특별자치도 서귀포시 안덕면,경상사고,0,0,1,0,차대차 - 측면충돌,안전운전불이행,건조,맑음,교차로 - 교차로안,승용,남,70세,상해없음,승용,남,30세,상해없음
2020021800100703,2020년 2월 18일 21시,화요일,제주특별자치도 제주시 용담이동,경상사고,0,0,1,0,차대차 - 추돌,안전운전불이행,건조,맑음,교차로 - 교차로부근,승용,남,46세,상해없음,승용,여,28세,경상
2020021900100227,2020년 2월 19일 11시,수요일,제주특별자치도 제주시 용담이동,경상사고,0,0,1,0,차대차 - 측면충돌,안전거리미확보,건조,맑음,교차로 - 교차로부근,화물,남,59세,상해없음,승용,여,38세,경상
2020021900100263,2020년 2월 19일 12시,수요일,제주특별자치도 서귀포시 표선면,경상사고,0,0,1,0,차대사람 - 횡단중,보행자보호의무위반,건조,맑음,교차로 - 교차로횡단보도내,승용,남,66세,상해없음,보행자,남,61세,경상
2020021900100295,2020년 2월 19일 13시,수요일,제주특별자치도 제주시 삼도이동,경상사고,0,0,1,0,차대차 - 측면충돌,신호위반,건조,맑음,교차로 - 교차로안,승용,남,24세,상해없음,승용,남,62세,경상
2020021900100296,2020년 2월 19일 13시,수요일,제주특별자치도 제주시 일도이동,경상사고,0,0,2,0,차대차 - 기타,신호위반,건조,맑음,교차로 - 교차로안,승용,여,61세,상해없음,승용,남,61세,경상
2020021900100424,2020년 2월 19일 16시,수요일,제주특별자치도 제주시 화북일동,경상사고,0,0,1,0,차대사람 - 횡단중,보행자보호의무위반,건조,맑음,단일로 - 기타,화물,남,42세,상해없음,보행자,남,37세,경상
2020021900100425,2020년 2월 19일 16시,수요일,제주특별자치도 제주시 도평동,중상사고,0,1,0,0,차대차 - 측면충돌,직진우회전진행방해,건조,맑음,교차로 - 교차로안,승용,여,44세,상해없음,이륜,남,33세,중상
2020021900100649,2020년 2월 19일 21시,수요일,제주특별자치도 제주시 삼도일동,경상사고,0,0,1,0,차대사람 - 기타,안전거리미확보,건조,맑음,단일로 - 기타,승합,남,42세,상해없음,보행자,여,58세,경상
2020022000100121,2020년 2월 20일 08시,목요일,제주특별자치도 제주시 연동,부상신고사고,0,0,0,2,차대차 - 정면충돌,직진우회전진행방해,건조,맑음,교차로 - 교차로안,이륜,남,20세,부상신고,승용,여,41세,부상신고
2020022000100199,2020년 2월 20일 10시,목요일,제주특별자치도 제주시 일도일동,경상사고,0,0,1,0,차대차 - 추돌,안전운전불이행,건조,맑음,단일로 - 기타,승용,남,54세,상해없음,승용,여,52세,경상
2020022000100200,2020년 2월 20일 10시,목요일,제주특별자치도 서귀포시 안덕면,경상사고,0,0,1,0,차대차 - 추돌,안전거리미확보,건조,맑음,단일로 - 기타,승용,남,22세,상해없음,화물,남,40세,경상
2020022000100227,2020년 2월 20일 11시,목요일,제주특별자치도 제주시 한림읍,경상사고,0,0,1,1,차대차 - 정면충돌,직진우회전진행방해,건조,맑음,교차로 - 교차로안,화물,여,61세,부상신고,승합,남,65세,경상
2020022000100265,2020년 2월 20일 12시,목요일,제주특별자치도 제주시 한림읍,중상사고,0,1,1,0,차대차 - 기타,중앙선침범,건조,맑음,단일로 - 기타,화물,남,47세,상해없음,화물,남,49세,중상
2020022000100339,2020년 2월 20일 14시,목요일,제주특별자치도 제주시 한경면,중상사고,0,1,0,1,차대차 - 정면충돌,중앙선침범,건조,맑음,교차로 - 교차로부근,승용,남,78세,부상신고,승용,여,44세,중상
2020022000100428,2020년 2월 20일 16시,목요일,제주특별자치도 서귀포시 서홍동,경상사고,0,0,1,0,차대차 - 추돌,안전운전불이행,건조,맑음,단일로 - 기타,승용,여,27세,상해없음,승용,여,33세,경상
2020022000100429,2020년 2월 20일 16시,목요일,제주특별자치도 서귀포시 색달동,중상사고,0,1,0,0,차대차 - 기타,교차로운행방법위반,건조,맑음,교차로 - 교차로부근,승용,남,59세,상해없음,승용,여,53세,중상
2020022000100464,2020년 2월 20일 17시,목요일,제주특별자치도 제주시 한림읍,중상사고,0,1,0,0,차량단독 - 공작물충돌,안전운전불이행,건조,맑음,단일로 - 기타,이륜,남,20세,중상,,,,
2020022000100521,2020년 2월 20일 18시,목요일,제주특별자치도 제주시 아라이동,경상사고,0,0,2,0,차대차 - 후진중충돌,중앙선침범,건조,맑음,단일로 - 기타,승용,여,81세,상해없음,승용,남,34세,경상
2020022000100522,2020년 2월 20일 18시,목요일,제주특별자치도 제주시 용담일동,경상사고,0,0,1,0,차대차 - 기타,교차로운행방법위반,건조,맑음,교차로 - 교차로안,승용,여,52세,상해없음,이륜,남,61세,경상
2020022000100570,2020년 2월 20일 19시,목요일,제주특별자치도 제주시 한림읍,중상사고,0,1,0,0,차량단독 - 기타,안전운전불이행,건조,맑음,단일로 - 기타,사륜오토바이(ATV),여,74세,상해없음,,,,
2020022100100017,2020년 2월 21일 00시,금요일,제주특별자치도 서귀포시 성산읍,경상사고,0,0,1,0,차대사람 - 차도통행중,안전운전불이행,건조,기타,단일로 - 기타,승용,남,68세,상해없음,보행자,여,46세,경상
2020022100100057,2020년 2월 21일 03시,금요일,제주특별자치도 서귀포시 동홍동,경상사고,0,0,2,0,차대차 - 정면충돌,신호위반,건조,맑음,교차로 - 교차로안,승용,남,63세,상해없음,승용,남,35세,상해없음
2020022100100190,2020년 2월 21일 09시,금요일,제주특별자치도 제주시 용담이동,경상사고,0,0,6,0,차대차 - 추돌,안전거리미확보,건조,맑음,단일로 - 기타,승합,남,59세,상해없음,승합,남,48세,경상
2020022100100238,2020년 2월 21일 11시,금요일,제주특별자치도 서귀포시 대정읍,경상사고,0,0,1,0,차대차 - 기타,직진우회전진행방해,건조,맑음,교차로 - 교차로안,이륜,여,78세,경상,승용,남,60세,상해없음
2020022100100264,2020년 2월 21일 12시,금요일,제주특별자치도 제주시 해안동,경상사고,0,0,2,1,차대차 - 추돌,안전거리미확보,건조,맑음,단일로 - 기타,승용,남,41세,경상,승용,여,28세,경상
2020022100100301,2020년 2월 21일 13시,금요일,제주특별자치도 서귀포시 하효동,중상사고,0,1,0,0,차대차 - 기타,직진우회전진행방해,건조,맑음,교차로 - 교차로안,승합,남,57세,상해없음,이륜,여,67세,중상
2020022100100302,2020년 2월 21일 13시,금요일,제주특별자치도 제주시 노형동,경상사고,0,0,1,0,차대사람 - 길가장자리구역통행중,안전운전불이행,건조,맑음,교차로 - 교차로부근,승용,여,25세,상해없음,보행자,남,23세,경상
2020022100100327,2020년 2월 21일 14시,금요일,제주특별자치도 제주시 노형동,경상사고,0,0,1,0,차대차 - 측면충돌,안전운전불이행,건조,맑음,단일로 - 기타,승용,남,25세,상해없음,이륜,여,59세,경상
2020022100100434,2020년 2월 21일 17시,금요일,제주특별자치도 서귀포시 서귀동,부상신고사고,0,0,0,1,차대사람 - 보도통행중,안전운전불이행,건조,맑음,단일로 - 기타,기타불명,기타불명,미분류,기타불명,보행자,남,59세,부상신고
2020022100100474,2020년 2월 21일 18시,금요일,제주특별자치도 제주시 삼양이동,중상사고,0,1,0,0,차대사람 - 횡단중,보행자보호의무위반,젖음/습기,비,교차로 - 교차로횡단보도내,승용,남,32세,상해없음,보행자,남,33세,중상
2020022100100475,2020년 2월 21일 18시,금요일,제주특별자치도 제주시 연동,경상사고,0,0,4,0,차대차 - 측면충돌,직진우회전진행방해,건조,맑음,교차로 - 교차로안,승용,남,23세,경상,승용,여,54세,경상
2020022100100584,2020년 2월 21일 20시,금요일,제주특별자치도 제주시 이도이동,경상사고,0,0,1,0,차대차 - 기타,직진우회전진행방해,건조,맑음,교차로 - 교차로안,이륜,남,25세,경상,승용,남,45세,상해없음
2020022100100657,2020년 2월 21일 22시,금요일,제주특별자치도 서귀포시 남원읍,경상사고,0,0,1,0,차대차 - 추돌,안전운전불이행,건조,맑음,교차로 - 교차로안,승용,남,64세,경상,승용,여,62세,기타불명
2020022100100696,2020년 2월 21일 23시,금요일,제주특별자치도 제주시 연동,경상사고,0,0,2,0,차대차 - 후진중충돌,안전운전불이행,건조,맑음,단일로 - 기타,승용,남,55세,상해없음,승용,남,63세,상해없음
2020022200100025,2020년 2월 22일 00시,토요일,제주특별자치도 제주시 외도이동,경상사고,0,0,1,0,차량단독 - 전도전복 - 전도,안전운전불이행,건조,맑음,단일로 - 기타,이륜,남,36세,경상,,,,
2020022200100116,2020년 2월 22일 07시,토요일,제주특별자치도 제주시 용담이동,경상사고,0,0,3,0,차대차 - 측면충돌,기타,건조,맑음,단일로 - 고가도로위,승용,남,65세,상해없음,승용,남,22세,경상
2020022200100166,2020년 2월 22일 10시,토요일,제주특별자치도 제주시 이도일동,경상사고,0,0,1,0,차대차 - 측면충돌,교차로운행방법위반,건조,맑음,교차로 - 교차로안,화물,남,35세,상해없음,특수,남,24세,경상
2020022200100223,2020년 2월 22일 12시,토요일,제주특별자치도 제주시 삼도일동,중상사고,0,1,0,0,차대사람 - 기타,안전운전불이행,건조,맑음,단일로 - 기타,승용,여,45세,상해없음,보행자,여,5세,중상
2020022200100250,2020년 2월 22일 13시,토요일,제주특별자치도 제주시 화북일동,경상사고,0,0,1,0,차대사람 - 기타,안전운전불이행,건조,맑음,단일로 - 기타,승용,남,63세,상해없음,보행자,남,40세,경상
2020022200100251,2020년 2월 22일 13시,토요일,제주특별자치도 제주시 도남동,경상사고,0,0,2,0,차대차 - 추돌,안전거리미확보,건조,맑음,단일로 - 기타,승용,여,55세,경상,화물,남,46세,경상
2020022200100252,2020년 2월 22일 13시,토요일,제주특별자치도 서귀포시 대정읍,중상사고,0,1,0,0,차대차 - 측면충돌,안전운전불이행,건조,맑음,교차로 - 교차로안,승용,여,62세,상해없음,승용,남,37세,중상
2020022200100253,2020년 2월 22일 13시,토요일,제주특별자치도 서귀포시 서귀동,중상사고,0,1,0,0,차대차 - 기타,교차로운행방법위반,건조,맑음,교차로 - 교차로안,승용,남,39세,상해없음,승용,남,52세,중상
2020022200100405,2020년 2월 22일 19시,토요일,제주특별자치도 제주시 조천읍,경상사고,0,0,1,0,차대사람 - 차도통행중,안전운전불이행,건조,맑음,교차로 - 교차로부근,승용,남,51세,상해없음,보행자,여,15세,경상
2020022200100406,2020년 2월 22일 19시,토요일,제주특별자치도 서귀포시 대정읍,중상사고,0,1,0,0,차대사람 - 보도통행중,과속,건조,맑음,교차로 - 교차로안,승용,남,51세,상해없음,보행자,여,61세,중상
2020022200100432,2020년 2월 22일 20시,토요일,제주특별자치도 제주시 조천읍,경상사고,0,0,1,0,차대차 - 측면충돌,안전운전불이행,건조,맑음,교차로 - 교차로안,이륜,남,24세,경상,승용,여,36세,상해없음
2020022200100433,2020년 2월 22일 20시,토요일,제주특별자치도 제주시 노형동,경상사고,0,0,1,0,차대차 - 기타,직진우회전진행방해,건조,맑음,교차로 - 교차로안,승합,남,59세,상해없음,이륜,남,43세,경상
2020022300100097,2020년 2월 23일 10시,일요일,제주특별자치도 제주시 오라일동,경상사고,0,0,1,0,차대차 - 측면충돌,직진우회전진행방해,건조,맑음,교차로 - 교차로안,승용,남,64세,상해없음,이륜,남,49세,경상
2020022300100098,2020년 2월 23일 10시,일요일,제주특별자치도 제주시 구좌읍,중상사고,0,1,0,0,차대차 - 측면충돌,과속,건조,맑음,교차로 - 교차로부근,승용,남,23세,상해없음,이륜,여,72세,중상
2020022300100174,2020년 2월 23일 14시,일요일,제주특별자치도 제주시 한림읍,경상사고,0,0,1,0,차대사람 - 보도통행중,안전운전불이행,건조,맑음,단일로 - 기타,기타불명,기타불명,미분류,기타불명,보행자,남,10세,경상
2020022300100196,2020년 2월 23일 15시,일요일,제주특별자치도 제주시 용담이동,경상사고,0,0,1,0,차대사람 - 횡단중,안전운전불이행,건조,맑음,단일로 - 기타,승용,여,53세,상해없음,보행자,여,16세,경상
2020022300100211,2020년 2월 23일 16시,일요일,제주특별자치도 제주시 구좌읍,경상사고,0,0,1,0,차대차 - 정면충돌,직진우회전진행방해,건조,맑음,교차로 - 교차로안,화물,남,64세,상해없음,이륜,여,73세,경상
2020022300100212,2020년 2월 23일 16시,일요일,제주특별자치도 제주시 연동,중상사고,0,1,0,0,차대차 - 측면충돌,교차로운행방법위반,건조,맑음,교차로 - 교차로안,화물,남,60세,상해없음,승용,남,54세,중상
2020022300100237,2020년 2월 23일 17시,일요일,제주특별자치도 제주시 애월읍,중상사고,0,1,0,0,차대차 - 기타,신호위반,건조,맑음,교차로 - 교차로안,승용,남,27세,상해없음,화물,남,56세,중상
2020022300100310,2020년 2월 23일 20시,일요일,제주특별자치도 제주시 이도이동,중상사고,0,1,0,0,차대차 - 측면충돌,신호위반,건조,맑음,교차로 - 교차로안,승용,여,37세,상해없음,이륜,남,40세,중상
2020022400100029,2020년 2월 24일 05시,월요일,제주특별자치도 제주시 일도이동,경상사고,0,0,1,0,차대차 - 추돌,안전운전불이행,건조,맑음,교차로 - 교차로부근,승용,남,43세,상해없음,승용,남,40세,경상
2020022400100030,2020년 2월 24일 05시,월요일,제주특별자치도 제주시 봉개동,중상사고,0,1,0,0,차대사람 - 기타,기타,건조,맑음,단일로 - 기타,화물,남,39세,상해없음,보행자,여,66세,중상
2020022400100177,2020년 2월 24일 11시,월요일,제주특별자치도 제주시 화북일동,경상사고,0,0,1,0,차대차 - 측면충돌,안전거리미확보,건조,맑음,단일로 - 기타,건설기계,남,53세,상해없음,이륜,남,25세,경상
2020022400100216,2020년 2월 24일 12시,월요일,제주특별자치도 제주시 이도이동,경상사고,0,0,1,0,차대사람 - 횡단중,보행자보호의무위반,건조,맑음,교차로 - 교차로횡단보도내,승용,남,71세,상해없음,보행자,여,32세,경상
2020022400100217,2020년 2월 24일 12시,월요일,제주특별자치도 서귀포시 서귀동,경상사고,0,0,1,0,차대사람 - 길가장자리구역통행중,안전운전불이행,건조,맑음,단일로 - 기타,승합,남,46세,상해없음,보행자,여,65세,경상
2020022400100218,2020년 2월 24일 12시,월요일,제주특별자치도 제주시 애월읍,경상사고,0,0,1,0,차대차 - 기타,안전거리미확보,건조,맑음,단일로 - 기타,이륜,남,30세,경상,승용,남,31세,상해없음
2020022400100278,2020년 2월 24일 14시,월요일,제주특별자치도 제주시 외도일동,중상사고,0,1,0,0,차대차 - 기타,직진우회전진행방해,건조,맑음,교차로 - 교차로안,승용,여,63세,중상,화물,남,69세,상해없음
2020022400100318,2020년 2월 24일 15시,월요일,제주특별자치도 서귀포시 동홍동,중상사고,0,1,0,0,차대차 - 측면충돌,안전운전불이행,건조,맑음,교차로 - 교차로부근,이륜,남,56세,중상,화물,여,26세,상해없음
2020022400100343,2020년 2월 24일 16시,월요일,제주특별자치도 제주시 도평동,경상사고,0,0,1,0,차대차 - 측면충돌,안전운전불이행,건조,맑음,단일로 - 기타,승용,남,67세,기타불명,승용,여,56세,경상
2020022400100360,2020년 2월 24일 17시,월요일,제주특별자치도 제주시 화북일동,중상사고,0,1,0,0,차대차 - 측면충돌,신호위반,건조,맑음,교차로 - 교차로부근,화물,남,70세,상해없음,승용,여,37세,중상
2020022400100361,2020년 2월 24일 17시,월요일,제주특별자치도 제주시 연동,중상사고,0,1,1,0,차대차 - 측면충돌,직진우회전진행방해,건조,맑음,교차로 - 교차로안,이륜,남,38세,중상,승용,남,48세,경상
2020022400100391,2020년 2월 24일 18시,월요일,제주특별자치도 제주시 한림읍,경상사고,0,0,2,0,차대차 - 기타,안전운전불이행,건조,맑음,단일로 - 기타,승용,남,26세,상해없음,승합,남,57세,경상
2020022400100431,2020년 2월 24일 19시,월요일,제주특별자치도 제주시 화북이동,중상사고,0,1,1,0,차대차 - 측면충돌,신호위반,건조,맑음,교차로 - 교차로안,승용,여,48세,상해없음,승용,여,44세,중상
2020022400100432,2020년 2월 24일 19시,월요일,제주특별자치도 제주시 노형동,경상사고,0,0,1,0,차대사람 - 횡단중,안전운전불이행,건조,맑음,단일로 - 기타,원동기,여,54세,상해없음,보행자,남,37세,경상
2020022400100516,2020년 2월 24일 23시,월요일,제주특별자치도 제주시 연동,경상사고,0,0,1,0,차대차 - 후진중충돌,안전운전불이행,건조,맑음,단일로 - 기타,승용,남,22세,상해없음,승용,남,19세,경상
2020022500100137,2020년 2월 25일 09시,화요일,제주특별자치도 서귀포시 안덕면,경상사고,0,0,1,0,차량단독 - 공작물충돌,안전운전불이행,건조,맑음,단일로 - 기타,승용,남,35세,경상,,,,
2020022500100160,2020년 2월 25일 10시,화요일,제주특별자치도 제주시 이도이동,경상사고,0,0,1,0,차대사람 - 횡단중,보행자보호의무위반,건조,맑음,교차로 - 교차로횡단보도내,승용,남,67세,상해없음,보행자,여,36세,경상
2020022500100200,2020년 2월 25일 12시,화요일,제주특별자치도 서귀포시 서홍동,경상사고,0,0,1,0,차대사람 - 기타,안전운전불이행,건조,흐림,교차로 - 교차로안,승용,남,53세,상해없음,보행자,남,59세,경상
2020022500100230,2020년 2월 25일 13시,화요일,제주특별자치도 제주시 아라이동,경상사고,0,0,2,0,차대차 - 측면충돌,신호위반,건조,맑음,교차로 - 교차로안,이륜,남,43세,경상,승용,남,24세,경상
2020022500100231,2020년 2월 25일 13시,화요일,제주특별자치도 제주시 아라이동,경상사고,0,0,1,0,차대차 - 측면충돌,안전거리미확보,건조,맑음,단일로 - 기타,승용,남,60세,상해없음,승용,여,51세,경상
2020022500100272,2020년 2월 25일 15시,화요일,제주특별자치도 서귀포시 남원읍,경상사고,0,0,1,0,차량단독 - 공작물충돌,안전운전불이행,건조,맑음,단일로 - 기타,승용,여,44세,상해없음,,,,
2020022500100295,2020년 2월 25일 16시,화요일,제주특별자치도 제주시 화북이동,경상사고,0,0,1,0,차대차 - 추돌,안전운전불이행,건조,맑음,단일로 - 기타,승용,남,57세,상해없음,화물,남,54세,경상
2020022500100320,2020년 2월 25일 17시,화요일,제주특별자치도 제주시 삼도이동,경상사고,0,0,1,0,차대차 - 추돌,교차로운행방법위반,건조,맑음,교차로 - 교차로안,화물,남,50세,상해없음,승용,여,34세,경상
2020022500100453,2020년 2월 25일 22시,화요일,제주특별자치도 제주시 용담일동,부상신고사고,0,0,0,1,차대차 - 정면충돌,안전운전불이행,젖음/습기,비,단일로 - 기타,이륜,남,64세,부상신고,승용,남,34세,상해없음