사고번호,사고일시,요일,시군구,사고내용,사망자수,중상자수,경상자수,부상신고자수,사고유형,법규위반,노면상태,기상상태,도로형태,가해운전자 차종,가해운전자 성별,가해운전자 연령,가해운전자 상해정도,피해운전자 차종,피해운전자 성별,피해운전자 연령,피해운전자 상해정도
2020032000100302,2020년 3월 20일 14시,금요일,제주특별자치도 제주시 오라삼동,경상사고,0,0,1,1,차대차 - 정면충돌,신호위반,건조,맑음,교차로 - 교차로부근,승용,여,56세,부상신고,승용,여,44세,경상
2020032000100424,2020년 3월 20일 17시,금요일,제주특별자치도 제주시 이도이동,경상사고,0,0,1,0,차대차 - 후진중충돌,안전운전불이행,건조,맑음,단일로 - 기타,승용,남,38세,상해없음,이륜,남,30세,경상
2020032000100425,2020년 3월 20일 17시,금요일,제주특별자치도 제주시 삼도이동,경상사고,0,0,1,0,차대차 - 추돌,안전운전불이행,건조,맑음,교차로 - 교차로안,승용,남,32세,상해없음,승용,남,60세,경상
2020032000100530,2020년 3월 20일 20시,금요일,제주특별자치도 서귀포시 서귀동,중상사고,0,1,0,0,차대차 - 측면충돌,직진우회전진행방해,건조,맑음,교차로 - 교차로부근,이륜,남,48세,중상,승용,여,41세,상해없음
2020032100100015,2020년 3월 21일 00시,토요일,제주특별자치도 서귀포시 호근동,중상사고,0,1,2,0,차대차 - 추돌,안전운전불이행,건조,맑음,단일로 - 기타,이륜,남,15세,상해없음,승용,남,39세,경상
2020032100100028,2020년 3월 21일 01시,토요일,제주특별자치도 제주시 일도이동,경상사고,0,0,1,0,차대사람 - 횡단중,보행자보호의무위반,건조,맑음,교차로 - 교차로횡단보도내,승용,여,37세,상해없음,보행자,남,53세,경상
2020032100100029,2020년 3월 21일 01시,토요일,제주특별자치도 서귀포시 대정읍,경상사고,0,0,1,0,차대사람 - 횡단중,안전운전불이행,건조,맑음,단일로 - 기타,승용,남,28세,상해없음,보행자,남,34세,경상
2020032100100050,2020년 3월 21일 03시,토요일,제주특별자치도 제주시 연동,부상신고사고,0,0,0,1,차대차 - 측면충돌,안전거리미확보,건조,맑음,단일로 - 기타,승용,남,22세,상해없음,이륜,남,33세,부상신고
2020032100100195,2020년 3월 21일 11시,토요일,제주특별자치도 제주시 외도일동,경상사고,0,0,3,0,차대차 - 측면충돌,안전운전불이행,건조,맑음,교차로 - 교차로부근,승용,여,19세,상해없음,화물,남,59세,상해없음
2020032100100429,2020년 3월 21일 18시,토요일,제주특별자치도 제주시 구좌읍,중상사고,0,1,0,0,차대사람 - 기타,안전운전불이행,건조,맑음,단일로 - 기타,화물,남,44세,상해없음,보행자,여,4세,중상
2020032100100535,2020년 3월 21일 22시,토요일,제주특별자치도 제주시 구좌읍,경상사고,0,0,2,0,차대차 - 추돌,안전운전불이행,건조,맑음,단일로 - 기타,승용,여,27세,상해없음,승용,여,24세,경상
2020032100100552,2020년 3월 21일 23시,토요일,제주특별자치도 제주시 일도이동,경상사고,0,0,1,0,차대차 - 추돌,안전운전불이행,건조,맑음,교차로 - 교차로부근,승용,남,44세,상해없음,승용,여,26세,경상
2020032100100553,2020년 3월 21일 23시,토요일,제주특별자치도 서귀포시 서귀동,경상사고,0,0,1,0,차대사람 - 기타,안전운전불이행,건조,맑음,교차로 - 교차로부근,원동기,남,66세,상해없음,보행자,여,50세,경상
2020032200100062,2020년 3월 22일 04시,일요일,제주특별자치도 제주시 연동,경상사고,0,0,2,0,차대차 - 추돌,안전운전불이행,건조,맑음,단일로 - 기타,승용,남,24세,상해없음,승용,남,51세,경상
2020032200100081,2020년 3월 22일 07시,일요일,제주특별자치도 제주시 연동,중상사고,0,1,0,0,차대차 - 기타,안전운전불이행,젖음/습기,흐림,단일로 - 기타,승용,남,27세,중상,이륜,남,60세,상해없음
2020032200100261,2020년 3월 22일 16시,일요일,제주특별자치도 제주시 애월읍,경상사고,0,0,1,0,차대차 - 추돌,안전운전불이행,건조,맑음,교차로 - 교차로부근,승용,여,75세,상해없음,승용,남,57세,경상
2020032200100339,2020년 3월 22일 19시,일요일,제주특별자치도 제주시 애월읍,경상사고,0,0,1,0,차대사람 - 횡단중,안전운전불이행,건조,맑음,교차로 - 교차로횡단보도내,승용,여,38세,상해없음,보행자,여,82세,경상
2020032200100389,2020년 3월 22일 22시,일요일,제주특별자치도 제주시 오라일동,경상사고,0,0,3,0,차대차 - 정면충돌,신호위반,건조,맑음,교차로 - 교차로안,승용,남,29세,상해없음,승용,남,58세,경상
2020032300100014,2020년 3월 23일 01시,월요일,제주특별자치도 제주시 연동,중상사고,0,2,2,1,차대차 - 측면충돌,교차로운행방법위반,건조,맑음,교차로 - 교차로안,승용,남,30세,부상신고,승용,여,33세,경상
2020032300100015,2020년 3월 23일 01시,월요일,제주특별자치도 제주시 한경면,경상사고,0,0,4,0,차대차 - 후진중충돌,안전운전불이행,건조,맑음,단일로 - 기타,화물,남,74세,기타불명,승용,여,51세,경상
2020032300100101,2020년 3월 23일 08시,월요일,제주특별자치도 제주시 삼도이동,중상사고,0,1,0,0,차대사람 - 횡단중,보행자보호의무위반,건조,맑음,교차로 - 교차로횡단보도내,승용,여,58세,상해없음,보행자,여,54세,중상
2020032300100102,2020년 3월 23일 08시,월요일,제주특별자치도 제주시 이도이동,경상사고,0,0,1,0,차대사람 - 횡단중,보행자보호의무위반,건조,맑음,교차로 - 교차로횡단보도내,승용,남,42세,상해없음,보행자,여,34세,경상
2020032300100134,2020년 3월 23일 09시,월요일,제주특별자치도 제주시 화북이동,경상사고,0,0,1,0,차대차 - 측면충돌,안전거리미확보,건조,맑음,교차로 - 교차로부근,승용,남,57세,상해없음,승용,여,58세,상해없음
2020032300100135,2020년 3월 23일 09시,월요일,제주특별자치도 서귀포시 서홍동,경상사고,0,0,2,1,차대차 - 추돌,안전거리미확보,건조,맑음,교차로 - 교차로안,화물,남,24세,상해없음,승용,여,33세,경상
2020032300100170,2020년 3월 23일 10시,월요일,제주특별자치도 제주시 일도이동,경상사고,0,0,1,0,차대차 - 측면충돌,신호위반,건조,맑음,교차로 - 교차로안,승용,여,63세,기타불명,승용,여,48세,경상
2020032300100171,2020년 3월 23일 10시,월요일,제주특별자치도 제주시 일도이동,경상사고,0,0,1,0,차대차 - 추돌,안전거리미확보,건조,맑음,단일로 - 기타,승합,남,48세,상해없음,승용,남,25세,경상
2020032300100240,2020년 3월 23일 12시,월요일,제주특별자치도 제주시 애월읍,경상사고,0,0,2,0,차대차 - 측면충돌,교차로운행방법위반,건조,맑음,교차로 - 교차로안,승용,남,71세,상해없음,승용,남,42세,경상
2020032300100386,2020년 3월 23일 17시,월요일,제주특별자치도 제주시 연동,경상사고,0,0,1,0,차대차 - 측면충돌,안전운전불이행,건조,맑음,교차로 - 교차로안,승용,여,35세,상해없음,승용,여,25세,경상
2020032300100574,2020년 3월 23일 23시,월요일,제주특별자치도 제주시 애월읍,중상사고,0,1,0,0,차대차 - 기타,안전운전불이행,건조,맑음,교차로 - 교차로안,승용,남,51세,중상,승용,남,57세,상해없음
2020032400100129,2020년 3월 24일 09시,화요일,제주특별자치도 서귀포시 서귀동,경상사고,0,0,2,1,차대차 - 측면충돌,직진우회전진행방해,건조,맑음,교차로 - 교차로안,승용,여,51세,부상신고,승용,남,54세,경상
2020032400100287,2020년 3월 24일 14시,화요일,제주특별자치도 제주시 조천읍,중상사고,0,1,0,0,차대차 - 측면충돌,신호위반,건조,맑음,교차로 - 교차로안,승용,남,46세,상해없음,승용,여,37세,중상
2020032400100329,2020년 3월 24일 15시,화요일,제주특별자치도 서귀포시 강정동,경상사고,0,0,1,0,차대차 - 측면충돌,교차로운행방법위반,건조,맑음,교차로 - 교차로안,승용,여,63세,상해없음,이륜,남,32세,경상
2020032400100397,2020년 3월 24일 17시,화요일,제주특별자치도 서귀포시 법환동,중상사고,0,1,0,0,차대차 - 측면충돌,직진우회전진행방해,건조,맑음,교차로 - 교차로안,승용,여,32세,기타불명,승용,여,56세,중상
2020032400100398,2020년 3월 24일 17시,화요일,제주특별자치도 서귀포시 서귀동,경상사고,0,0,1,0,차대차 - 기타,직진우회전진행방해,건조,맑음,교차로 - 교차로안,이륜,남,41세,경상,승용,여,61세,상해없음
2020032400100474,2020년 3월 24일 19시,화요일,제주특별자치도 서귀포시 동홍동,중상사고,0,1,1,0,차대차 - 추돌,안전운전불이행,건조,맑음,교차로 - 교차로부근,이륜,남,17세,경상,화물,남,41세,상해없음
2020032500100023,2020년 3월 25일 03시,수요일,제주특별자치도 서귀포시 서귀동,중상사고,0,1,0,0,차대사람 - 기타,중앙선침범,건조,흐림,기타 - 기타,승용,남,66세,상해없음,보행자,남,22세,중상
2020032500100097,2020년 3월 25일 08시,수요일,제주특별자치도 서귀포시 동홍동,중상사고,0,1,0,0,차대사람 - 횡단중,안전운전불이행,건조,맑음,교차로 - 교차로횡단보도내,승용,여,38세,기타불명,보행자,남,53세,중상
2020032500100120,2020년 3월 25일 09시,수요일,제주특별자치도 서귀포시 표선면,경상사고,0,0,1,1,차대차 - 측면충돌,안전운전불이행,건조,맑음,교차로 - 교차로안,이륜,남,57세,경상,이륜,여,73세,부상신고
2020032500100185,2020년 3월 25일 11시,수요일,제주특별자치도 제주시 도련이동,경상사고,0,0,2,0,차대차 - 측면충돌,안전거리미확보,건조,맑음,교차로 - 교차로부근,승용,남,30세,경상,화물,남,49세,상해없음
2020032500100227,2020년 3월 25일 12시,수요일,제주특별자치도 제주시 조천읍,경상사고,0,0,1,0,차대차 - 측면충돌,안전운전불이행,건조,맑음,교차로 - 교차로안,화물,남,57세,상해없음,승용,여,56세,경상
2020032500100228,2020년 3월 25일 12시,수요일,제주특별자치도 제주시 아라일동,경상사고,0,0,1,0,차대사람 - 보도통행중,보행자보호의무위반,건조,맑음,주차장 - 주차장,승용,남,30세,상해없음,보행자,여,47세,경상
2020032500100257,2020년 3월 25일 13시,수요일,제주특별자치도 제주시 이도이동,경상사고,0,0,1,0,차대사람 - 기타,안전운전불이행,건조,맑음,단일로 - 기타,승용,남,38세,상해없음,보행자,여,63세,경상
2020032500100290,2020년 3월 25일 14시,수요일,제주특별자치도 제주시 일도일동,경상사고,0,0,1,0,차대차 - 후진중충돌,안전운전불이행,건조,맑음,단일로 - 기타,승용,여,67세,상해없음,승용,남,24세,경상
2020032500100291,2020년 3월 25일 14시,수요일,제주특별자치도 제주시 연동,중상사고,0,1,0,0,차대사람 - 횡단중,신호위반,건조,맑음,교차로 - 교차로횡단보도내,승용,남,79세,상해없음,보행자,여,63세,중상
2020032500100391,2020년 3월 25일 17시,수요일,제주특별자치도 제주시 화북이동,경상사고,0,0,3,0,차대차 - 추돌,안전거리미확보,건조,맑음,단일로 - 기타,승용,여,30세,경상,승용,남,28세,경상
2020032500100392,2020년 3월 25일 17시,수요일,제주특별자치도 서귀포시 강정동,중상사고,0,1,0,0,차대차 - 측면충돌,안전운전불이행,건조,맑음,교차로 - 교차로안,이륜,남,35세,중상,승용,여,61세,상해없음
2020032500100502,2020년 3월 25일 20시,수요일,제주특별자치도 제주시 봉개동,경상사고,0,0,2,0,차대차 - 추돌,안전운전불이행,건조,맑음,교차로 - 교차로안,승용,남,53세,상해없음,승용,여,48세,경상
2020032500100503,2020년 3월 25일 20시,수요일,제주특별자치도 제주시 삼도이동,경상사고,0,0,1,0,차대차 - 측면충돌,차로위반,젖음/습기,비,단일로 - 기타,승용,남,67세,상해없음,승용,남,58세,경상
2020032500100504,2020년 3월 25일 20시,수요일,제주특별자치도 서귀포시 서귀동,중상사고,0,1,0,0,차대사람 - 횡단중,보행자보호의무위반,건조,맑음,단일로 - 기타,승용,여,57세,상해없음,보행자,남,14세,중상
2020032500100505,2020년 3월 25일 20시,수요일,제주특별자치도 제주시 애월읍,중상사고,0,1,0,0,차대사람 - 횡단중,보행자보호의무위반,젖음/습기,비,교차로 - 교차로횡단보도내,승용,남,39세,상해없음,보행자,여,48세,중상
2020032500100537,2020년 3월 25일 21시,수요일,제주특별자치도 제주시 애월읍,경상사고,0,0,2,0,차대차 - 추돌,안전거리미확보,건조,맑음,단일로 - 기타,화물,남,24세,상해없음,승용,남,52세,경상
2020032500100538,2020년 3월 25일 21시,수요일,제주특별자치도 제주시 연동,경상사고,0,0,1,0,차대사람 - 길가장자리구역통행중,안전운전불이행,건조,맑음,기타 - 기타,승용,남,55세,상해없음,보행자,남,26세,경상
2020032500100558,2020년 3월 25일 22시,수요일,제주특별자치도 제주시 연동,중상사고,0,1,0,0,차대차 - 정면충돌,안전운전불이행,건조,맑음,단일로 - 기타,승용,남,68세,상해없음,이륜,남,45세,중상
2020032600100079,2020년 3월 26일 07시,목요일,제주특별자치도 서귀포시 안덕면,중상사고,0,1,0,0,차량단독 - 전도전복 - 전도,안전운전불이행,젖음/습기,비,단일로 - 기타,이륜,남,33세,중상,,,,
2020032600100116,2020년 3월 26일 09시,목요일,제주특별자치도 제주시 조천읍,경상사고,0,0,1,0,차대사람 - 보도통행중,안전운전불이행,젖음/습기,비,단일로 - 기타,화물,여,58세,상해없음,보행자,남,39세,경상
2020032600100242,2020년 3월 26일 14시,목요일,제주특별자치도 서귀포시 서귀동,경상사고,0,0,2,0,차대차 - 기타,직진우회전진행방해,젖음/습기,비,교차로 - 교차로안,승용,남,36세,경상,승용,남,69세,경상
2020032600100298,2020년 3월 26일 16시,목요일,제주특별자치도 제주시 이도이동,중상사고,0,1,0,0,차대사람 - 횡단중,보행자보호의무위반,건조,맑음,교차로 - 교차로횡단보도내,승용,여,43세,상해없음,보행자,여,83세,중상
2020032600100404,2020년 3월 26일 19시,목요일,제주특별자치도 서귀포시 중문동,경상사고,0,0,2,0,차대차 - 측면충돌,안전운전불이행,젖음/습기,비,단일로 - 기타,승용,여,29세,상해없음,승용,여,47세,경상
2020032600100453,2020년 3월 26일 20시,목요일,제주특별자치도 제주시 연동,경상사고,0,0,1,0,차대차 - 추돌,안전거리미확보,건조,맑음,단일로 - 기타,승용,남,59세,상해없음,승용,남,36세,경상
2020032700100094,2020년 3월 27일 07시,금요일,제주특별자치도 제주시 건입동,경상사고,0,0,1,0,차대차 - 측면충돌,안전운전불이행,젖음/습기,맑음,단일로 - 기타,승용,남,19세,상해없음,승용,남,36세,경상
2020032700100153,2020년 3월 27일 10시,금요일,제주특별자치도 서귀포시 토평동,경상사고,0,0,1,0,차대차 - 기타,안전운전불이행,건조,맑음,단일로 - 기타,승용,여,43세,상해없음,이륜,남,26세,경상
2020032700100270,2020년 3월 27일 14시,금요일,제주특별자치도 제주시 한림읍,부상신고사고,0,0,0,1,차대차 - 정면충돌,신호위반,건조,맑음,교차로 - 교차로안,자전거,남,80세,부상신고,승용,남,69세,상해없음
2020032700100425,2020년 3월 27일 18시,금요일,제주특별자치도 서귀포시 대정읍,경상사고,0,0,2,0,차대차 - 후진중충돌,안전운전불이행,건조,맑음,단일로 - 기타,승용,여,56세,경상,승용,여,60세,경상
2020032800100024,2020년 3월 28일 01시,토요일,제주특별자치도 제주시 화북일동,경상사고,0,0,3,0,차대차 - 측면충돌,교차로운행방법위반,건조,맑음,교차로 - 교차로안,승용,여,34세,경상,승용,남,22세,경상
2020032800100036,2020년 3월 28일 02시,토요일,제주특별자치도 제주시 노형동,경상사고,0,0,1,0,차대차 - 측면충돌,안전운전불이행,건조,맑음,단일로 - 기타,승용,남,51세,상해없음,승용,남,24세,경상
2020032800100062,2020년 3월 28일 05시,토요일,제주특별자치도 제주시 애월읍,부상신고사고,0,0,0,1,차대차 - 기타,안전운전불이행,건조,맑음,단일로 - 기타,승용,남,67세,부상신고,승용,남,41세,상해없음
2020032800100073,2020년 3월 28일 06시,토요일,제주특별자치도 제주시 조천읍,경상사고,0,0,1,0,차대차 - 측면충돌,안전거리미확보,건조,맑음,단일로 - 기타,승용,여,61세,기타불명,승용,여,56세,경상
2020032800100074,2020년 3월 28일 06시,토요일,제주특별자치도 제주시 애월읍,부상신고사고,0,0,0,1,차대차 - 추돌,안전운전불이행,젖음/습기,흐림,단일로 - 기타,승용,남,50세,부상신고,승용,남,47세,상해없음
2020032800100103,2020년 3월 28일 08시,토요일,제주특별자치도 제주시 삼도일동,경상사고,0,0,3,0,차대차 - 측면충돌,중앙선침범,건조,맑음,단일로 - 기타,승용,남,64세,상해없음,승용,남,51세,경상
2020032800100177,2020년 3월 28일 11시,토요일,제주특별자치도 서귀포시 대정읍,경상사고,0,0,1,0,차대차 - 정면충돌,신호위반,젖음/습기,비,교차로 - 교차로안,승용,여,38세,상해없음,화물,남,60세,경상
2020032800100297,2020년 3월 28일 15시,토요일,제주특별자치도 제주시 일도이동,경상사고,0,0,1,0,차대사람 - 기타,안전운전불이행,건조,맑음,교차로 - 교차로안,승용,여,23세,상해없음,보행자,남,37세,경상
2020032800100298,2020년 3월 28일 15시,토요일,제주특별자치도 제주시 한경면,부상신고사고,0,0,0,1,차대차 - 측면충돌,안전운전불이행,건조,맑음,단일로 - 기타,이륜,남,39세,부상신고,승용,여,42세,상해없음
2020032800100318,2020년 3월 28일 16시,토요일,제주특별자치도 제주시 용담일동,중상사고,0,1,0,0,차대사람 - 횡단중,보행자보호의무위반,건조,맑음,교차로 - 교차로횡단보도내,화물,여,55세,상해없음,보행자,여,76세,중상
2020032800100349,2020년 3월 28일 17시,토요일,제주특별자치도 제주시 이도일동,부상신고사고,0,0,0,1,차량단독 - 기타,안전운전불이행,건조,맑음,단일로 - 기타,이륜,남,77세,부상신고,,,,
2020032900100049,2020년 3월 29일 03시,일요일,제주특별자치도 제주시 연동,중상사고,0,1,0,0,차대사람 - 차도통행중,안전운전불이행,건조,맑음,교차로 - 교차로안,승용,남,30세,상해없음,보행자,남,45세,중상
2020032900100056,2020년 3월 29일 04시,일요일,제주특별자치도 제주시 한림읍,경상사고,0,0,1,1,차량단독 - 전도전복 - 전복,안전운전불이행,건조,맑음,단일로 - 기타,승용,여,27세,부상신고,,,,
2020032900100072,2020년 3월 29일 06시,일요일,제주특별자치도 제주시 애월읍,중상사고,0,1,0,0,차량단독 - 공작물충돌,안전운전불이행,건조,맑음,단일로 - 기타,승용,여,36세,상해없음,,,,
2020032900100130,2020년 3월 29일 11시,일요일,제주특별자치도 제주시 오라일동,경상사고,0,0,1,0,차대차 - 기타,교차로운행방법위반,건조,맑음,교차로 - 교차로안,승합,여,60세,상해없음,승용,남,65세,상해없음
2020032900100147,2020년 3월 29일 12시,일요일,제주특별자치도 서귀포시 성산읍,중상사고,0,1,1,0,차대차 - 측면충돌,안전운전불이행,건조,맑음,교차로 - 교차로안,승용,남,32세,상해없음,승용,남,26세,경상
2020032900100196,2020년 3월 29일 14시,일요일,제주특별자치도 제주시 노형동,경상사고,0,0,1,0,차대차 - 측면충돌,직진우회전진행방해,건조,맑음,교차로 - 교차로안,승용,여,68세,상해없음,이륜,남,42세,경상
2020032900100251,2020년 3월 29일 16시,일요일,제주특별자치도 제주시 조천읍,경상사고,0,0,1,0,차대차 - 추돌,안전거리미확보,건조,맑음,단일로 - 기타,승용,여,38세,상해없음,화물,남,28세,경상
2020032900100329,2020년 3월 29일 20시,일요일,제주특별자치도 제주시 도련일동,중상사고,0,1,0,0,차대사람 - 횡단중,보행자보호의무위반,건조,맑음,교차로 - 교차로부근,승용,남,28세,상해없음,보행자,여,46세,중상
2020033000100043,2020년 3월 30일 06시,월요일,제주특별자치도 서귀포시 동홍동,경상사고,0,0,1,0,차대차 - 측면충돌,교차로운행방법위반,건조,맑음,교차로 - 교차로안,화물,남,65세,상해없음,승용,남,39세,경상
2020033000100061,2020년 3월 30일 07시,월요일,제주특별자치도 제주시 아라이동,중상사고,0,1,0,0,차대사람 - 기타,안전운전불이행,건조,맑음,단일로 - 기타,화물,남,27세,상해없음,보행자,남,29세,중상
2020033000100151,2020년 3월 30일 10시,월요일,제주특별자치도 서귀포시 서호동,경상사고,0,0,2,0,차대차 - 추돌,안전거리미확보,건조,맑음,단일로 - 기타,승용,여,59세,상해없음,승용,남,47세,경상
2020033000100244,2020년 3월 30일 13시,월요일,제주특별자치도 제주시 연동,경상사고,0,0,1,0,차대차 - 추돌,안전운전불이행,건조,맑음,단일로 - 기타,승용,남,72세,상해없음,승용,남,26세,경상
2020033000100315,2020년 3월 30일 15시,월요일,제주특별자치도 제주시 조천읍,중상사고,0,2,0,0,차대차 - 정면충돌,중앙선침범,건조,맑음,교차로 - 교차로부근,화물,남,46세,상해없음,승용,여,28세,중상
2020033000100316,2020년 3월 30일 15시,월요일,제주특별자치도 제주시 노형동,중상사고,0,2,0,0,차대차 - 기타,직진우회전진행방해,건조,맑음,교차로 - 교차로안,승용,여,52세,중상,이륜,남,16세,중상
2020033000100347,2020년 3월 30일 16시,월요일,제주특별자치도 제주시 한림읍,부상신고사고,0,0,0,1,차대사람 - 기타,교차로운행방법위반,건조,맑음,교차로 - 교차로안,승용,여,53세,상해없음,보행자,남,5세,부상신고
2020033000100348,2020년 3월 30일 16시,월요일,제주특별자치도 제주시 오라삼동,경상사고,0,0,1,0,차대차 - 추돌,안전거리미확보,건조,맑음,교차로 - 교차로부근,승용,여,48세,상해없음,화물,남,46세,경상
2020033000100386,2020년 3월 30일 17시,월요일,제주특별자치도 제주시 조천읍,경상사고,0,0,1,0,차대사람 - 횡단중,신호위반,건조,맑음,교차로 - 교차로횡단보도내,승용,여,63세,상해없음,보행자,여,6세,경상
2020033100100013,2020년 3월 31일 01시,화요일,제주특별자치도 제주시 이도일동,사망사고,1,0,0,0,차대차 - 측면충돌,신호위반,건조,맑음,단일로 - 기타,승용,남,38세,상해없음,이륜,남,26세,사망
2020033100100024,2020년 3월 31일 04시,화요일,제주특별자치도 제주시 연동,경상사고,0,0,1,0,차대사람 - 기타,안전운전불이행,건조,맑음,단일로 - 기타,승용,여,44세,상해없음,보행자,남,29세,경상
2020033100100119,2020년 3월 31일 09시,화요일,제주특별자치도 제주시 아라이동,경상사고,0,0,1,0,차대차 - 측면충돌,안전운전불이행,건조,맑음,교차로 - 교차로부근,승용,남,37세,상해없음,승용,여,46세,경상
2020033100100157,2020년 3월 31일 10시,화요일,제주특별자치도 서귀포시 신효동,중상사고,0,1,0,0,차대차 - 후진중충돌,안전운전불이행,건조,맑음,교차로 - 교차로안,화물,남,83세,상해없음,승용,여,58세,중상
2020033100100213,2020년 3월 31일 12시,화요일,제주특별자치도 제주시 봉개동,경상사고,0,0,2,1,차대차 - 추돌,안전거리미확보,건조,맑음,단일로 - 기타,승용,남,66세,부상신고,승용,여,48세,경상
2020033100100246,2020년 3월 31일 13시,화요일,제주특별자치도 제주시 한림읍,경상사고,0,0,3,0,차대차 - 기타,안전거리미확보,건조,맑음,단일로 - 기타,승용,남,29세,상해없음,승용,남,23세,경상
2020033100100247,2020년 3월 31일 13시,화요일,제주특별자치도 제주시 노형동,경상사고,0,0,1,0,차대차 - 측면충돌,안전운전불이행,건조,맑음,단일로 - 기타,승용,여,52세,상해없음,승용,남,73세,경상
2020033100100276,2020년 3월 31일 14시,화요일,제주특별자치도 서귀포시 동홍동,경상사고,0,0,1,0,차량단독 - 공작물충돌,안전운전불이행,건조,맑음,교차로 - 교차로안,화물,남,48세,경상,,,,
2020033100100277,2020년 3월 31일 14시,화요일,제주특별자치도 제주시 연동,경상사고,0,0,1,0,차대차 - 측면충돌,중앙선침범,건조,맑음,단일로 - 기타,승용,여,51세,상해없음,승용,남,22세,경상
2020033100100310,2020년 3월 31일 15시,화요일,제주특별자치도 제주시 도련이동,경상사고,0,0,1,0,차대차 - 측면충돌,안전운전불이행,건조,맑음,단일로 - 기타,승용,남,40세,상해없음,자전거,남,13세,경상
2020033100100311,2020년 3월 31일 15시,화요일,제주특별자치도 서귀포시 성산읍,중상사고,0,2,0,0,차대차 - 측면충돌,안전거리미확보,건조,맑음,단일로 - 기타,승용,남,63세,중상,승용,남,68세,중상
2020033100100392,2020년 3월 31일 17시,화요일,제주특별자치도 제주시 일도이동,경상사고,0,0,3,0,차대차 - 측면충돌,안전거리미확보,건조,맑음,단일로 - 기타,승용,남,24세,경상,승용,남,59세,경상
2020033100100474,2020년 3월 31일 20시,화요일,제주특별자치도 서귀포시 서홍동,경상사고,0,0,2,0,차대사람 - 횡단중,안전운전불이행,건조,맑음,교차로 - 교차로횡단보도내,승용,남,45세,상해없음,보행자,남,35세,경상
2020033100100498,2020년 3월 31일 21시,화요일,제주특별자치도 제주시 일도이동,중상사고,0,1,0,0,차대사람 - 횡단중,안전운전불이행,건조,맑음,교차로 - 교차로안,승용,남,46세,상해없음,보행자,여,82세,중상
2020033100100536,2020년 3월 31일 23시,화요일,제주특별자치도 제주시 이도이동,경상사고,0,0,1,0,차대차 - 추돌,안전운전불이행,건조,맑음,교차로 - 교차로부근,승용,여,40세,상해없음,이륜,남,47세,경상
2020040100100010,2020년 4월 1일 00시,수요일,제주특별자치도 제주시 연동,경상사고,0,0,2,0,차대사람 - 횡단중,신호위반,젖음/습기,비,교차로 - 교차로횡단보도내,이륜,남,20세,경상,보행자,여,19세,경상
2020040100100121,2020년 4월 1일 09시,수요일,제주특별자치도 제주시 조천읍,경상사고,0,0,1,0,차대차 - 추돌,안전거리미확보,젖음/습기,비,단일로 - 기타,화물,남,39세,상해없음,승용,여,37세,경상
2020040100100142,2020년 4월 1일 10시,수요일,제주특별자치도 제주시 삼도일동,경상사고,0,0,1,0,차대사람 - 기타,기타,건조,맑음,단일로 - 기타,승합,남,48세,기타불명,보행자,남,85세,경상
2020040100100324,2020년 4월 1일 16시,수요일,제주특별자치도 제주시 화북일동,경상사고,0,0,1,0,차대사람 - 횡단중,안전운전불이행,건조,맑음,교차로 - 교차로부근,승용,남,39세,상해없음,보행자,남,34세,경상
2020040100100325,2020년 4월 1일 16시,수요일,제주특별자치도 제주시 도련일동,경상사고,0,0,1,0,차대차 - 기타,안전거리미확보,건조,맑음,단일로 - 기타,화물,남,69세,상해없음,승용,여,28세,경상
2020040100100326,2020년 4월 1일 16시,수요일,제주특별자치도 서귀포시 남원읍,경상사고,0,0,3,0,차대차 - 추돌,교차로운행방법위반,건조,맑음,교차로 - 교차로안,승용,여,55세,상해없음,승용,여,62세,경상
2020040100100358,2020년 4월 1일 17시,수요일,제주특별자치도 제주시 구좌읍,경상사고,0,0,2,0,차대차 - 측면충돌,신호위반,건조,맑음,교차로 - 교차로안,화물,남,66세,상해없음,승용,여,22세,경상
2020040100100434,2020년 4월 1일 19시,수요일,제주특별자치도 제주시 연동,경상사고,0,0,1,0,차대차 - 측면충돌,신호위반,건조,흐림,교차로 - 교차로안,승용,여,23세,상해없음,승용,남,44세,경상
2020040100100493,2020년 4월 1일 21시,수요일,제주특별자치도 제주시 연동,경상사고,0,0,2,1,차대차 - 기타,직진우회전진행방해,건조,맑음,교차로 - 교차로안,승합,남,30세,상해없음,승용,남,52세,상해없음
2020040200100057,2020년 4월 2일 06시,목요일,제주특별자치도 제주시 한림읍,경상사고,0,0,1,0,차량단독 - 도로외이탈 - 추락,안전운전불이행,건조,맑음,단일로 - 기타,승용,남,41세,경상,,,,
2020040200100110,2020년 4월 2일 08시,목요일,제주특별자치도 제주시 한림읍,중상사고,0,1,0,0,차대차 - 측면충돌,직진우회전진행방해,건조,맑음,교차로 - 교차로안,화물,남,53세,상해없음,승용,여,53세,상해없음