사고번호,사고일시,요일,시군구,사고내용,사망자수,중상자수,경상자수,부상신고자수,사고유형,법규위반,노면상태,기상상태,도로형태,가해운전자 차종,가해운전자 성별,가해운전자 연령,가해운전자 상해정도,피해운전자 차종,피해운전자 성별,피해운전자 연령,피해운전자 상해정도
2020042900100305,2020년 4월 29일 14시,수요일,제주특별자치도 서귀포시 상예동,중상사고,0,2,0,0,차대차 - 측면충돌,안전운전불이행,건조,맑음,단일로 - 기타,승용,여,56세,중상,화물,남,54세,중상
2020042900100344,2020년 4월 29일 15시,수요일,제주특별자치도 제주시 오라이동,부상신고사고,0,0,0,1,차량단독 - 전도전복 - 전도,안전운전불이행,건조,맑음,단일로 - 기타,이륜,남,42세,부상신고,,,,
2020042900100449,2020년 4월 29일 17시,수요일,제주특별자치도 제주시 애월읍,경상사고,0,0,2,0,차대차 - 측면충돌,안전거리미확보,건조,맑음,단일로 - 기타,건설기계,남,49세,상해없음,승용,여,26세,경상
2020043000100045,2020년 4월 30일 02시,목요일,제주특별자치도 제주시 일도이동,경상사고,0,0,1,0,차대차 - 추돌,안전운전불이행,건조,맑음,단일로 - 기타,승용,남,25세,상해없음,승용,여,59세,경상
2020043000100046,2020년 4월 30일 02시,목요일,제주특별자치도 제주시 일도이동,경상사고,0,0,2,0,차대차 - 추돌,안전운전불이행,건조,맑음,단일로 - 기타,승용,남,25세,상해없음,승용,남,40세,경상
2020043000100093,2020년 4월 30일 06시,목요일,제주특별자치도 제주시 노형동,중상사고,0,1,0,0,차대차 - 정면충돌,안전운전불이행,건조,맑음,교차로 - 교차로부근,승용,남,54세,상해없음,승용,남,49세,상해없음
2020043000100112,2020년 4월 30일 07시,목요일,제주특별자치도 제주시 조천읍,경상사고,0,0,1,0,차대차 - 측면충돌,안전운전불이행,건조,맑음,교차로 - 교차로안,승용,여,56세,상해없음,이륜,여,65세,경상
2020043000100235,2020년 4월 30일 12시,목요일,제주특별자치도 제주시 삼도이동,중상사고,0,1,0,0,차대차 - 측면충돌,신호위반,건조,맑음,교차로 - 교차로안,승용,남,74세,상해없음,이륜,남,67세,중상
2020043000100236,2020년 4월 30일 12시,목요일,제주특별자치도 제주시 연동,부상신고사고,0,0,0,1,차량단독 - 기타,안전운전불이행,기타,맑음,교차로 - 교차로안,이륜,남,43세,부상신고,,,,
2020043000100278,2020년 4월 30일 13시,목요일,제주특별자치도 서귀포시 대정읍,경상사고,0,0,4,0,차대차 - 정면충돌,직진우회전진행방해,건조,맑음,교차로 - 교차로안,승용,남,28세,상해없음,승용,남,41세,경상
2020043000100321,2020년 4월 30일 14시,목요일,제주특별자치도 제주시 오라삼동,경상사고,0,0,5,0,차대차 - 추돌,안전거리미확보,건조,맑음,단일로 - 기타,승용,남,53세,경상,승용,남,61세,경상
2020043000100406,2020년 4월 30일 16시,목요일,제주특별자치도 서귀포시 서호동,경상사고,0,0,3,0,차대차 - 정면충돌,안전운전불이행,건조,맑음,기타 - 기타,승용,남,44세,상해없음,승용,남,38세,경상
2020043000100407,2020년 4월 30일 16시,목요일,제주특별자치도 서귀포시 남원읍,중상사고,0,1,0,0,차대차 - 추돌,안전운전불이행,건조,맑음,단일로 - 기타,화물,남,58세,상해없음,화물,남,46세,중상
2020043000100408,2020년 4월 30일 16시,목요일,제주특별자치도 서귀포시 안덕면,경상사고,0,0,1,0,차대차 - 기타,안전운전불이행,건조,맑음,교차로 - 교차로안,화물,남,70세,상해없음,이륜,여,70세,경상
2020043000100444,2020년 4월 30일 17시,목요일,제주특별자치도 제주시 이도일동,중상사고,0,1,0,0,차대차 - 측면충돌,차로위반,건조,맑음,단일로 - 기타,승용,남,60세,상해없음,이륜,남,37세,중상
2020043000100445,2020년 4월 30일 17시,목요일,제주특별자치도 제주시 노형동,중상사고,0,1,0,0,차대차 - 측면충돌,신호위반,건조,맑음,교차로 - 교차로안,화물,남,46세,상해없음,이륜,남,21세,중상
2020043000100446,2020년 4월 30일 17시,목요일,제주특별자치도 제주시 노형동,중상사고,0,1,1,1,차대차 - 측면충돌,신호위반,건조,맑음,교차로 - 교차로안,승용,남,49세,부상신고,승용,남,25세,경상
2020043000100473,2020년 4월 30일 18시,목요일,제주특별자치도 제주시 일도이동,경상사고,0,0,1,0,차대차 - 측면충돌,교차로운행방법위반,건조,맑음,교차로 - 교차로안,승용,남,27세,상해없음,이륜,남,33세,경상
2020043000100474,2020년 4월 30일 18시,목요일,제주특별자치도 서귀포시 서홍동,경상사고,0,0,1,0,차대차 - 후진중충돌,안전운전불이행,건조,맑음,단일로 - 기타,승용,남,67세,상해없음,승용,남,37세,경상
2020050100100012,2020년 5월 1일 00시,금요일,제주특별자치도 서귀포시 서귀동,경상사고,0,0,1,0,차대사람 - 길가장자리구역통행중,안전운전불이행,건조,맑음,단일로 - 지하차도(도로)내,승용,남,28세,상해없음,보행자,남,44세,경상
2020050100100173,2020년 5월 1일 11시,금요일,제주특별자치도 제주시 오라이동,경상사고,0,0,2,0,차대차 - 기타,안전운전불이행,건조,맑음,교차로 - 교차로안,승용,여,59세,경상,승용,남,37세,경상
2020050100100256,2020년 5월 1일 13시,금요일,제주특별자치도 서귀포시 보목동,중상사고,0,1,0,0,차대차 - 기타,안전운전불이행,건조,맑음,단일로 - 기타,승용,남,43세,상해없음,자전거,여,41세,중상
2020050100100294,2020년 5월 1일 14시,금요일,제주특별자치도 제주시 한림읍,경상사고,0,0,1,0,차대차 - 기타,안전운전불이행,건조,맑음,교차로 - 교차로부근,화물,남,42세,상해없음,승용,남,31세,경상
2020050100100324,2020년 5월 1일 15시,금요일,제주특별자치도 제주시 한림읍,경상사고,0,0,4,0,차대차 - 측면충돌,안전운전불이행,건조,맑음,교차로 - 교차로안,승용,여,61세,경상,승용,여,27세,경상
2020050100100372,2020년 5월 1일 16시,금요일,제주특별자치도 제주시 삼도일동,중상사고,0,1,1,0,차대차 - 측면충돌,직진우회전진행방해,건조,맑음,교차로 - 교차로안,승용,남,57세,상해없음,승용,남,54세,중상
2020050100100415,2020년 5월 1일 17시,금요일,제주특별자치도 서귀포시 보목동,경상사고,0,0,1,0,차대차 - 측면충돌,안전운전불이행,건조,맑음,단일로 - 기타,승용,남,48세,상해없음,자전거,여,25세,경상
2020050200100033,2020년 5월 2일 01시,토요일,제주특별자치도 제주시 애월읍,경상사고,0,0,1,0,차대차 - 추돌,안전거리미확보,건조,맑음,단일로 - 기타,승용,남,26세,상해없음,화물,남,32세,경상
2020050200100034,2020년 5월 2일 01시,토요일,제주특별자치도 제주시 외도일동,경상사고,0,0,1,0,차대차 - 기타,신호위반,건조,맑음,교차로 - 교차로안,승용,남,21세,상해없음,승용,여,61세,경상
2020050200100116,2020년 5월 2일 09시,토요일,제주특별자치도 서귀포시 대정읍,중상사고,0,1,0,0,차대차 - 기타,교차로운행방법위반,건조,맑음,교차로 - 교차로부근,화물,남,83세,상해없음,이륜,남,74세,중상
2020050200100138,2020년 5월 2일 10시,토요일,제주특별자치도 서귀포시 상효동,경상사고,0,0,3,0,차대차 - 추돌,안전운전불이행,건조,맑음,교차로 - 교차로부근,승용,여,29세,상해없음,승용,남,48세,경상
2020050200100139,2020년 5월 2일 10시,토요일,제주특별자치도 제주시 도두일동,경상사고,0,0,1,0,차대차 - 측면충돌,안전운전불이행,건조,맑음,단일로 - 기타,승용,남,53세,상해없음,승용,남,41세,기타불명
2020050200100140,2020년 5월 2일 10시,토요일,제주특별자치도 제주시 이호이동,경상사고,0,0,1,0,차대차 - 측면충돌,안전운전불이행,건조,맑음,교차로 - 교차로안,승용,남,66세,상해없음,승용,남,53세,경상
2020050200100254,2020년 5월 2일 13시,토요일,제주특별자치도 제주시 오라이동,경상사고,0,0,2,0,차대차 - 추돌,안전운전불이행,건조,맑음,단일로 - 기타,화물,남,60세,상해없음,승용,여,54세,경상
2020050200100255,2020년 5월 2일 13시,토요일,제주특별자치도 서귀포시 성산읍,중상사고,0,1,1,0,차대차 - 추돌,안전운전불이행,건조,맑음,교차로 - 교차로안,승용,남,61세,상해없음,승용,여,36세,중상
2020050200100337,2020년 5월 2일 15시,토요일,제주특별자치도 서귀포시 성산읍,경상사고,0,0,2,0,차대차 - 측면충돌,안전거리미확보,건조,맑음,단일로 - 기타,승용,남,64세,상해없음,승용,여,24세,경상
2020050200100394,2020년 5월 2일 17시,토요일,제주특별자치도 제주시 이호이동,경상사고,0,0,1,0,차대차 - 기타,안전운전불이행,건조,맑음,단일로 - 기타,이륜,남,27세,경상,승용,여,31세,상해없음
2020050200100424,2020년 5월 2일 18시,토요일,제주특별자치도 제주시 아라일동,경상사고,0,0,1,0,차대사람 - 횡단중,안전운전불이행,건조,맑음,교차로 - 교차로안,승용,남,22세,상해없음,보행자,남,5세,경상
2020050200100486,2020년 5월 2일 20시,토요일,제주특별자치도 제주시 화북일동,경상사고,0,0,1,0,차대차 - 측면충돌,교차로운행방법위반,건조,맑음,교차로 - 교차로안,승용,남,72세,상해없음,승용,여,56세,경상
2020050200100514,2020년 5월 2일 21시,토요일,제주특별자치도 제주시 아라일동,경상사고,0,0,1,0,차대차 - 추돌,안전운전불이행,젖음/습기,비,교차로 - 교차로부근,승용,여,39세,상해없음,승용,여,27세,경상
2020050200100515,2020년 5월 2일 21시,토요일,제주특별자치도 제주시 화북이동,경상사고,0,0,2,0,차대차 - 측면충돌,신호위반,젖음/습기,비,교차로 - 교차로안,승합,남,45세,상해없음,승용,남,68세,경상
2020050200100516,2020년 5월 2일 21시,토요일,제주특별자치도 제주시 한림읍,경상사고,0,0,1,0,차대차 - 기타,안전운전불이행,젖음/습기,비,교차로 - 교차로안,승용,여,42세,상해없음,이륜,남,35세,경상
2020050200100550,2020년 5월 2일 23시,토요일,제주특별자치도 서귀포시 색달동,경상사고,0,0,1,0,차대차 - 기타,중앙선침범,젖음/습기,비,교차로 - 교차로부근,승용,남,60세,기타불명,화물,남,62세,경상
2020050200100551,2020년 5월 2일 23시,토요일,제주특별자치도 제주시 애월읍,경상사고,0,0,1,0,차대차 - 추돌,안전운전불이행,건조,맑음,단일로 - 기타,승용,남,48세,상해없음,화물,남,62세,경상
2020050300100095,2020년 5월 3일 08시,일요일,제주특별자치도 제주시 용담이동,중상사고,0,1,0,0,차대차 - 측면충돌,안전운전불이행,건조,맑음,단일로 - 기타,이륜,남,59세,중상,승용,남,49세,상해없음
2020050300100214,2020년 5월 3일 14시,일요일,제주특별자치도 서귀포시 서귀동,중상사고,0,1,2,0,차대사람 - 기타,보행자보호의무위반,건조,맑음,교차로 - 교차로횡단보도내,승용,남,52세,상해없음,보행자,남,30세,경상
2020050300100215,2020년 5월 3일 14시,일요일,제주특별자치도 제주시 노형동,부상신고사고,0,0,0,1,차대차 - 측면충돌,안전운전불이행,건조,맑음,교차로 - 교차로안,개인형이동수단(PM),남,36세,부상신고,승용,남,40세,상해없음
2020050300100216,2020년 5월 3일 14시,일요일,제주특별자치도 제주시 연동,경상사고,0,0,1,0,차대차 - 추돌,안전운전불이행,건조,맑음,단일로 - 기타,승용,남,71세,상해없음,승용,남,31세,경상
2020050300100239,2020년 5월 3일 15시,일요일,제주특별자치도 제주시 구좌읍,경상사고,0,0,1,0,차량단독 - 공작물충돌,안전운전불이행,건조,맑음,단일로 - 기타,화물,남,77세,경상,,,,
2020050300100400,2020년 5월 3일 21시,일요일,제주특별자치도 제주시 화북이동,중상사고,0,1,0,0,차대차 - 기타,신호위반,건조,맑음,교차로 - 교차로안,승용,여,37세,상해없음,이륜,남,43세,중상
2020050400100055,2020년 5월 4일 06시,월요일,제주특별자치도 제주시 도두일동,경상사고,0,0,1,0,차대차 - 측면충돌,교차로운행방법위반,건조,맑음,교차로 - 교차로안,승용,남,45세,상해없음,화물,남,45세,경상
2020050400100157,2020년 5월 4일 10시,월요일,제주특별자치도 제주시 이도일동,경상사고,0,0,1,0,차대사람 - 기타,안전운전불이행,건조,맑음,교차로 - 교차로안,승용,여,47세,상해없음,보행자,남,62세,경상
2020050400100158,2020년 5월 4일 10시,월요일,제주특별자치도 제주시 이도이동,중상사고,0,1,0,0,차대차 - 기타,직진우회전진행방해,건조,맑음,교차로 - 교차로안,승용,남,55세,기타불명,승용,여,31세,기타불명
2020050400100159,2020년 5월 4일 10시,월요일,제주특별자치도 서귀포시 동홍동,경상사고,0,0,1,0,차대사람 - 횡단중,신호위반,건조,맑음,단일로 - 기타,승용,여,66세,상해없음,보행자,여,11세,경상
2020050400100200,2020년 5월 4일 11시,월요일,제주특별자치도 서귀포시 서귀동,경상사고,0,0,1,0,차대차 - 측면충돌,신호위반,건조,맑음,교차로 - 교차로안,승용,남,29세,상해없음,승용,남,58세,경상
2020050400100231,2020년 5월 4일 12시,월요일,제주특별자치도 제주시 도련일동,경상사고,0,0,1,0,차대차 - 측면충돌,신호위반,건조,맑음,교차로 - 교차로안,승용,남,33세,상해없음,자전거,남,12세,경상
2020050400100266,2020년 5월 4일 13시,월요일,제주특별자치도 제주시 노형동,경상사고,0,0,1,0,차대차 - 추돌,안전운전불이행,건조,맑음,단일로 - 기타,승용,남,57세,상해없음,이륜,남,52세,경상
2020050400100267,2020년 5월 4일 13시,월요일,제주특별자치도 제주시 연동,사망사고,1,0,4,0,차대차 - 측면충돌,안전운전불이행,건조,맑음,교차로 - 교차로횡단보도내,이륜,남,28세,사망,승용,여,26세,경상
2020050400100268,2020년 5월 4일 13시,월요일,제주특별자치도 제주시 한림읍,경상사고,0,0,1,0,차대차 - 기타,안전운전불이행,건조,맑음,단일로 - 기타,승합,남,58세,상해없음,이륜,남,28세,경상
2020050400100312,2020년 5월 4일 14시,월요일,제주특별자치도 제주시 용담이동,부상신고사고,0,0,0,1,차대차 - 기타,안전운전불이행,건조,맑음,단일로 - 기타,화물,남,55세,상해없음,화물,남,32세,부상신고
2020050400100313,2020년 5월 4일 14시,월요일,제주특별자치도 제주시 오라삼동,경상사고,0,0,1,0,차대차 - 추돌,안전운전불이행,건조,맑음,단일로 - 기타,승용,남,53세,기타불명,승용,남,42세,경상
2020050400100364,2020년 5월 4일 15시,월요일,제주특별자치도 제주시 연동,경상사고,0,0,1,0,차대차 - 정면충돌,안전운전불이행,건조,맑음,교차로 - 교차로안,승용,남,29세,상해없음,이륜,남,44세,경상
2020050400100408,2020년 5월 4일 16시,월요일,제주특별자치도 제주시 화북이동,중상사고,0,1,0,0,차대차 - 기타,기타,건조,맑음,교차로 - 교차로안,이륜,남,58세,중상,화물,남,30세,상해없음
2020050500100029,2020년 5월 5일 01시,화요일,제주특별자치도 제주시 이도이동,중상사고,0,1,1,0,차대차 - 기타,신호위반,건조,맑음,교차로 - 교차로안,승용,남,43세,경상,승용,남,53세,중상
2020050500100158,2020년 5월 5일 12시,화요일,제주특별자치도 제주시 건입동,부상신고사고,0,0,0,1,차대사람 - 보도통행중,안전운전불이행,건조,맑음,교차로 - 교차로부근,자전거,남,12세,상해없음,보행자,여,78세,부상신고
2020050500100159,2020년 5월 5일 12시,화요일,제주특별자치도 제주시 아라이동,경상사고,0,0,1,0,차대차 - 기타,안전운전불이행,건조,맑음,단일로 - 기타,승용,남,66세,상해없음,자전거,남,46세,경상
2020050500100210,2020년 5월 5일 14시,화요일,제주특별자치도 제주시 노형동,경상사고,0,0,1,0,차대차 - 추돌,안전운전불이행,건조,맑음,교차로 - 교차로안,승용,여,41세,상해없음,자전거,남,12세,경상
2020050500100256,2020년 5월 5일 16시,화요일,제주특별자치도 제주시 조천읍,경상사고,0,0,4,0,차대차 - 기타,교차로운행방법위반,건조,맑음,교차로 - 교차로안,화물,여,51세,경상,승용,여,50세,경상
2020050500100294,2020년 5월 5일 17시,화요일,제주특별자치도 제주시 일도일동,경상사고,0,0,1,0,차대사람 - 기타,안전운전불이행,건조,맑음,단일로 - 기타,승용,여,21세,상해없음,보행자,여,48세,경상
2020050500100295,2020년 5월 5일 17시,화요일,제주특별자치도 서귀포시 성산읍,경상사고,0,0,1,0,차대차 - 추돌,안전거리미확보,건조,맑음,단일로 - 기타,이륜,남,19세,상해없음,승용,여,36세,경상
2020050500100351,2020년 5월 5일 19시,화요일,제주특별자치도 제주시 이호이동,경상사고,0,0,3,1,차대차 - 추돌,안전거리미확보,건조,맑음,교차로 - 교차로안,승용,남,20세,상해없음,승용,여,50세,경상
2020050500100352,2020년 5월 5일 19시,화요일,제주특별자치도 제주시 연동,경상사고,0,0,1,0,차대사람 - 횡단중,보행자보호의무위반,건조,맑음,교차로 - 교차로횡단보도내,승용,여,42세,상해없음,보행자,여,45세,경상
2020050500100428,2020년 5월 5일 22시,화요일,제주특별자치도 서귀포시 중문동,경상사고,0,0,3,0,차대차 - 측면충돌,신호위반,건조,기타,교차로 - 교차로안,화물,남,39세,경상,화물,남,47세,경상
2020050500100429,2020년 5월 5일 22시,화요일,제주특별자치도 제주시 연동,경상사고,0,0,1,0,차대차 - 기타,신호위반,건조,맑음,교차로 - 교차로안,승용,여,22세,상해없음,승용,여,29세,경상
2020050600100068,2020년 5월 6일 07시,수요일,제주특별자치도 제주시 이도이동,중상사고,0,1,0,0,차대차 - 추돌,안전운전불이행,건조,맑음,단일로 - 기타,승용,남,30세,상해없음,승용,남,37세,중상
2020050600100243,2020년 5월 6일 12시,수요일,제주특별자치도 서귀포시 대정읍,중상사고,0,1,0,0,차대사람 - 횡단중,보행자보호의무위반,건조,맑음,단일로 - 기타,승용,남,85세,상해없음,보행자,여,79세,중상
2020050600100287,2020년 5월 6일 13시,수요일,제주특별자치도 서귀포시 서호동,경상사고,0,0,1,0,차대차 - 측면충돌,직진우회전진행방해,건조,맑음,교차로 - 교차로부근,승용,남,46세,상해없음,승용,여,53세,경상
2020050600100365,2020년 5월 6일 15시,수요일,제주특별자치도 제주시 일도이동,경상사고,0,0,1,0,차대사람 - 기타,안전운전불이행,건조,맑음,단일로 - 기타,승용,남,47세,상해없음,보행자,남,29세,경상
2020050600100366,2020년 5월 6일 15시,수요일,제주특별자치도 제주시 삼도일동,경상사고,0,0,1,0,차대차 - 추돌,안전운전불이행,건조,맑음,교차로 - 교차로부근,승용,남,26세,상해없음,승용,여,51세,경상
2020050600100473,2020년 5월 6일 17시,수요일,제주특별자치도 제주시 애월읍,경상사고,0,0,1,0,차대차 - 측면충돌,안전운전불이행,건조,맑음,단일로 - 기타,화물,남,80세,상해없음,이륜,남,26세,경상
2020050600100474,2020년 5월 6일 17시,수요일,제주특별자치도 제주시 애월읍,중상사고,0,1,2,0,차대차 - 측면충돌,신호위반,건조,맑음,교차로 - 교차로안,승용,여,27세,경상,승용,남,44세,경상
2020050600100475,2020년 5월 6일 17시,수요일,제주특별자치도 제주시 용담이동,경상사고,0,0,1,0,차대차 - 추돌,안전거리미확보,건조,맑음,교차로 - 교차로부근,승합,남,52세,상해없음,승용,남,48세,경상
2020050600100574,2020년 5월 6일 19시,수요일,제주특별자치도 제주시 도련일동,경상사고,0,0,1,0,차대차 - 측면충돌,중앙선침범,건조,맑음,단일로 - 기타,승용,남,52세,기타불명,이륜,남,22세,경상
2020050600100575,2020년 5월 6일 19시,수요일,제주특별자치도 제주시 도두일동,경상사고,0,0,2,0,차대차 - 추돌,안전거리미확보,건조,맑음,단일로 - 기타,화물,남,51세,상해없음,승용,남,43세,경상
2020050600100599,2020년 5월 6일 20시,수요일,제주특별자치도 서귀포시 성산읍,경상사고,0,0,1,0,차대사람 - 횡단중,안전운전불이행,건조,맑음,단일로 - 교량,승용,남,59세,상해없음,보행자,남,43세,경상
2020050600100658,2020년 5월 6일 23시,수요일,제주특별자치도 제주시 한림읍,중상사고,0,1,0,0,차량단독 - 공작물충돌,안전운전불이행,건조,맑음,교차로 - 교차로부근,승용,여,31세,중상,,,,
2020050700100094,2020년 5월 7일 07시,목요일,제주특별자치도 서귀포시 서귀동,중상사고,0,2,0,0,차대차 - 기타,직진우회전진행방해,건조,맑음,교차로 - 교차로안,승용,남,69세,상해없음,승용,남,59세,중상
2020050700100133,2020년 5월 7일 08시,목요일,제주특별자치도 제주시 건입동,중상사고,0,1,0,0,차대차 - 측면충돌,교차로운행방법위반,건조,맑음,교차로 - 교차로안,승용,남,48세,상해없음,이륜,남,60세,중상
2020050700100134,2020년 5월 7일 08시,목요일,제주특별자치도 제주시 외도일동,경상사고,0,0,1,0,차대차 - 기타,신호위반,건조,맑음,교차로 - 교차로안,승용,남,26세,상해없음,승용,남,25세,경상
2020050700100253,2020년 5월 7일 11시,목요일,제주특별자치도 제주시 애월읍,경상사고,0,0,1,0,차대차 - 기타,안전거리미확보,건조,맑음,단일로 - 기타,화물,남,71세,상해없음,이륜,남,59세,경상
2020050700100254,2020년 5월 7일 11시,목요일,제주특별자치도 제주시 연동,경상사고,0,0,2,0,차대차 - 기타,안전거리미확보,건조,맑음,교차로 - 교차로안,승용,여,49세,상해없음,화물,남,39세,경상
2020050700100326,2020년 5월 7일 13시,목요일,제주특별자치도 제주시 애월읍,경상사고,0,0,4,0,차대차 - 측면충돌,안전운전불이행,건조,맑음,교차로 - 교차로안,승용,남,32세,상해없음,승용,여,60세,경상
2020050700100367,2020년 5월 7일 14시,목요일,제주특별자치도 제주시 노형동,경상사고,0,0,1,0,차대사람 - 차도통행중,안전운전불이행,건조,맑음,단일로 - 기타,화물,남,53세,상해없음,보행자,남,7세,경상
2020050700100405,2020년 5월 7일 15시,목요일,제주특별자치도 제주시 삼도일동,중상사고,0,1,2,0,차대차 - 추돌,안전운전불이행,건조,맑음,단일로 - 기타,승용,남,40세,상해없음,승용,남,67세,경상
2020050700100406,2020년 5월 7일 15시,목요일,제주특별자치도 서귀포시 대정읍,중상사고,0,1,1,1,차대차 - 정면충돌,직진우회전진행방해,건조,맑음,교차로 - 교차로안,승용,여,52세,부상신고,승용,남,27세,중상
2020050700100407,2020년 5월 7일 15시,목요일,제주특별자치도 서귀포시 회수동,경상사고,0,0,1,0,차량단독 - 기타,안전운전불이행,건조,맑음,단일로 - 기타,승합,남,39세,상해없음,,,,
2020050700100448,2020년 5월 7일 16시,목요일,제주특별자치도 제주시 봉개동,경상사고,0,0,2,0,차대차 - 추돌,안전거리미확보,건조,맑음,단일로 - 기타,화물,남,40세,상해없음,승합,여,50세,경상
2020050700100449,2020년 5월 7일 16시,목요일,제주특별자치도 서귀포시 서귀동,경상사고,0,0,1,0,차대차 - 측면충돌,안전거리미확보,건조,맑음,단일로 - 기타,승용,여,49세,상해없음,이륜,남,31세,경상
2020050700100494,2020년 5월 7일 17시,목요일,제주특별자치도 제주시 건입동,중상사고,0,1,2,0,차대차 - 기타,중앙선침범,건조,맑음,단일로 - 기타,승용,남,64세,상해없음,승용,여,54세,중상
2020050700100495,2020년 5월 7일 17시,목요일,제주특별자치도 제주시 노형동,경상사고,0,0,1,0,차대차 - 측면충돌,안전운전불이행,건조,맑음,교차로 - 교차로횡단보도내,이륜,남,51세,경상,승용,남,53세,상해없음
2020050700100586,2020년 5월 7일 19시,목요일,제주특별자치도 제주시 용담이동,경상사고,0,0,4,0,차대차 - 기타,교차로운행방법위반,건조,맑음,교차로 - 교차로안,승용,여,35세,상해없음,승합,남,46세,경상
2020050700100654,2020년 5월 7일 22시,목요일,제주특별자치도 제주시 연동,중상사고,0,1,0,0,차대사람 - 횡단중,안전운전불이행,건조,맑음,단일로 - 기타,승용,남,64세,상해없음,보행자,남,44세,중상
2020050800100010,2020년 5월 8일 00시,금요일,제주특별자치도 서귀포시 하효동,중상사고,0,1,0,0,차대차 - 후진중충돌,불법유턴,건조,맑음,교차로 - 교차로부근,승용,남,59세,상해없음,승용,남,28세,중상
2020050800100038,2020년 5월 8일 04시,금요일,제주특별자치도 제주시 도남동,경상사고,0,0,1,0,차대차 - 측면충돌,안전운전불이행,건조,맑음,단일로 - 기타,승용,남,69세,상해없음,승용,여,57세,경상
2020050800100065,2020년 5월 8일 07시,금요일,제주특별자치도 제주시 화북이동,경상사고,0,0,1,0,차대차 - 측면충돌,신호위반,건조,맑음,교차로 - 교차로안,승용,여,43세,상해없음,승용,남,37세,경상
2020050800100162,2020년 5월 8일 10시,금요일,제주특별자치도 제주시 이도이동,경상사고,0,0,1,0,차대차 - 추돌,안전거리미확보,건조,맑음,단일로 - 기타,승용,남,70세,상해없음,승용,남,61세,경상
2020050800100202,2020년 5월 8일 11시,금요일,제주특별자치도 제주시 오라이동,경상사고,0,0,2,0,차대차 - 추돌,안전운전불이행,건조,맑음,단일로 - 기타,승용,남,27세,상해없음,승용,여,52세,경상
2020050800100236,2020년 5월 8일 12시,금요일,제주특별자치도 제주시 노형동,경상사고,0,0,1,1,차대차 - 정면충돌,안전운전불이행,건조,맑음,교차로 - 교차로안,이륜,남,39세,부상신고,승용,남,73세,경상
2020050800100266,2020년 5월 8일 13시,금요일,제주특별자치도 제주시 연동,부상신고사고,0,0,0,1,차대차 - 측면충돌,안전거리미확보,건조,맑음,단일로 - 기타,이륜,남,76세,부상신고,승용,남,54세,상해없음
2020050800100296,2020년 5월 8일 14시,금요일,제주특별자치도 제주시 이도일동,경상사고,0,0,1,0,차대사람 - 횡단중,신호위반,건조,맑음,단일로 - 기타,승용,여,71세,상해없음,보행자,남,55세,경상
2020050800100297,2020년 5월 8일 14시,금요일,제주특별자치도 서귀포시 성산읍,경상사고,0,0,1,0,차대차 - 추돌,안전운전불이행,건조,맑음,단일로 - 지하차도(도로)내,화물,남,71세,상해없음,승용,남,75세,경상
2020050800100342,2020년 5월 8일 15시,금요일,제주특별자치도 제주시 조천읍,경상사고,0,0,1,1,차대차 - 정면충돌,중앙선침범,건조,맑음,단일로 - 기타,승용,남,29세,부상신고,승용,남,29세,경상
2020050800100376,2020년 5월 8일 16시,금요일,제주특별자치도 제주시 용담일동,경상사고,0,0,1,0,차대차 - 측면충돌,교차로운행방법위반,건조,맑음,교차로 - 교차로안,화물,남,64세,상해없음,승용,여,52세,경상
2020050800100421,2020년 5월 8일 17시,금요일,제주특별자치도 제주시 일도이동,경상사고,0,0,1,0,차대차 - 추돌,안전거리미확보,건조,맑음,단일로 - 기타,승용,남,57세,상해없음,승용,여,47세,경상
2020050800100422,2020년 5월 8일 17시,금요일,제주특별자치도 제주시 외도일동,경상사고,0,0,1,0,차대차 - 추돌,안전운전불이행,건조,맑음,단일로 - 기타,승용,남,53세,상해없음,화물,남,49세,경상
2020050800100463,2020년 5월 8일 18시,금요일,제주특별자치도 제주시 오라일동,경상사고,0,0,1,0,차대사람 - 횡단중,보행자보호의무위반,건조,맑음,단일로 - 기타,승용,남,65세,상해없음,보행자,남,59세,경상
2020050800100523,2020년 5월 8일 19시,금요일,제주특별자치도 서귀포시 서귀동,경상사고,0,0,1,0,차대차 - 기타,교차로운행방법위반,건조,맑음,교차로 - 교차로안,승용,남,55세,상해없음,승용,여,27세,경상
2020050800100604,2020년 5월 8일 20시,금요일,제주특별자치도 제주시 이도이동,경상사고,0,0,1,0,차대차 - 측면충돌,안전운전불이행,건조,맑음,단일로 - 기타,승용,남,64세,상해없음,승용,여,30세,경상
2020050900100134,2020년 5월 9일 08시,토요일,제주특별자치도 제주시 삼도이동,중상사고,0,1,0,0,차대차 - 측면충돌,중앙선침범,건조,맑음,교차로 - 교차로부근,승용,남,26세,상해없음,이륜,남,48세,중상
2020050900100181,2020년 5월 9일 10시,토요일,제주특별자치도 서귀포시 서호동,경상사고,0,0,1,0,차대차 - 측면충돌,직진우회전진행방해,젖음/습기,비,교차로 - 교차로안,이륜,남,44세,경상,승용,남,46세,상해없음