사고번호,사고일시,요일,시군구,사고내용,사망자수,중상자수,경상자수,부상신고자수,사고유형,법규위반,노면상태,기상상태,도로형태,가해운전자 차종,가해운전자 성별,가해운전자 연령,가해운전자 상해정도,피해운전자 차종,피해운전자 성별,피해운전자 연령,피해운전자 상해정도
2020050900100444,2020년 5월 9일 18시,토요일,제주특별자치도 서귀포시 강정동,경상사고,0,0,2,0,차대차 - 후진중충돌,안전운전불이행,건조,맑음,기타 - 기타,화물,남,42세,상해없음,승용,남,43세,경상
2020051000100052,2020년 5월 10일 03시,일요일,제주특별자치도 서귀포시 서귀동,부상신고사고,0,0,0,1,차량단독 - 전도전복 - 전도,안전운전불이행,건조,맑음,교차로 - 교차로안,이륜,남,18세,부상신고,,,,
2020051000100073,2020년 5월 10일 05시,일요일,제주특별자치도 제주시 오라일동,경상사고,0,0,3,0,차대차 - 측면충돌,신호위반,건조,맑음,교차로 - 교차로안,승용,남,20세,상해없음,승용,남,36세,경상
2020051000100117,2020년 5월 10일 10시,일요일,제주특별자치도 제주시 구좌읍,경상사고,0,0,1,0,차대차 - 측면충돌,안전운전불이행,건조,맑음,교차로 - 교차로안,이륜,여,69세,경상,승용,남,35세,상해없음
2020051000100150,2020년 5월 10일 12시,일요일,제주특별자치도 제주시 이도이동,경상사고,0,0,5,0,차대차 - 기타,안전거리미확보,건조,맑음,교차로 - 교차로부근,승용,남,39세,상해없음,승용,여,34세,경상
2020051000100289,2020년 5월 10일 17시,일요일,제주특별자치도 제주시 구좌읍,경상사고,0,0,1,0,차대차 - 기타,안전운전불이행,건조,맑음,단일로 - 기타,승용,남,60세,상해없음,화물,남,68세,상해없음
2020051000100290,2020년 5월 10일 17시,일요일,제주특별자치도 서귀포시 안덕면,중상사고,0,1,0,0,차량단독 - 기타,안전운전불이행,건조,맑음,단일로 - 기타,원동기,남,51세,중상,,,,
2020051100100015,2020년 5월 11일 01시,월요일,제주특별자치도 서귀포시 표선면,중상사고,0,2,0,0,차대차 - 기타,안전운전불이행,건조,기타,기타 - 기타,승용,남,35세,상해없음,승용,남,38세,중상
2020051100100045,2020년 5월 11일 05시,월요일,제주특별자치도 제주시 구좌읍,중상사고,0,1,0,0,차대차 - 기타,안전운전불이행,건조,맑음,단일로 - 기타,원동기,남,66세,중상,승용,남,60세,상해없음
2020051100100060,2020년 5월 11일 06시,월요일,제주특별자치도 서귀포시 호근동,중상사고,0,1,0,0,차대차 - 측면충돌,중앙선침범,건조,맑음,단일로 - 기타,승합,남,52세,상해없음,이륜,남,63세,중상
2020051100100087,2020년 5월 11일 07시,월요일,제주특별자치도 서귀포시 하예동,중상사고,0,2,0,0,차대차 - 기타,기타,건조,맑음,교차로 - 교차로안,승용,여,35세,상해없음,농기계,남,80세,중상
2020051100100208,2020년 5월 11일 10시,월요일,제주특별자치도 제주시 애월읍,경상사고,0,0,1,0,차대차 - 기타,직진우회전진행방해,건조,맑음,교차로 - 교차로안,승용,남,26세,상해없음,승용,여,34세,경상
2020051100100368,2020년 5월 11일 14시,월요일,제주특별자치도 서귀포시 성산읍,경상사고,0,0,1,1,차대차 - 측면충돌,직진우회전진행방해,건조,맑음,교차로 - 교차로안,승용,여,59세,부상신고,승용,남,77세,경상
2020051100100490,2020년 5월 11일 17시,월요일,제주특별자치도 제주시 조천읍,경상사고,0,0,1,0,차대차 - 측면충돌,교차로운행방법위반,건조,맑음,교차로 - 교차로안,이륜,남,73세,경상,승용,남,46세,상해없음
2020051100100525,2020년 5월 11일 18시,월요일,제주특별자치도 제주시 연동,부상신고사고,0,0,0,1,차대차 - 추돌,안전운전불이행,건조,맑음,단일로 - 기타,승용,여,29세,상해없음,승용,남,34세,부상신고
2020051100100590,2020년 5월 11일 20시,월요일,제주특별자치도 제주시 노형동,경상사고,0,0,1,0,차대차 - 측면충돌,안전운전불이행,건조,맑음,단일로 - 기타,승용,남,50세,상해없음,사륜오토바이(ATV),남,28세,경상
2020051200100139,2020년 5월 12일 08시,화요일,제주특별자치도 서귀포시 성산읍,경상사고,0,0,2,0,차대차 - 정면충돌,신호위반,건조,맑음,교차로 - 교차로안,화물,남,76세,상해없음,승용,여,39세,경상
2020051200100229,2020년 5월 12일 11시,화요일,제주특별자치도 제주시 구좌읍,부상신고사고,0,0,0,1,차량단독 - 전도전복 - 전도,안전운전불이행,건조,맑음,단일로 - 기타,이륜,남,72세,부상신고,,,,
2020051200100230,2020년 5월 12일 11시,화요일,제주특별자치도 제주시 애월읍,경상사고,0,0,1,0,차대차 - 기타,안전운전불이행,건조,맑음,단일로 - 기타,화물,남,43세,상해없음,이륜,남,86세,경상
2020051200100256,2020년 5월 12일 12시,화요일,제주특별자치도 제주시 도련이동,중상사고,0,1,0,0,차대차 - 기타,차로위반,건조,맑음,단일로 - 기타,승용,남,66세,상해없음,이륜,남,44세,중상
2020051200100478,2020년 5월 12일 18시,화요일,제주특별자치도 제주시 연동,경상사고,0,0,2,0,차대차 - 기타,안전운전불이행,건조,맑음,교차로 - 교차로안,승용,남,58세,기타불명,승합,남,61세,상해없음
2020051200100512,2020년 5월 12일 19시,화요일,제주특별자치도 제주시 애월읍,사망사고,1,1,0,0,차량단독 - 공작물충돌,안전운전불이행,건조,맑음,단일로 - 기타,승합,남,66세,중상,,,,
2020051300100027,2020년 5월 13일 01시,수요일,제주특별자치도 제주시 연동,경상사고,0,0,1,0,차대차 - 정면충돌,직진우회전진행방해,건조,맑음,교차로 - 교차로안,승용,남,66세,상해없음,승용,남,59세,상해없음
2020051300100038,2020년 5월 13일 02시,수요일,제주특별자치도 제주시 연동,중상사고,0,1,0,0,차대사람 - 기타,안전운전불이행,건조,맑음,단일로 - 기타,승용,남,21세,기타불명,보행자,남,38세,중상
2020051300100056,2020년 5월 13일 05시,수요일,제주특별자치도 서귀포시 대정읍,중상사고,0,1,0,0,차량단독 - 도로외이탈 - 추락,안전운전불이행,젖음/습기,안개,단일로 - 기타,승합,남,78세,중상,,,,
2020051300100194,2020년 5월 13일 10시,수요일,제주특별자치도 제주시 구좌읍,중상사고,0,3,1,0,차대차 - 정면충돌,중앙선침범,건조,맑음,교차로 - 교차로부근,화물,남,74세,상해없음,승용,여,59세,중상
2020051300100195,2020년 5월 13일 10시,수요일,제주특별자치도 제주시 노형동,경상사고,0,0,1,0,차량단독 - 공작물충돌,안전운전불이행,건조,맑음,단일로 - 기타,승용,여,41세,경상,,,,
2020051300100232,2020년 5월 13일 11시,수요일,제주특별자치도 제주시 일도이동,경상사고,0,0,1,0,차대차 - 추돌,안전운전불이행,건조,맑음,단일로 - 기타,승용,남,52세,상해없음,이륜,남,49세,경상
2020051300100233,2020년 5월 13일 11시,수요일,제주특별자치도 제주시 애월읍,경상사고,0,0,1,0,차량단독 - 전도전복 - 전도,안전운전불이행,건조,맑음,단일로 - 기타,이륜,남,63세,경상,,,,
2020051300100234,2020년 5월 13일 11시,수요일,제주특별자치도 제주시 오라삼동,중상사고,0,1,0,0,차대차 - 추돌,안전운전불이행,건조,맑음,단일로 - 기타,화물,남,48세,상해없음,승용,남,38세,중상
2020051300100235,2020년 5월 13일 11시,수요일,제주특별자치도 제주시 노형동,경상사고,0,0,2,0,차대차 - 측면충돌,교차로운행방법위반,건조,맑음,교차로 - 교차로안,승용,여,39세,경상,승용,여,49세,경상
2020051300100376,2020년 5월 13일 15시,수요일,제주특별자치도 서귀포시 회수동,경상사고,0,0,2,0,차대차 - 측면충돌,차로위반,건조,맑음,교차로 - 교차로안,승용,여,46세,상해없음,승용,남,29세,경상
2020051300100420,2020년 5월 13일 16시,수요일,제주특별자치도 제주시 도두이동,경상사고,0,0,2,0,차대차 - 추돌,안전거리미확보,건조,맑음,교차로 - 교차로안,승용,여,26세,상해없음,승용,여,30세,경상
2020051300100514,2020년 5월 13일 18시,수요일,제주특별자치도 제주시 이도이동,중상사고,0,1,0,0,차대사람 - 횡단중,보행자보호의무위반,건조,맑음,단일로 - 기타,이륜,남,23세,상해없음,보행자,여,32세,중상
2020051300100515,2020년 5월 13일 18시,수요일,제주특별자치도 서귀포시 강정동,경상사고,0,0,2,0,차대차 - 추돌,안전운전불이행,건조,맑음,단일로 - 기타,승합,남,62세,상해없음,승용,남,38세,경상
2020051300100562,2020년 5월 13일 19시,수요일,제주특별자치도 서귀포시 하원동,중상사고,0,1,0,0,차량단독 - 공작물충돌,안전운전불이행,건조,맑음,기타 - 기타,승용,여,40세,중상,,,,
2020051300100614,2020년 5월 13일 21시,수요일,제주특별자치도 제주시 노형동,경상사고,0,0,1,0,차대차 - 추돌,안전운전불이행,건조,맑음,교차로 - 교차로부근,승용,남,44세,상해없음,승용,남,29세,상해없음
2020051300100648,2020년 5월 13일 23시,수요일,제주특별자치도 서귀포시 안덕면,경상사고,0,0,1,0,차대사람 - 길가장자리구역통행중,안전운전불이행,건조,맑음,단일로 - 기타,승용,남,29세,상해없음,보행자,여,46세,경상
2020051400100102,2020년 5월 14일 08시,목요일,제주특별자치도 제주시 도남동,중상사고,0,1,0,0,차대차 - 기타,안전운전불이행,건조,맑음,기타 - 기타,승용,남,40세,상해없음,자전거,남,16세,중상
2020051400100130,2020년 5월 14일 09시,목요일,제주특별자치도 서귀포시 대정읍,중상사고,0,1,0,0,차대차 - 후진중충돌,안전운전불이행,건조,맑음,단일로 - 기타,승용,남,81세,상해없음,승용,남,38세,기타불명
2020051400100165,2020년 5월 14일 10시,목요일,제주특별자치도 제주시 봉개동,경상사고,0,0,1,0,차대차 - 측면충돌,안전운전불이행,건조,흐림,교차로 - 교차로부근,승용,여,43세,상해없음,승용,남,54세,상해없음
2020051400100205,2020년 5월 14일 11시,목요일,제주특별자치도 서귀포시 호근동,중상사고,0,1,0,0,차대차 - 측면충돌,안전운전불이행,건조,맑음,단일로 - 기타,승용,여,25세,상해없음,이륜,남,63세,중상
2020051400100206,2020년 5월 14일 11시,목요일,제주특별자치도 제주시 노형동,중상사고,0,2,0,0,차대차 - 측면충돌,직진우회전진행방해,건조,맑음,교차로 - 교차로안,이륜,남,49세,중상,승용,남,52세,중상
2020051400100305,2020년 5월 14일 14시,목요일,제주특별자치도 서귀포시 대정읍,중상사고,0,1,0,0,차대차 - 측면충돌,안전운전불이행,건조,맑음,단일로 - 기타,화물,남,64세,상해없음,자전거,여,70세,중상
2020051400100306,2020년 5월 14일 14시,목요일,제주특별자치도 서귀포시 대정읍,중상사고,0,1,0,0,차대사람 - 횡단중,안전운전불이행,건조,맑음,교차로 - 교차로안,승용,여,42세,상해없음,보행자,남,63세,중상
2020051400100381,2020년 5월 14일 16시,목요일,제주특별자치도 제주시 노형동,경상사고,0,0,1,0,차대사람 - 횡단중,안전운전불이행,건조,맑음,단일로 - 기타,승용,남,75세,상해없음,보행자,남,14세,경상
2020051400100471,2020년 5월 14일 18시,목요일,제주특별자치도 제주시 이도이동,경상사고,0,0,1,0,차대차 - 기타,기타,건조,맑음,단일로 - 기타,승용,남,60세,상해없음,이륜,남,21세,경상
2020051400100513,2020년 5월 14일 19시,목요일,제주특별자치도 제주시 노형동,경상사고,0,0,1,0,차대사람 - 보도통행중,기타,건조,맑음,교차로 - 교차로부근,승용,여,54세,상해없음,보행자,남,34세,경상
2020051400100574,2020년 5월 14일 21시,목요일,제주특별자치도 제주시 도련일동,경상사고,0,0,1,0,차대차 - 기타,교차로운행방법위반,건조,맑음,교차로 - 교차로안,화물,남,48세,상해없음,원동기,남,22세,경상
2020051400100608,2020년 5월 14일 22시,목요일,제주특별자치도 서귀포시 대정읍,경상사고,0,0,1,0,차대차 - 측면충돌,안전운전불이행,건조,맑음,단일로 - 기타,승용,남,27세,상해없음,승용,여,48세,경상
2020051500100025,2020년 5월 15일 01시,금요일,제주특별자치도 서귀포시 대정읍,중상사고,0,1,0,0,차대사람 - 횡단중,안전운전불이행,건조,맑음,단일로 - 기타,승용,남,42세,상해없음,보행자,남,49세,중상
2020051500100086,2020년 5월 15일 07시,금요일,제주특별자치도 제주시 오라이동,경상사고,0,0,1,0,차대차 - 추돌,안전거리미확보,젖음/습기,비,교차로 - 교차로부근,승용,남,52세,상해없음,화물,남,59세,경상
2020051500100122,2020년 5월 15일 08시,금요일,제주특별자치도 제주시 조천읍,경상사고,0,0,2,0,차대차 - 측면충돌,안전운전불이행,젖음/습기,비,교차로 - 교차로부근,승용,남,24세,경상,승용,여,66세,경상
2020051500100147,2020년 5월 15일 09시,금요일,제주특별자치도 제주시 애월읍,부상신고사고,0,0,0,1,차량단독 - 공작물충돌,안전운전불이행,젖음/습기,비,단일로 - 기타,승용,남,36세,부상신고,,,,
2020051500100200,2020년 5월 15일 11시,금요일,제주특별자치도 서귀포시 서귀동,경상사고,0,0,2,0,차대차 - 측면충돌,직진우회전진행방해,젖음/습기,흐림,교차로 - 교차로안,승용,여,53세,경상,화물,남,48세,상해없음
2020051500100383,2020년 5월 15일 16시,금요일,제주특별자치도 제주시 연동,경상사고,0,0,1,0,차대차 - 기타,안전운전불이행,건조,맑음,기타 - 기타,승용,남,44세,상해없음,승합,남,40세,경상
2020051500100515,2020년 5월 15일 19시,금요일,제주특별자치도 서귀포시 신효동,경상사고,0,0,1,0,차대차 - 후진중충돌,안전운전불이행,건조,맑음,단일로 - 기타,승용,남,42세,경상,화물,남,79세,상해없음
2020051500100558,2020년 5월 15일 20시,금요일,제주특별자치도 서귀포시 남원읍,경상사고,0,0,1,0,차대사람 - 기타,기타,건조,맑음,단일로 - 기타,승용,남,45세,상해없음,보행자,남,45세,경상
2020051600100062,2020년 5월 16일 03시,토요일,제주특별자치도 제주시 연동,경상사고,0,0,2,0,차대차 - 기타,중앙선침범,건조,맑음,교차로 - 교차로안,승용,남,34세,경상,승용,남,24세,경상
2020051600100321,2020년 5월 16일 15시,토요일,제주특별자치도 서귀포시 중문동,중상사고,0,1,0,0,차량단독 - 전도전복 - 전도,안전운전불이행,건조,맑음,단일로 - 기타,승용,남,79세,중상,,,,
2020051700100012,2020년 5월 17일 00시,일요일,제주특별자치도 제주시 연동,경상사고,0,0,1,0,차대차 - 추돌,안전운전불이행,건조,맑음,단일로 - 기타,승용,남,50세,상해없음,승용,남,56세,경상
2020051700100148,2020년 5월 17일 11시,일요일,제주특별자치도 서귀포시 성산읍,중상사고,0,1,0,0,차량단독 - 공작물충돌,안전운전불이행,건조,맑음,단일로 - 기타,승용,남,64세,중상,,,,
2020051700100149,2020년 5월 17일 11시,일요일,제주특별자치도 제주시 용담이동,경상사고,0,0,1,0,차량단독 - 기타,안전운전불이행,건조,맑음,단일로 - 기타,승용,남,52세,상해없음,,,,
2020051700100198,2020년 5월 17일 13시,일요일,제주특별자치도 제주시 용담이동,경상사고,0,0,3,0,차대차 - 추돌,안전거리미확보,건조,맑음,교차로 - 교차로안,승용,남,53세,상해없음,승용,남,32세,경상
2020051700100289,2020년 5월 17일 16시,일요일,제주특별자치도 제주시 구좌읍,경상사고,0,0,1,0,차대차 - 추돌,안전거리미확보,건조,맑음,단일로 - 기타,승용,남,48세,상해없음,승용,남,30세,경상
2020051700100327,2020년 5월 17일 17시,일요일,제주특별자치도 제주시 건입동,경상사고,0,0,2,0,차대차 - 측면충돌,안전운전불이행,건조,맑음,기타 - 기타,승용,남,76세,기타불명,승용,여,28세,경상
2020051800100084,2020년 5월 18일 08시,월요일,제주특별자치도 제주시 삼도이동,경상사고,0,0,1,0,차대사람 - 기타,안전운전불이행,건조,맑음,단일로 - 기타,승용,남,51세,상해없음,보행자,여,73세,경상
2020051800100119,2020년 5월 18일 09시,월요일,제주특별자치도 서귀포시 대정읍,중상사고,0,1,0,0,차대차 - 측면충돌,기타,건조,맑음,교차로 - 교차로안,건설기계,남,45세,상해없음,이륜,남,77세,중상
2020051800100151,2020년 5월 18일 10시,월요일,제주특별자치도 제주시 아라일동,경상사고,0,0,2,0,차대차 - 측면충돌,안전운전불이행,건조,맑음,교차로 - 교차로안,승용,여,52세,상해없음,승용,여,35세,경상
2020051800100152,2020년 5월 18일 10시,월요일,제주특별자치도 제주시 아라일동,경상사고,0,0,1,0,차대차 - 추돌,안전운전불이행,젖음/습기,흐림,교차로 - 교차로부근,화물,남,41세,상해없음,승용,여,63세,경상
2020051800100186,2020년 5월 18일 11시,월요일,제주특별자치도 제주시 연동,경상사고,0,0,3,0,차대차 - 측면충돌,직진우회전진행방해,건조,맑음,교차로 - 교차로안,승용,남,58세,상해없음,승용,남,32세,경상
2020051800100222,2020년 5월 18일 12시,월요일,제주특별자치도 서귀포시 중문동,경상사고,0,0,1,0,차대사람 - 차도통행중,안전운전불이행,건조,맑음,교차로 - 교차로안,화물,남,45세,상해없음,보행자,여,8세,경상
2020051800100223,2020년 5월 18일 12시,월요일,제주특별자치도 제주시 외도이동,경상사고,0,0,1,0,차대차 - 측면충돌,안전운전불이행,건조,맑음,단일로 - 기타,승용,남,54세,경상,승용,남,55세,상해없음
2020051800100265,2020년 5월 18일 13시,월요일,제주특별자치도 제주시 삼도이동,경상사고,0,0,1,0,차대차 - 추돌,안전운전불이행,건조,맑음,교차로 - 교차로부근,승용,남,27세,상해없음,승용,남,42세,경상
2020051800100346,2020년 5월 18일 15시,월요일,제주특별자치도 제주시 연동,중상사고,0,1,0,1,차대차 - 측면충돌,안전운전불이행,건조,맑음,교차로 - 교차로안,이륜,남,42세,중상,승용,여,59세,부상신고
2020051800100445,2020년 5월 18일 17시,월요일,제주특별자치도 서귀포시 법환동,경상사고,0,0,1,0,차대차 - 측면충돌,직진우회전진행방해,젖음/습기,흐림,교차로 - 교차로안,승용,남,31세,상해없음,승용,여,53세,경상
2020051800100527,2020년 5월 18일 19시,월요일,제주특별자치도 제주시 노형동,경상사고,0,0,1,0,차대차 - 기타,안전운전불이행,건조,맑음,교차로 - 교차로안,승용,남,54세,상해없음,이륜,남,23세,경상
2020051800100528,2020년 5월 18일 19시,월요일,제주특별자치도 제주시 한경면,사망사고,1,0,0,0,차량단독 - 공작물충돌,안전운전불이행,건조,흐림,교차로 - 교차로부근,승용,여,58세,사망,,,,
2020051800100569,2020년 5월 18일 20시,월요일,제주특별자치도 제주시 연동,경상사고,0,0,1,0,차대차 - 기타,안전운전불이행,젖음/습기,비,단일로 - 기타,자전거,남,33세,상해없음,이륜,남,35세,경상
2020051800100641,2020년 5월 18일 23시,월요일,제주특별자치도 제주시 이도이동,경상사고,0,0,1,0,차대차 - 추돌,안전운전불이행,건조,맑음,교차로 - 교차로안,승용,남,36세,상해없음,승용,남,43세,경상
2020051800100642,2020년 5월 18일 23시,월요일,제주특별자치도 서귀포시 법환동,경상사고,0,0,4,0,차대차 - 기타,안전거리미확보,젖음/습기,흐림,단일로 - 기타,이륜,남,49세,상해없음,승용,여,27세,경상
2020051900100064,2020년 5월 19일 07시,화요일,제주특별자치도 서귀포시 호근동,경상사고,0,0,1,0,차대차 - 추돌,안전거리미확보,건조,맑음,단일로 - 기타,승용,여,30세,경상,화물,여,51세,상해없음
2020051900100065,2020년 5월 19일 07시,화요일,제주특별자치도 서귀포시 표선면,중상사고,0,1,0,0,차대차 - 정면충돌,안전운전불이행,건조,맑음,단일로 - 지하차도(도로)내,건설기계,남,23세,상해없음,승용,여,47세,중상
2020051900100144,2020년 5월 19일 10시,화요일,제주특별자치도 제주시 도련이동,경상사고,0,0,2,0,차대차 - 추돌,안전거리미확보,건조,맑음,교차로 - 교차로부근,승용,여,25세,상해없음,승용,남,32세,경상
2020051900100244,2020년 5월 19일 13시,화요일,제주특별자치도 제주시 한림읍,경상사고,0,0,1,0,차대차 - 측면충돌,안전운전불이행,건조,맑음,단일로 - 기타,승용,여,69세,상해없음,승용,여,27세,경상
2020051900100268,2020년 5월 19일 14시,화요일,제주특별자치도 제주시 도련일동,경상사고,0,0,1,0,차대사람 - 횡단중,신호위반,건조,맑음,교차로 - 교차로횡단보도내,기타불명,기타불명,미분류,기타불명,보행자,남,22세,경상
2020051900100269,2020년 5월 19일 14시,화요일,제주특별자치도 서귀포시 남원읍,경상사고,0,0,1,0,차대차 - 측면충돌,직진우회전진행방해,건조,맑음,교차로 - 교차로안,승용,남,39세,상해없음,승용,여,55세,경상
2020051900100310,2020년 5월 19일 15시,화요일,제주특별자치도 제주시 이도일동,부상신고사고,0,0,0,1,차대사람 - 기타,안전운전불이행,건조,맑음,단일로 - 기타,승용,남,47세,상해없음,보행자,남,71세,부상신고
2020051900100311,2020년 5월 19일 15시,화요일,제주특별자치도 제주시 삼도일동,경상사고,0,0,1,0,차대차 - 추돌,안전운전불이행,건조,맑음,교차로 - 교차로부근,승용,남,47세,상해없음,승용,남,52세,경상
2020051900100491,2020년 5월 19일 20시,화요일,제주특별자치도 제주시 노형동,경상사고,0,0,1,0,차대사람 - 횡단중,보행자보호의무위반,건조,맑음,교차로 - 교차로횡단보도내,승용,여,47세,상해없음,보행자,남,39세,경상
2020051900100568,2020년 5월 19일 23시,화요일,제주특별자치도 제주시 도련일동,부상신고사고,0,0,0,1,차대차 - 기타,안전운전불이행,건조,맑음,교차로 - 교차로안,자전거,남,15세,부상신고,승용,남,66세,상해없음
2020052000100071,2020년 5월 20일 06시,수요일,제주특별자치도 제주시 이도일동,경상사고,0,0,1,0,차대차 - 추돌,안전운전불이행,건조,맑음,교차로 - 교차로부근,승용,남,21세,상해없음,화물,남,45세,상해없음
2020052000100084,2020년 5월 20일 07시,수요일,제주특별자치도 제주시 일도이동,경상사고,0,0,1,0,차대차 - 측면충돌,안전운전불이행,건조,맑음,교차로 - 교차로안,승용,남,51세,상해없음,원동기,남,34세,경상
2020052000100161,2020년 5월 20일 09시,수요일,제주특별자치도 제주시 오라삼동,경상사고,0,0,1,0,차대사람 - 횡단중,보행자보호의무위반,건조,맑음,교차로 - 교차로횡단보도내,승용,남,54세,상해없음,보행자,남,49세,경상
2020052000100192,2020년 5월 20일 10시,수요일,제주특별자치도 서귀포시 성산읍,중상사고,0,1,0,0,차대차 - 측면충돌,안전운전불이행,건조,맑음,단일로 - 기타,승용,남,27세,상해없음,이륜,남,45세,중상
2020052000100238,2020년 5월 20일 11시,수요일,제주특별자치도 서귀포시 서귀동,경상사고,0,0,1,0,차대차 - 측면충돌,신호위반,건조,맑음,교차로 - 교차로안,이륜,남,16세,경상,승합,남,56세,상해없음
2020052000100239,2020년 5월 20일 11시,수요일,제주특별자치도 제주시 연동,경상사고,0,0,1,0,차대차 - 측면충돌,안전거리미확보,건조,맑음,교차로 - 교차로안,화물,남,66세,상해없음,승용,남,34세,경상
2020052000100355,2020년 5월 20일 14시,수요일,제주특별자치도 서귀포시 표선면,경상사고,0,0,1,0,차대차 - 측면충돌,신호위반,건조,맑음,교차로 - 교차로안,승용,남,24세,상해없음,승용,여,72세,경상
2020052000100356,2020년 5월 20일 14시,수요일,제주특별자치도 제주시 연동,중상사고,0,1,2,0,차대차 - 추돌,안전운전불이행,건조,맑음,단일로 - 기타,화물,남,37세,상해없음,승용,남,29세,중상
2020052000100398,2020년 5월 20일 15시,수요일,제주특별자치도 제주시 건입동,중상사고,0,1,0,0,차대차 - 기타,중앙선침범,건조,맑음,교차로 - 교차로부근,승용,남,46세,상해없음,승합,남,54세,중상
2020052000100445,2020년 5월 20일 16시,수요일,제주특별자치도 제주시 한림읍,경상사고,0,0,1,0,차량단독 - 공작물충돌,안전운전불이행,건조,맑음,단일로 - 기타,화물,남,40세,경상,,,,
2020052000100495,2020년 5월 20일 17시,수요일,제주특별자치도 제주시 애월읍,중상사고,0,1,0,0,차대차 - 측면충돌,안전운전불이행,건조,맑음,단일로 - 기타,농기계,남,78세,중상,화물,남,35세,상해없음
2020052000100496,2020년 5월 20일 17시,수요일,제주특별자치도 제주시 노형동,경상사고,0,0,1,0,차대차 - 측면충돌,신호위반,건조,맑음,교차로 - 교차로안,승용,남,38세,상해없음,승용,여,40세,경상
2020052000100551,2020년 5월 20일 18시,수요일,제주특별자치도 서귀포시 도순동,경상사고,0,0,1,0,차대차 - 추돌,안전거리미확보,건조,맑음,단일로 - 기타,이륜,남,19세,경상,이륜,남,19세,상해없음
2020052000100552,2020년 5월 20일 18시,수요일,제주특별자치도 제주시 연동,경상사고,0,0,2,0,차대차 - 후진중충돌,안전운전불이행,건조,맑음,단일로 - 기타,승용,여,57세,상해없음,승용,여,28세,기타불명
2020052000100553,2020년 5월 20일 18시,수요일,제주특별자치도 제주시 애월읍,중상사고,0,1,4,0,차대차 - 측면충돌,교차로운행방법위반,건조,맑음,교차로 - 교차로안,승용,남,50세,경상,승용,남,37세,경상
2020052100100027,2020년 5월 21일 04시,목요일,제주특별자치도 제주시 구좌읍,중상사고,0,1,0,0,차대사람 - 기타,보행자보호의무위반,건조,맑음,교차로 - 교차로안,승용,남,79세,상해없음,보행자,남,72세,중상
2020052100100111,2020년 5월 21일 08시,목요일,제주특별자치도 서귀포시 토평동,경상사고,0,0,3,0,차대차 - 추돌,안전거리미확보,건조,맑음,단일로 - 기타,화물,남,25세,경상,승용,남,50세,경상
2020052100100175,2020년 5월 21일 10시,목요일,제주특별자치도 제주시 연동,부상신고사고,0,0,0,1,차대차 - 측면충돌,교차로운행방법위반,건조,맑음,교차로 - 교차로부근,승용,여,54세,상해없음,이륜,여,26세,부상신고
2020052100100216,2020년 5월 21일 11시,목요일,제주특별자치도 제주시 연동,경상사고,0,0,1,0,차대차 - 기타,안전운전불이행,건조,맑음,교차로 - 교차로안,이륜,남,33세,경상,승용,남,69세,상해없음
2020052100100287,2020년 5월 21일 13시,목요일,제주특별자치도 제주시 이도일동,경상사고,0,0,1,0,차대차 - 추돌,안전운전불이행,건조,맑음,교차로 - 교차로부근,승용,남,65세,기타불명,승용,남,25세,경상
2020052100100288,2020년 5월 21일 13시,목요일,제주특별자치도 제주시 이도이동,경상사고,0,0,1,0,차대차 - 정면충돌,안전운전불이행,건조,맑음,단일로 - 기타,승용,남,39세,상해없음,화물,남,39세,경상
2020052100100323,2020년 5월 21일 14시,목요일,제주특별자치도 제주시 이도일동,경상사고,0,0,1,0,차대차 - 측면충돌,교차로운행방법위반,건조,맑음,교차로 - 교차로안,승용,여,54세,상해없음,이륜,남,80세,경상
2020052100100324,2020년 5월 21일 14시,목요일,제주특별자치도 제주시 연동,경상사고,0,0,2,0,차대차 - 기타,안전거리미확보,건조,맑음,교차로 - 교차로안,승용,여,56세,상해없음,승용,여,29세,경상
2020052100100397,2020년 5월 21일 16시,목요일,제주특별자치도 서귀포시 도순동,경상사고,0,0,2,0,차대차 - 기타,안전운전불이행,건조,맑음,단일로 - 기타,화물,남,54세,상해없음,승용,남,25세,경상
2020052100100506,2020년 5월 21일 18시,목요일,제주특별자치도 제주시 화북일동,경상사고,0,0,5,0,차대차 - 추돌,안전운전불이행,건조,맑음,단일로 - 기타,화물,남,79세,상해없음,화물,남,50세,경상
2020052100100565,2020년 5월 21일 20시,목요일,제주특별자치도 서귀포시 강정동,중상사고,0,1,0,0,차대차 - 추돌,안전운전불이행,건조,맑음,단일로 - 기타,승용,남,33세,상해없음,승용,여,46세,중상
2020052200100058,2020년 5월 22일 06시,금요일,제주특별자치도 제주시 삼도이동,경상사고,0,0,1,0,차대차 - 추돌,안전운전불이행,건조,맑음,교차로 - 교차로부근,승용,남,45세,상해없음,승용,남,40세,경상
2020052200100110,2020년 5월 22일 08시,금요일,제주특별자치도 제주시 노형동,경상사고,0,0,1,0,차대차 - 추돌,안전운전불이행,건조,맑음,단일로 - 기타,화물,남,42세,상해없음,승용,남,64세,상해없음