사고번호,사고일시,요일,시군구,사고내용,사망자수,중상자수,경상자수,부상신고자수,사고유형,법규위반,노면상태,기상상태,도로형태,가해운전자 차종,가해운전자 성별,가해운전자 연령,가해운전자 상해정도,피해운전자 차종,피해운전자 성별,피해운전자 연령,피해운전자 상해정도
2020060200100312,2020년 6월 2일 13시,화요일,제주특별자치도 제주시 해안동,경상사고,0,0,1,0,차대차 - 후진중충돌,안전운전불이행,건조,맑음,단일로 - 기타,승용,남,82세,상해없음,승용,남,23세,경상
2020060200100463,2020년 6월 2일 17시,화요일,제주특별자치도 제주시 도남동,중상사고,0,1,0,0,차대차 - 측면충돌,교차로운행방법위반,건조,맑음,교차로 - 교차로안,화물,남,39세,상해없음,화물,남,45세,중상
2020060200100496,2020년 6월 2일 18시,화요일,제주특별자치도 제주시 이도이동,중상사고,0,1,0,0,차대차 - 정면충돌,안전운전불이행,건조,맑음,단일로 - 기타,승용,여,53세,상해없음,이륜,남,29세,중상
2020060200100527,2020년 6월 2일 19시,화요일,제주특별자치도 제주시 노형동,경상사고,0,0,1,0,차대차 - 후진중충돌,안전운전불이행,건조,맑음,단일로 - 기타,승용,남,26세,상해없음,승용,남,37세,경상
2020060200100600,2020년 6월 2일 22시,화요일,제주특별자치도 서귀포시 안덕면,경상사고,0,0,1,0,차량단독 - 공작물충돌,안전운전불이행,건조,맑음,단일로 - 기타,승용,남,42세,경상,,,,
2020060200100601,2020년 6월 2일 22시,화요일,제주특별자치도 제주시 용담삼동,경상사고,0,0,4,0,차대차 - 정면충돌,직진우회전진행방해,건조,맑음,교차로 - 교차로안,승용,여,29세,상해없음,승용,여,24세,경상
2020060300100161,2020년 6월 3일 10시,수요일,제주특별자치도 제주시 노형동,경상사고,0,0,1,0,차대차 - 추돌,직진우회전진행방해,건조,맑음,교차로 - 교차로안,승용,여,47세,상해없음,승용,남,41세,경상
2020060300100162,2020년 6월 3일 10시,수요일,제주특별자치도 제주시 연동,경상사고,0,0,1,0,차대차 - 추돌,안전운전불이행,건조,맑음,단일로 - 기타,승용,여,25세,상해없음,화물,남,57세,상해없음
2020060300100262,2020년 6월 3일 13시,수요일,제주특별자치도 서귀포시 남원읍,중상사고,0,1,0,0,차대사람 - 차도통행중,안전운전불이행,건조,맑음,교차로 - 교차로안,승용,남,47세,상해없음,보행자,여,79세,중상
2020060300100298,2020년 6월 3일 14시,수요일,제주특별자치도 서귀포시 서홍동,부상신고사고,0,0,0,1,차대차 - 기타,안전운전불이행,건조,맑음,교차로 - 교차로안,이륜,남,76세,부상신고,승용,여,41세,상해없음
2020060300100426,2020년 6월 3일 17시,수요일,제주특별자치도 제주시 연동,중상사고,0,1,0,0,차대사람 - 횡단중,신호위반,건조,맑음,교차로 - 교차로횡단보도내,승용,남,65세,상해없음,보행자,남,9세,중상
2020060400100058,2020년 6월 4일 06시,목요일,제주특별자치도 제주시 건입동,경상사고,0,0,1,0,차대차 - 측면충돌,안전운전불이행,건조,맑음,단일로 - 기타,승용,남,45세,상해없음,승용,남,27세,경상
2020060400100313,2020년 6월 4일 14시,목요일,제주특별자치도 제주시 용담일동,중상사고,0,1,2,0,차대차 - 측면충돌,교차로운행방법위반,건조,맑음,교차로 - 교차로안,승용,남,48세,상해없음,승합,여,49세,경상
2020060400100314,2020년 6월 4일 14시,목요일,제주특별자치도 서귀포시 성산읍,경상사고,0,0,1,0,차량단독 - 공작물충돌,안전운전불이행,건조,맑음,단일로 - 기타,승용,남,38세,경상,,,,
2020060400100315,2020년 6월 4일 14시,목요일,제주특별자치도 제주시 연동,경상사고,0,0,2,0,차대차 - 기타,중앙선침범,건조,맑음,단일로 - 기타,승용,남,23세,상해없음,승용,남,36세,경상
2020060400100316,2020년 6월 4일 14시,목요일,제주특별자치도 제주시 한림읍,경상사고,0,0,1,0,차대차 - 측면충돌,직진우회전진행방해,건조,맑음,교차로 - 교차로안,승용,여,42세,상해없음,승용,남,56세,경상
2020060400100354,2020년 6월 4일 15시,목요일,제주특별자치도 서귀포시 동홍동,경상사고,0,0,1,0,차대사람 - 길가장자리구역통행중,안전운전불이행,건조,맑음,단일로 - 지하차도(도로)내,승용,여,49세,상해없음,보행자,여,45세,경상
2020060400100355,2020년 6월 4일 15시,목요일,제주특별자치도 서귀포시 대정읍,경상사고,0,0,1,0,차대차 - 측면충돌,직진우회전진행방해,건조,맑음,교차로 - 교차로안,화물,여,52세,상해없음,승용,여,54세,경상
2020060400100538,2020년 6월 4일 19시,목요일,제주특별자치도 제주시 노형동,경상사고,0,0,1,0,차대차 - 기타,안전운전불이행,건조,맑음,교차로 - 교차로부근,승용,남,51세,상해없음,승용,남,35세,경상
2020060400100647,2020년 6월 4일 23시,목요일,제주특별자치도 제주시 연동,중상사고,0,1,0,0,차량단독 - 공작물충돌,안전운전불이행,건조,맑음,단일로 - 기타,개인형이동수단(PM),남,62세,중상,,,,
2020060500100016,2020년 6월 5일 00시,금요일,제주특별자치도 제주시 조천읍,경상사고,0,0,1,0,차량단독 - 기타,안전운전불이행,젖음/습기,안개,교차로 - 교차로횡단보도내,승용,남,43세,경상,,,,
2020060500100047,2020년 6월 5일 04시,금요일,제주특별자치도 제주시 노형동,경상사고,0,0,2,0,차대차 - 추돌,안전운전불이행,건조,맑음,교차로 - 교차로부근,승용,남,22세,상해없음,이륜,남,65세,경상
2020060500100127,2020년 6월 5일 08시,금요일,제주특별자치도 서귀포시 대정읍,경상사고,0,0,2,0,차대차 - 측면충돌,중앙선침범,건조,맑음,교차로 - 교차로부근,승용,남,80세,상해없음,승용,남,64세,경상
2020060500100223,2020년 6월 5일 11시,금요일,제주특별자치도 제주시 이도이동,경상사고,0,0,1,0,차대차 - 후진중충돌,안전운전불이행,건조,맑음,단일로 - 기타,승용,남,61세,상해없음,이륜,남,49세,경상
2020060500100535,2020년 6월 5일 18시,금요일,제주특별자치도 서귀포시 강정동,중상사고,0,1,0,0,차대차 - 추돌,안전거리미확보,건조,맑음,단일로 - 지하차도(도로)내,승용,남,30세,상해없음,승합,남,59세,중상
2020060600100028,2020년 6월 6일 01시,토요일,제주특별자치도 제주시 도두일동,부상신고사고,0,0,0,1,차량단독 - 전도전복 - 전도,안전운전불이행,건조,맑음,단일로 - 기타,이륜,여,23세,부상신고,,,,
2020060600100198,2020년 6월 6일 11시,토요일,제주특별자치도 제주시 구좌읍,경상사고,0,0,3,0,차대차 - 추돌,안전거리미확보,건조,맑음,단일로 - 기타,승용,남,37세,상해없음,승용,여,39세,경상
2020060600100272,2020년 6월 6일 13시,토요일,제주특별자치도 서귀포시 서홍동,경상사고,0,0,1,1,차대사람 - 횡단중,보행자보호의무위반,건조,맑음,교차로 - 교차로횡단보도내,이륜,남,28세,부상신고,보행자,남,56세,경상
2020060600100346,2020년 6월 6일 15시,토요일,제주특별자치도 제주시 이도이동,경상사고,0,0,1,0,차대차 - 추돌,안전거리미확보,건조,맑음,교차로 - 교차로부근,승용,남,40세,상해없음,화물,남,49세,경상
2020060600100347,2020년 6월 6일 15시,토요일,제주특별자치도 서귀포시 신효동,경상사고,0,0,1,0,차대차 - 정면충돌,기타,건조,맑음,교차로 - 교차로부근,승용,남,50세,상해없음,자전거,남,9세,경상
2020060600100348,2020년 6월 6일 15시,토요일,제주특별자치도 제주시 한림읍,중상사고,0,1,0,0,차대차 - 추돌,안전거리미확보,건조,맑음,단일로 - 기타,특수,남,38세,상해없음,승용,여,58세,중상
2020060600100391,2020년 6월 6일 16시,토요일,제주특별자치도 제주시 노형동,경상사고,0,0,3,0,차대차 - 측면충돌,신호위반,건조,맑음,교차로 - 교차로부근,승용,여,55세,경상,승용,여,33세,경상
2020060600100559,2020년 6월 6일 21시,토요일,제주특별자치도 제주시 노형동,경상사고,0,0,2,0,차대차 - 추돌,안전운전불이행,건조,맑음,교차로 - 교차로부근,승용,남,32세,상해없음,승용,남,53세,경상
2020060700100078,2020년 6월 7일 06시,일요일,제주특별자치도 제주시 노형동,경상사고,0,0,1,0,차대차 - 측면충돌,교차로운행방법위반,건조,맑음,교차로 - 교차로안,승용,남,20세,상해없음,승용,남,36세,경상
2020060700100103,2020년 6월 7일 08시,일요일,제주특별자치도 제주시 화북일동,경상사고,0,0,1,0,차대차 - 측면충돌,차로위반,건조,맑음,단일로 - 기타,승용,여,59세,상해없음,승용,여,57세,경상
2020060700100226,2020년 6월 7일 13시,일요일,제주특별자치도 제주시 노형동,중상사고,0,1,1,0,차대차 - 측면충돌,교차로운행방법위반,건조,맑음,교차로 - 교차로안,승용,남,33세,상해없음,승용,남,48세,상해없음
2020060700100336,2020년 6월 7일 16시,일요일,제주특별자치도 제주시 이호일동,부상신고사고,0,0,0,1,차대차 - 측면충돌,안전운전불이행,건조,맑음,단일로 - 기타,이륜,여,19세,부상신고,승용,남,38세,상해없음
2020060700100376,2020년 6월 7일 17시,일요일,제주특별자치도 서귀포시 남원읍,중상사고,0,1,1,0,차대차 - 기타,직진우회전진행방해,건조,맑음,교차로 - 교차로안,승용,여,30세,경상,승용,여,24세,중상
2020060700100377,2020년 6월 7일 17시,일요일,제주특별자치도 제주시 이호일동,경상사고,0,0,1,0,차대사람 - 기타,안전운전불이행,건조,맑음,단일로 - 기타,승용,남,58세,상해없음,보행자,남,2세,경상
2020060700100413,2020년 6월 7일 18시,일요일,제주특별자치도 제주시 일도이동,경상사고,0,0,1,0,차대사람 - 횡단중,안전운전불이행,건조,맑음,교차로 - 교차로안,승용,여,52세,상해없음,보행자,남,22세,경상
2020060700100438,2020년 6월 7일 19시,일요일,제주특별자치도 제주시 조천읍,중상사고,0,1,0,0,차대차 - 측면충돌,안전운전불이행,건조,맑음,단일로 - 기타,승용,남,20세,상해없음,이륜,남,52세,중상
2020060700100439,2020년 6월 7일 19시,일요일,제주특별자치도 제주시 이호이동,경상사고,0,0,5,0,차대차 - 추돌,안전운전불이행,건조,맑음,교차로 - 교차로부근,승용,남,50세,상해없음,승용,남,30세,경상
2020060700100440,2020년 6월 7일 19시,일요일,제주특별자치도 제주시 용담삼동,중상사고,0,1,0,0,차대차 - 기타,안전운전불이행,건조,맑음,단일로 - 기타,승용,남,48세,상해없음,자전거,여,69세,중상
2020060700100468,2020년 6월 7일 20시,일요일,제주특별자치도 제주시 화북이동,경상사고,0,0,1,0,차대사람 - 차도통행중,안전운전불이행,건조,맑음,단일로 - 기타,승용,남,30세,상해없음,보행자,남,47세,경상
2020060700100469,2020년 6월 7일 20시,일요일,제주특별자치도 서귀포시 서홍동,경상사고,0,0,4,0,차량단독 - 공작물충돌,안전운전불이행,건조,기타,단일로 - 기타,승용,남,59세,상해없음,,,,
2020060800100248,2020년 6월 8일 11시,월요일,제주특별자치도 제주시 아라이동,사망사고,1,0,0,0,차대차 - 정면충돌,신호위반,건조,맑음,교차로 - 교차로안,이륜,남,37세,사망,승용,남,42세,상해없음
2020060800100249,2020년 6월 8일 11시,월요일,제주특별자치도 제주시 건입동,경상사고,0,0,3,0,차대차 - 측면충돌,직진우회전진행방해,건조,맑음,교차로 - 교차로안,승용,남,30세,상해없음,승용,남,26세,경상
2020060800100297,2020년 6월 8일 12시,월요일,제주특별자치도 제주시 아라일동,경상사고,0,0,1,0,차대차 - 추돌,안전거리미확보,건조,맑음,교차로 - 교차로부근,승합,남,39세,상해없음,이륜,남,28세,경상
2020060800100342,2020년 6월 8일 13시,월요일,제주특별자치도 제주시 이도이동,경상사고,0,0,1,0,차대차 - 측면충돌,교차로운행방법위반,건조,맑음,교차로 - 교차로안,승용,여,48세,상해없음,승용,남,74세,경상
2020060800100374,2020년 6월 8일 14시,월요일,제주특별자치도 제주시 외도일동,중상사고,0,1,0,1,차대차 - 기타,안전운전불이행,건조,맑음,교차로 - 교차로안,원동기,여,19세,부상신고,화물,남,68세,상해없음
2020060800100416,2020년 6월 8일 15시,월요일,제주특별자치도 제주시 도남동,중상사고,0,1,2,0,차대차 - 추돌,안전거리미확보,건조,맑음,단일로 - 기타,승합,남,63세,상해없음,승합,남,40세,경상
2020060800100417,2020년 6월 8일 15시,월요일,제주특별자치도 제주시 애월읍,경상사고,0,0,2,1,차대차 - 측면충돌,직진우회전진행방해,건조,맑음,교차로 - 교차로안,화물,남,28세,부상신고,승용,여,29세,경상
2020060800100464,2020년 6월 8일 16시,월요일,제주특별자치도 제주시 애월읍,중상사고,0,1,0,0,차대차 - 정면충돌,중앙선침범,건조,맑음,단일로 - 기타,승용,남,80세,중상,건설기계,남,49세,상해없음
2020060800100512,2020년 6월 8일 17시,월요일,제주특별자치도 제주시 해안동,경상사고,0,0,2,0,차대차 - 추돌,안전운전불이행,건조,맑음,단일로 - 기타,승용,남,55세,상해없음,승용,여,30세,경상
2020060800100565,2020년 6월 8일 18시,월요일,제주특별자치도 제주시 연동,경상사고,0,0,1,0,차대차 - 측면충돌,신호위반,건조,맑음,교차로 - 교차로안,화물,남,77세,상해없음,승용,여,27세,경상
2020060800100637,2020년 6월 8일 20시,월요일,제주특별자치도 제주시 구좌읍,중상사고,0,1,0,0,차대차 - 측면충돌,신호위반,건조,맑음,교차로 - 교차로안,승용,남,25세,상해없음,이륜,남,58세,중상
2020060800100667,2020년 6월 8일 21시,월요일,제주특별자치도 서귀포시 중문동,중상사고,0,1,0,0,차대사람 - 횡단중,안전운전불이행,건조,맑음,교차로 - 교차로부근,승용,여,34세,상해없음,보행자,남,50세,중상
2020060800100692,2020년 6월 8일 22시,월요일,제주특별자치도 제주시 삼도이동,경상사고,0,0,1,0,차대사람 - 기타,안전운전불이행,건조,맑음,단일로 - 기타,승용,여,39세,상해없음,보행자,남,41세,경상
2020060900100027,2020년 6월 9일 03시,화요일,제주특별자치도 제주시 외도일동,경상사고,0,0,1,0,차량단독 - 전도전복 - 전도,안전운전불이행,건조,맑음,교차로 - 교차로부근,이륜,남,47세,경상,,,,
2020060900100128,2020년 6월 9일 08시,화요일,제주특별자치도 서귀포시 남원읍,경상사고,0,0,2,0,차대차 - 기타,신호위반,건조,맑음,교차로 - 교차로안,승용,여,44세,경상,승용,남,65세,경상
2020060900100171,2020년 6월 9일 09시,화요일,제주특별자치도 제주시 연동,부상신고사고,0,0,0,2,차대차 - 정면충돌,직진우회전진행방해,건조,맑음,교차로 - 교차로안,승용,여,27세,부상신고,승용,여,50세,부상신고
2020060900100289,2020년 6월 9일 12시,화요일,제주특별자치도 제주시 도두일동,부상신고사고,0,0,0,1,차대차 - 정면충돌,신호위반,건조,맑음,교차로 - 교차로안,화물,남,38세,상해없음,승용,남,61세,부상신고
2020060900100361,2020년 6월 9일 14시,화요일,제주특별자치도 제주시 일도이동,경상사고,0,0,2,0,차대차 - 측면충돌,안전운전불이행,건조,맑음,교차로 - 교차로안,승용,남,55세,상해없음,승용,여,59세,상해없음
2020060900100362,2020년 6월 9일 14시,화요일,제주특별자치도 제주시 도련이동,경상사고,0,0,1,0,차대차 - 추돌,안전운전불이행,건조,맑음,단일로 - 기타,승용,남,73세,상해없음,승용,여,29세,경상
2020060900100455,2020년 6월 9일 16시,화요일,제주특별자치도 제주시 이도이동,경상사고,0,0,1,0,차대사람 - 기타,안전운전불이행,건조,맑음,단일로 - 기타,승용,남,37세,상해없음,보행자,여,18세,경상
2020060900100495,2020년 6월 9일 17시,화요일,제주특별자치도 제주시 외도이동,경상사고,0,0,1,0,차대차 - 추돌,안전운전불이행,건조,맑음,단일로 - 기타,승용,남,36세,상해없음,승용,여,53세,경상
2020060900100561,2020년 6월 9일 18시,화요일,제주특별자치도 제주시 도련일동,중상사고,0,1,0,0,차대차 - 측면충돌,안전거리미확보,건조,맑음,단일로 - 기타,화물,여,51세,상해없음,승용,여,30세,중상
2020061000100129,2020년 6월 10일 08시,수요일,제주특별자치도 서귀포시 서호동,경상사고,0,0,1,0,차대차 - 정면충돌,안전운전불이행,건조,맑음,교차로 - 교차로부근,화물,남,79세,상해없음,승용,여,58세,경상
2020061000100130,2020년 6월 10일 08시,수요일,제주특별자치도 제주시 애월읍,중상사고,0,1,0,0,차대차 - 기타,안전운전불이행,젖음/습기,비,단일로 - 기타,건설기계,남,38세,상해없음,승용,여,42세,중상
2020061000100167,2020년 6월 10일 09시,수요일,제주특별자치도 제주시 삼도이동,부상신고사고,0,0,0,2,차대차 - 측면충돌,교차로운행방법위반,건조,맑음,교차로 - 교차로안,승용,여,34세,부상신고,승용,여,34세,부상신고
2020061000100237,2020년 6월 10일 11시,수요일,제주특별자치도 서귀포시 토평동,경상사고,0,0,1,0,차대차 - 기타,안전운전불이행,젖음/습기,비,기타 - 기타,승용,남,44세,상해없음,화물,남,44세,경상
2020061000100260,2020년 6월 10일 12시,수요일,제주특별자치도 제주시 이도이동,경상사고,0,0,3,0,차대차 - 기타,기타,건조,맑음,교차로 - 교차로안,승용,여,22세,경상,승용,여,54세,경상
2020061000100261,2020년 6월 10일 12시,수요일,제주특별자치도 서귀포시 하원동,경상사고,0,0,2,0,차대차 - 정면충돌,중앙선침범,젖음/습기,비,기타 - 기타,승용,여,40세,경상,승용,남,43세,경상
2020061000100300,2020년 6월 10일 13시,수요일,제주특별자치도 제주시 용담일동,경상사고,0,0,1,0,차대차 - 기타,직진우회전진행방해,젖음/습기,흐림,교차로 - 교차로안,승용,남,34세,상해없음,이륜,남,26세,경상
2020061000100328,2020년 6월 10일 14시,수요일,제주특별자치도 서귀포시 동홍동,경상사고,0,0,2,0,차대차 - 기타,교차로운행방법위반,젖음/습기,비,교차로 - 교차로안,화물,여,39세,경상,승용,여,61세,경상
2020061000100373,2020년 6월 10일 15시,수요일,제주특별자치도 제주시 회천동,경상사고,0,0,1,0,차대차 - 추돌,안전거리미확보,건조,맑음,단일로 - 기타,화물,남,61세,상해없음,승용,남,20세,경상
2020061000100374,2020년 6월 10일 15시,수요일,제주특별자치도 제주시 아라일동,경상사고,0,0,2,0,차대차 - 측면충돌,차로위반,건조,맑음,단일로 - 기타,승합,남,53세,상해없음,승용,남,19세,경상
2020061000100411,2020년 6월 10일 16시,수요일,제주특별자치도 서귀포시 남원읍,경상사고,0,0,1,0,차대사람 - 횡단중,보행자보호의무위반,건조,맑음,단일로 - 기타,화물,남,65세,상해없음,보행자,여,87세,경상
2020061000100412,2020년 6월 10일 16시,수요일,제주특별자치도 서귀포시 색달동,경상사고,0,0,2,0,차대차 - 기타,불법유턴,젖음/습기,비,교차로 - 교차로안,승용,여,64세,상해없음,승용,여,44세,경상
2020061000100520,2020년 6월 10일 18시,수요일,제주특별자치도 제주시 애월읍,경상사고,0,0,2,0,차대차 - 측면충돌,안전운전불이행,젖음/습기,비,단일로 - 기타,승용,남,80세,상해없음,승용,남,42세,경상
2020061000100676,2020년 6월 10일 21시,수요일,제주특별자치도 제주시 삼도이동,중상사고,0,1,0,3,차대차 - 정면충돌,신호위반,건조,맑음,교차로 - 교차로안,승용,남,20세,부상신고,승용,남,27세,중상
2020061100100105,2020년 6월 11일 07시,목요일,제주특별자치도 서귀포시 대정읍,경상사고,0,0,1,0,차대차 - 측면충돌,안전운전불이행,젖음/습기,맑음,단일로 - 기타,승용,남,41세,상해없음,승용,여,38세,경상
2020061100100162,2020년 6월 11일 09시,목요일,제주특별자치도 제주시 이도이동,경상사고,0,0,1,0,차대차 - 측면충돌,직진우회전진행방해,건조,맑음,교차로 - 교차로안,화물,남,47세,상해없음,승용,남,29세,경상
2020061100100264,2020년 6월 11일 12시,목요일,제주특별자치도 서귀포시 동홍동,경상사고,0,0,2,0,차대차 - 측면충돌,불법유턴,건조,맑음,단일로 - 기타,승용,남,74세,상해없음,승용,여,64세,경상
2020061100100265,2020년 6월 11일 12시,목요일,제주특별자치도 제주시 노형동,경상사고,0,0,1,0,차대차 - 기타,안전운전불이행,건조,맑음,교차로 - 교차로안,이륜,남,49세,경상,승용,남,42세,상해없음
2020061100100302,2020년 6월 11일 13시,목요일,제주특별자치도 제주시 조천읍,경상사고,0,0,3,0,차대차 - 정면충돌,안전운전불이행,건조,맑음,단일로 - 기타,화물,남,35세,상해없음,화물,남,32세,경상
2020061100100303,2020년 6월 11일 13시,목요일,제주특별자치도 제주시 이도이동,중상사고,0,1,1,0,차대차 - 추돌,안전운전불이행,건조,맑음,교차로 - 교차로부근,승용,남,37세,경상,승용,남,35세,중상
2020061100100341,2020년 6월 11일 14시,목요일,제주특별자치도 서귀포시 동홍동,중상사고,0,5,1,0,차대차 - 추돌,안전운전불이행,건조,맑음,단일로 - 기타,승용,여,73세,중상,승용,남,45세,경상
2020061100100408,2020년 6월 11일 16시,목요일,제주특별자치도 제주시 아라일동,부상신고사고,0,0,0,1,차대사람 - 횡단중,안전운전불이행,건조,맑음,단일로 - 기타,승용,여,51세,기타불명,보행자,남,9세,부상신고
2020061100100458,2020년 6월 11일 17시,목요일,제주특별자치도 제주시 노형동,중상사고,0,1,2,0,차대차 - 추돌,안전운전불이행,건조,맑음,단일로 - 기타,승합,남,44세,상해없음,승용,남,70세,경상
2020061100100459,2020년 6월 11일 17시,목요일,제주특별자치도 제주시 연동,중상사고,0,1,0,0,차대사람 - 차도통행중,안전운전불이행,건조,맑음,단일로 - 기타,승용,남,47세,상해없음,보행자,남,12세,중상
2020061100100506,2020년 6월 11일 18시,목요일,제주특별자치도 제주시 이도이동,경상사고,0,0,4,0,차대차 - 측면충돌,신호위반,건조,맑음,교차로 - 교차로부근,승용,여,53세,경상,승용,남,22세,경상
2020061100100532,2020년 6월 11일 19시,목요일,제주특별자치도 제주시 이도이동,경상사고,0,0,1,0,차대사람 - 기타,안전운전불이행,건조,맑음,단일로 - 기타,승용,남,24세,상해없음,보행자,여,59세,경상
2020061100100562,2020년 6월 11일 20시,목요일,제주특별자치도 제주시 용담이동,경상사고,0,0,1,0,차대차 - 측면충돌,안전운전불이행,건조,맑음,기타 - 기타,승합,남,64세,상해없음,승용,남,52세,경상
2020061100100600,2020년 6월 11일 21시,목요일,제주특별자치도 제주시 삼도일동,경상사고,0,0,1,0,차대차 - 추돌,안전거리미확보,건조,맑음,교차로 - 교차로부근,승용,남,71세,상해없음,이륜,남,53세,경상
2020061200100009,2020년 6월 12일 00시,금요일,제주특별자치도 제주시 일도이동,부상신고사고,0,0,0,1,차대사람 - 기타,안전운전불이행,건조,맑음,교차로 - 교차로부근,승용,남,65세,상해없음,보행자,남,29세,부상신고
2020061200100044,2020년 6월 12일 05시,금요일,제주특별자치도 제주시 용담이동,경상사고,0,0,1,0,차대차 - 기타,안전운전불이행,건조,맑음,단일로 - 기타,승용,남,26세,경상,승합,남,42세,기타불명
2020061200100199,2020년 6월 12일 10시,금요일,제주특별자치도 제주시 화북일동,경상사고,0,0,1,0,차대차 - 추돌,안전운전불이행,건조,맑음,교차로 - 교차로부근,승용,여,64세,상해없음,승용,여,55세,경상
2020061200100200,2020년 6월 12일 10시,금요일,제주특별자치도 제주시 이도이동,경상사고,0,0,1,0,차대사람 - 길가장자리구역통행중,안전운전불이행,건조,맑음,단일로 - 기타,승용,남,56세,상해없음,보행자,여,19세,경상
2020061200100201,2020년 6월 12일 10시,금요일,제주특별자치도 제주시 외도일동,부상신고사고,0,0,0,1,차량단독 - 기타,신호위반,건조,맑음,교차로 - 교차로안,이륜,남,29세,부상신고,,,,
2020061200100202,2020년 6월 12일 10시,금요일,제주특별자치도 제주시 노형동,경상사고,0,0,1,0,차대사람 - 횡단중,보행자보호의무위반,건조,맑음,교차로 - 교차로횡단보도내,승용,남,29세,상해없음,보행자,남,63세,경상
2020061200100203,2020년 6월 12일 10시,금요일,제주특별자치도 제주시 애월읍,경상사고,0,0,3,0,차대차 - 측면충돌,교차로운행방법위반,건조,맑음,교차로 - 교차로안,승용,남,33세,경상,승용,남,31세,경상
2020061200100309,2020년 6월 12일 13시,금요일,제주특별자치도 제주시 구좌읍,경상사고,0,0,1,0,차대차 - 추돌,안전운전불이행,건조,맑음,교차로 - 교차로안,승용,남,25세,상해없음,화물,남,47세,경상
2020061200100310,2020년 6월 12일 13시,금요일,제주특별자치도 제주시 한림읍,경상사고,0,0,1,0,차대사람 - 차도통행중,안전운전불이행,건조,맑음,단일로 - 기타,승용,여,22세,상해없음,보행자,여,50세,경상
2020061200100346,2020년 6월 12일 14시,금요일,제주특별자치도 제주시 용담이동,경상사고,0,0,1,0,차대사람 - 기타,안전운전불이행,건조,맑음,단일로 - 고가도로위,승용,남,59세,상해없음,보행자,남,46세,경상
2020061200100381,2020년 6월 12일 15시,금요일,제주특별자치도 제주시 구좌읍,경상사고,0,0,1,0,차대차 - 측면충돌,중앙선침범,건조,흐림,교차로 - 교차로부근,승용,남,51세,상해없음,승용,여,47세,경상
2020061200100478,2020년 6월 12일 17시,금요일,제주특별자치도 제주시 일도일동,경상사고,0,0,1,0,차대차 - 기타,교차로운행방법위반,젖음/습기,비,교차로 - 교차로안,승용,남,41세,상해없음,이륜,남,49세,경상
2020061200100526,2020년 6월 12일 18시,금요일,제주특별자치도 서귀포시 서홍동,경상사고,0,0,1,0,차대차 - 기타,교차로운행방법위반,젖음/습기,흐림,교차로 - 교차로안,승용,여,62세,상해없음,승합,남,53세,상해없음
2020061200100578,2020년 6월 12일 19시,금요일,제주특별자치도 제주시 도남동,경상사고,0,0,2,0,차대차 - 정면충돌,안전운전불이행,건조,맑음,교차로 - 교차로부근,이륜,남,49세,상해없음,승용,남,59세,상해없음
2020061200100701,2020년 6월 12일 22시,금요일,제주특별자치도 제주시 연동,경상사고,0,0,1,0,차대차 - 추돌,안전운전불이행,건조,맑음,교차로 - 교차로부근,승용,남,46세,상해없음,승용,남,43세,경상
2020061200100745,2020년 6월 12일 23시,금요일,제주특별자치도 제주시 연동,경상사고,0,0,1,0,차대사람 - 기타,안전운전불이행,건조,맑음,교차로 - 교차로안,승용,남,20세,상해없음,보행자,여,31세,경상
2020061300100094,2020년 6월 13일 05시,토요일,제주특별자치도 제주시 이도이동,중상사고,0,1,1,0,차대차 - 기타,교차로운행방법위반,젖음/습기,비,교차로 - 교차로안,승용,남,41세,상해없음,승용,남,58세,중상
2020061300100140,2020년 6월 13일 08시,토요일,제주특별자치도 제주시 이도이동,경상사고,0,0,1,0,차대차 - 기타,안전거리미확보,건조,맑음,단일로 - 기타,승용,남,63세,상해없음,이륜,남,22세,경상
2020061300100164,2020년 6월 13일 09시,토요일,제주특별자치도 제주시 노형동,경상사고,0,0,2,0,차대차 - 측면충돌,직진우회전진행방해,젖음/습기,비,교차로 - 교차로안,승용,남,47세,상해없음,승용,여,50세,경상
2020061400100077,2020년 6월 14일 05시,일요일,제주특별자치도 제주시 일도이동,경상사고,0,0,1,0,차량단독 - 공작물충돌,안전운전불이행,건조,맑음,교차로 - 교차로안,승용,남,55세,경상,,,,
2020061400100117,2020년 6월 14일 09시,일요일,제주특별자치도 서귀포시 강정동,경상사고,0,0,2,0,차대차 - 기타,기타,젖음/습기,비,단일로 - 기타,승용,남,44세,상해없음,승용,여,38세,상해없음
2020061400100295,2020년 6월 14일 15시,일요일,제주특별자치도 서귀포시 서귀동,경상사고,0,0,1,0,차대차 - 기타,불법유턴,젖음/습기,흐림,교차로 - 교차로안,승용,남,43세,상해없음,이륜,여,69세,경상
2020061400100377,2020년 6월 14일 18시,일요일,제주특별자치도 서귀포시 서귀동,경상사고,0,0,1,0,차대사람 - 기타,안전운전불이행,건조,맑음,단일로 - 기타,원동기,남,53세,상해없음,보행자,여,5세,경상