사고번호,사고일시,요일,시군구,사고내용,사망자수,중상자수,경상자수,부상신고자수,사고유형,법규위반,노면상태,기상상태,도로형태,가해운전자 차종,가해운전자 성별,가해운전자 연령,가해운전자 상해정도,피해운전자 차종,피해운전자 성별,피해운전자 연령,피해운전자 상해정도
2020061400100378,2020년 6월 14일 18시,일요일,제주특별자치도 제주시 용담이동,경상사고,0,0,1,0,차대차 - 기타,안전거리미확보,건조,맑음,단일로 - 기타,승용,남,34세,상해없음,승용,남,25세,경상
2020061400100474,2020년 6월 14일 21시,일요일,제주특별자치도 제주시 노형동,경상사고,0,0,2,0,차대차 - 기타,직진우회전진행방해,건조,맑음,교차로 - 교차로안,승용,여,39세,경상,승용,남,48세,경상
2020061500100118,2020년 6월 15일 08시,월요일,제주특별자치도 제주시 봉개동,경상사고,0,0,1,0,차대차 - 측면충돌,안전거리미확보,건조,맑음,단일로 - 기타,건설기계,남,27세,상해없음,승용,여,50세,경상
2020061500100164,2020년 6월 15일 09시,월요일,제주특별자치도 제주시 노형동,경상사고,0,0,1,0,차대차 - 추돌,안전운전불이행,건조,맑음,단일로 - 기타,승용,남,61세,상해없음,승용,여,51세,경상
2020061500100239,2020년 6월 15일 11시,월요일,제주특별자치도 서귀포시 남원읍,중상사고,0,1,0,0,차대차 - 측면충돌,과속,건조,맑음,단일로 - 기타,승용,남,51세,중상,화물,남,59세,상해없음
2020061500100240,2020년 6월 15일 11시,월요일,제주특별자치도 서귀포시 남원읍,중상사고,0,1,0,0,차대사람 - 기타,안전운전불이행,건조,맑음,단일로 - 기타,승용,남,57세,상해없음,보행자,여,71세,중상
2020061500100274,2020년 6월 15일 12시,월요일,제주특별자치도 제주시 이도이동,경상사고,0,0,1,0,차대사람 - 기타,안전운전불이행,건조,맑음,기타 - 기타,승합,남,59세,상해없음,보행자,남,86세,경상
2020061500100397,2020년 6월 15일 15시,월요일,제주특별자치도 서귀포시 안덕면,중상사고,0,1,0,0,차대사람 - 횡단중,보행자보호의무위반,건조,맑음,단일로 - 기타,승용,여,23세,상해없음,보행자,여,57세,중상
2020061500100443,2020년 6월 15일 16시,월요일,제주특별자치도 제주시 우도면,중상사고,0,1,1,0,차량단독 - 기타,안전운전불이행,건조,맑음,단일로 - 기타,이륜,남,27세,경상,,,,
2020061500100444,2020년 6월 15일 16시,월요일,제주특별자치도 서귀포시 표선면,경상사고,0,0,1,0,차량단독 - 기타,안전운전불이행,건조,맑음,단일로 - 기타,이륜,남,68세,경상,,,,
2020061500100506,2020년 6월 15일 17시,월요일,제주특별자치도 제주시 한경면,경상사고,0,0,1,0,차대차 - 정면충돌,직진우회전진행방해,건조,맑음,교차로 - 교차로안,승용,여,63세,상해없음,승용,여,46세,경상
2020061500100698,2020년 6월 15일 23시,월요일,제주특별자치도 제주시 용담이동,중상사고,0,1,1,0,차대차 - 측면충돌,교차로운행방법위반,건조,기타,교차로 - 교차로안,승용,여,39세,경상,승용,남,50세,중상
2020061600100081,2020년 6월 16일 07시,화요일,제주특별자치도 제주시 오라이동,경상사고,0,0,1,0,차대차 - 추돌,안전거리미확보,건조,맑음,단일로 - 기타,승용,여,26세,상해없음,승용,남,38세,경상
2020061600100123,2020년 6월 16일 08시,화요일,제주특별자치도 제주시 회천동,경상사고,0,0,2,0,차대차 - 측면충돌,안전운전불이행,건조,맑음,단일로 - 기타,승용,남,61세,상해없음,승용,여,43세,경상
2020061600100161,2020년 6월 16일 09시,화요일,제주특별자치도 서귀포시 남원읍,경상사고,0,0,1,0,차대차 - 기타,안전운전불이행,건조,맑음,교차로 - 교차로안,화물,남,68세,상해없음,승용,여,31세,경상
2020061600100262,2020년 6월 16일 12시,화요일,제주특별자치도 서귀포시 강정동,경상사고,0,0,1,0,차대차 - 기타,직진우회전진행방해,건조,맑음,교차로 - 교차로안,화물,여,60세,상해없음,승용,여,32세,경상
2020061600100263,2020년 6월 16일 12시,화요일,제주특별자치도 서귀포시 서호동,경상사고,0,0,2,0,차대차 - 기타,직진우회전진행방해,건조,맑음,교차로 - 교차로안,승용,남,66세,상해없음,승용,여,30세,경상
2020061600100336,2020년 6월 16일 14시,화요일,제주특별자치도 제주시 건입동,경상사고,0,0,1,0,차대차 - 추돌,안전거리미확보,건조,맑음,단일로 - 기타,화물,남,42세,기타불명,승합,남,46세,상해없음
2020061600100523,2020년 6월 16일 18시,화요일,제주특별자치도 제주시 이도이동,경상사고,0,0,1,0,차대차 - 정면충돌,안전운전불이행,젖음/습기,비,단일로 - 기타,이륜,남,24세,상해없음,승용,남,60세,경상
2020061600100524,2020년 6월 16일 18시,화요일,제주특별자치도 제주시 이호이동,경상사고,0,0,1,0,차대차 - 측면충돌,과속,건조,맑음,단일로 - 기타,승용,여,25세,상해없음,자전거,남,11세,경상
2020061600100562,2020년 6월 16일 19시,화요일,제주특별자치도 제주시 이도일동,경상사고,0,0,2,0,차대차 - 추돌,안전운전불이행,건조,맑음,단일로 - 기타,승용,여,46세,상해없음,승합,남,48세,경상
2020061600100662,2020년 6월 16일 23시,화요일,제주특별자치도 서귀포시 강정동,사망사고,1,0,0,0,차량단독 - 공작물충돌,안전운전불이행,건조,맑음,단일로 - 기타,이륜,남,19세,사망,,,,
2020061600100663,2020년 6월 16일 23시,화요일,제주특별자치도 제주시 연동,경상사고,0,0,2,0,차대차 - 측면충돌,안전운전불이행,건조,흐림,교차로 - 교차로부근,승용,여,42세,상해없음,승합,남,42세,경상
2020061700100023,2020년 6월 17일 02시,수요일,제주특별자치도 제주시 화북이동,부상신고사고,0,0,0,1,차대차 - 기타,안전운전불이행,건조,맑음,단일로 - 기타,승용,남,24세,상해없음,승용,남,53세,상해없음
2020061700100035,2020년 6월 17일 04시,수요일,제주특별자치도 서귀포시 대정읍,중상사고,0,1,0,0,차량단독 - 공작물충돌,과속,건조,맑음,단일로 - 기타,승용,남,38세,상해없음,,,,
2020061700100036,2020년 6월 17일 04시,수요일,제주특별자치도 제주시 연동,중상사고,0,1,0,0,차대차 - 측면충돌,안전운전불이행,건조,맑음,단일로 - 기타,승용,남,56세,상해없음,이륜,남,25세,중상
2020061700100059,2020년 6월 17일 06시,수요일,제주특별자치도 제주시 애월읍,경상사고,0,0,2,0,차대차 - 측면충돌,신호위반,건조,맑음,교차로 - 교차로안,승용,여,43세,경상,승용,남,38세,경상
2020061700100134,2020년 6월 17일 08시,수요일,제주특별자치도 제주시 도남동,경상사고,0,0,2,0,차대차 - 측면충돌,교차로운행방법위반,건조,맑음,교차로 - 교차로안,승용,남,46세,상해없음,원동기,남,40세,경상
2020061700100161,2020년 6월 17일 09시,수요일,제주특별자치도 제주시 도두일동,부상신고사고,0,0,0,1,차대차 - 기타,안전운전불이행,건조,맑음,교차로 - 교차로안,화물,남,26세,상해없음,승용,여,62세,상해없음
2020061700100216,2020년 6월 17일 11시,수요일,제주특별자치도 서귀포시 중문동,경상사고,0,0,1,0,차대차 - 추돌,안전거리미확보,젖음/습기,비,단일로 - 기타,화물,남,30세,상해없음,승용,남,60세,경상
2020061700100334,2020년 6월 17일 14시,수요일,제주특별자치도 제주시 봉개동,경상사고,0,0,1,0,차대차 - 기타,차로위반,건조,맑음,단일로 - 기타,화물,남,47세,상해없음,화물,남,48세,경상
2020061700100335,2020년 6월 17일 14시,수요일,제주특별자치도 서귀포시 서홍동,부상신고사고,0,0,0,1,차대차 - 기타,안전운전불이행,젖음/습기,비,교차로 - 교차로안,승용,남,27세,부상신고,승합,남,59세,상해없음
2020061700100436,2020년 6월 17일 17시,수요일,제주특별자치도 제주시 노형동,경상사고,0,0,1,0,차대차 - 기타,직진우회전진행방해,젖음/습기,비,교차로 - 교차로안,승용,남,42세,상해없음,승용,여,34세,상해없음
2020061700100520,2020년 6월 17일 19시,수요일,제주특별자치도 제주시 일도이동,경상사고,0,0,1,0,차대차 - 기타,안전운전불이행,젖음/습기,비,교차로 - 교차로부근,승용,여,53세,상해없음,승용,여,49세,경상
2020061700100612,2020년 6월 17일 22시,수요일,제주특별자치도 제주시 이도이동,경상사고,0,0,3,0,차대차 - 측면충돌,신호위반,젖음/습기,비,교차로 - 교차로안,승용,남,56세,경상,승용,남,67세,상해없음
2020061800100038,2020년 6월 18일 02시,목요일,제주특별자치도 제주시 삼도일동,경상사고,0,0,1,0,차대차 - 추돌,안전운전불이행,건조,맑음,교차로 - 교차로부근,승용,남,26세,상해없음,승용,남,49세,경상
2020061800100064,2020년 6월 18일 05시,목요일,제주특별자치도 제주시 이도이동,중상사고,0,1,0,0,차대사람 - 횡단중,신호위반,젖음/습기,비,단일로 - 기타,승용,남,21세,상해없음,보행자,여,74세,중상
2020061800100065,2020년 6월 18일 05시,목요일,제주특별자치도 서귀포시 성산읍,중상사고,0,1,0,0,차량단독 - 공작물충돌,안전운전불이행,젖음/습기,비,단일로 - 기타,승용,남,34세,중상,,,,
2020061800100105,2020년 6월 18일 07시,목요일,제주특별자치도 제주시 용담이동,경상사고,0,0,2,0,차대차 - 측면충돌,신호위반,젖음/습기,비,교차로 - 교차로안,승용,남,41세,기타불명,승용,남,56세,경상
2020061800100148,2020년 6월 18일 08시,목요일,제주특별자치도 제주시 영평동,경상사고,0,0,1,0,차대사람 - 기타,안전운전불이행,젖음/습기,비,교차로 - 교차로안,승용,여,39세,상해없음,보행자,남,53세,경상
2020061800100258,2020년 6월 18일 11시,목요일,제주특별자치도 서귀포시 남원읍,중상사고,0,2,1,0,차량단독 - 공작물충돌,안전운전불이행,젖음/습기,비,단일로 - 기타,승용,남,55세,경상,,,,
2020061800100351,2020년 6월 18일 14시,목요일,제주특별자치도 제주시 조천읍,경상사고,0,0,1,0,차대차 - 측면충돌,교차로운행방법위반,건조,맑음,교차로 - 교차로안,승용,여,60세,기타불명,승용,남,42세,경상
2020061800100382,2020년 6월 18일 15시,목요일,제주특별자치도 서귀포시 호근동,경상사고,0,0,2,0,차대차 - 추돌,안전거리미확보,젖음/습기,비,단일로 - 기타,승용,남,64세,상해없음,승용,여,31세,경상
2020061800100442,2020년 6월 18일 17시,목요일,제주특별자치도 제주시 연동,경상사고,0,0,1,0,차대차 - 추돌,안전운전불이행,젖음/습기,비,교차로 - 교차로부근,승용,남,30세,상해없음,승용,남,37세,경상
2020061800100479,2020년 6월 18일 18시,목요일,제주특별자치도 제주시 노형동,경상사고,0,0,1,1,차대차 - 측면충돌,직진우회전진행방해,젖음/습기,비,교차로 - 교차로안,승용,남,23세,부상신고,승용,남,57세,경상
2020061800100480,2020년 6월 18일 18시,목요일,제주특별자치도 제주시 연동,경상사고,0,0,1,0,차대차 - 추돌,안전거리미확보,젖음/습기,비,교차로 - 교차로안,화물,여,45세,상해없음,승용,여,47세,경상
2020061800100516,2020년 6월 18일 19시,목요일,제주특별자치도 제주시 삼도이동,부상신고사고,0,0,0,1,차대차 - 기타,중앙선침범,젖음/습기,비,단일로 - 기타,이륜,남,45세,부상신고,승용,남,30세,상해없음
2020061800100548,2020년 6월 18일 20시,목요일,제주특별자치도 서귀포시 성산읍,경상사고,0,0,2,0,차대차 - 추돌,안전운전불이행,젖음/습기,비,교차로 - 교차로부근,승용,여,57세,상해없음,승용,남,35세,경상
2020061800100591,2020년 6월 18일 21시,목요일,제주특별자치도 제주시 연동,경상사고,0,0,1,0,차대사람 - 길가장자리구역통행중,안전운전불이행,건조,맑음,단일로 - 기타,승용,여,30세,상해없음,보행자,남,40세,경상
2020061900100021,2020년 6월 19일 01시,금요일,제주특별자치도 제주시 연동,경상사고,0,0,2,0,차대차 - 추돌,안전운전불이행,젖음/습기,흐림,단일로 - 기타,화물,남,39세,상해없음,승용,남,61세,경상
2020061900100132,2020년 6월 19일 08시,금요일,제주특별자치도 서귀포시 서귀동,중상사고,0,1,0,0,차대사람 - 기타,안전운전불이행,건조,맑음,단일로 - 기타,승용,여,51세,상해없음,보행자,남,53세,중상
2020061900100157,2020년 6월 19일 09시,금요일,제주특별자치도 서귀포시 성산읍,중상사고,0,1,0,0,차대사람 - 횡단중,안전운전불이행,젖음/습기,비,교차로 - 교차로안,화물,남,35세,상해없음,보행자,남,83세,중상
2020061900100158,2020년 6월 19일 09시,금요일,제주특별자치도 제주시 애월읍,중상사고,0,1,4,0,차대차 - 추돌,안전운전불이행,건조,흐림,단일로 - 기타,승용,여,37세,경상,승용,여,64세,상해없음
2020061900100284,2020년 6월 19일 12시,금요일,제주특별자치도 제주시 일도이동,경상사고,0,0,1,0,차대차 - 기타,안전운전불이행,젖음/습기,비,단일로 - 기타,이륜,남,36세,경상,승용,여,58세,상해없음
2020061900100322,2020년 6월 19일 13시,금요일,제주특별자치도 제주시 조천읍,경상사고,0,0,2,0,차대차 - 측면충돌,교차로운행방법위반,건조,맑음,교차로 - 교차로안,승용,여,50세,기타불명,승용,남,59세,경상
2020061900100614,2020년 6월 19일 19시,금요일,제주특별자치도 제주시 한경면,경상사고,0,0,3,0,차대차 - 기타,기타,건조,맑음,교차로 - 교차로안,화물,여,57세,경상,승용,남,37세,경상
2020062000100042,2020년 6월 20일 02시,토요일,제주특별자치도 제주시 월평동,경상사고,0,0,1,0,차대차 - 정면충돌,안전운전불이행,건조,맑음,단일로 - 기타,승용,남,28세,상해없음,승용,남,28세,경상
2020062000100095,2020년 6월 20일 07시,토요일,제주특별자치도 제주시 연동,경상사고,0,0,1,0,차대사람 - 기타,안전운전불이행,건조,맑음,교차로 - 교차로부근,승용,남,69세,상해없음,보행자,여,35세,경상
2020062000100185,2020년 6월 20일 10시,토요일,제주특별자치도 제주시 아라이동,경상사고,0,0,1,0,차대차 - 측면충돌,차로위반,건조,맑음,단일로 - 기타,승합,남,51세,기타불명,승용,남,28세,경상
2020062000100217,2020년 6월 20일 11시,토요일,제주특별자치도 제주시 이도이동,경상사고,0,0,1,0,차대차 - 측면충돌,안전거리미확보,건조,맑음,단일로 - 기타,승용,여,38세,상해없음,승용,여,43세,경상
2020062000100218,2020년 6월 20일 11시,토요일,제주특별자치도 제주시 애월읍,경상사고,0,0,1,0,차대차 - 측면충돌,안전거리미확보,건조,맑음,단일로 - 기타,화물,남,49세,상해없음,승용,남,47세,경상
2020062000100278,2020년 6월 20일 12시,토요일,제주특별자치도 제주시 구좌읍,경상사고,0,0,1,0,차대사람 - 횡단중,안전운전불이행,건조,맑음,교차로 - 교차로부근,승합,여,65세,상해없음,보행자,남,34세,경상
2020062000100319,2020년 6월 20일 13시,토요일,제주특별자치도 제주시 애월읍,경상사고,0,0,1,0,차대차 - 기타,안전운전불이행,건조,맑음,단일로 - 기타,승용,여,41세,상해없음,이륜,남,55세,경상
2020062000100358,2020년 6월 20일 14시,토요일,제주특별자치도 제주시 구좌읍,중상사고,0,1,1,0,차대차 - 정면충돌,직진우회전진행방해,건조,맑음,교차로 - 교차로안,승용,남,34세,상해없음,승용,남,30세,중상
2020062000100439,2020년 6월 20일 16시,토요일,제주특별자치도 서귀포시 색달동,중상사고,0,1,0,0,차대차 - 기타,안전운전불이행,건조,맑음,교차로 - 교차로부근,승용,남,30세,상해없음,이륜,남,31세,중상
2020062000100480,2020년 6월 20일 17시,토요일,제주특별자치도 서귀포시 표선면,경상사고,0,0,1,0,차대차 - 측면충돌,안전운전불이행,건조,맑음,단일로 - 기타,승용,남,57세,상해없음,이륜,남,76세,경상
2020062000100519,2020년 6월 20일 18시,토요일,제주특별자치도 제주시 애월읍,부상신고사고,0,0,0,1,차량단독 - 도로외이탈 - 추락,안전운전불이행,건조,맑음,기타 - 기타,승용,남,40세,부상신고,,,,
2020062000100566,2020년 6월 20일 19시,토요일,제주특별자치도 제주시 일도이동,경상사고,0,0,1,0,차대차 - 기타,교차로운행방법위반,건조,맑음,교차로 - 교차로안,승용,남,57세,상해없음,이륜,남,20세,경상
2020062000100596,2020년 6월 20일 20시,토요일,제주특별자치도 서귀포시 동홍동,중상사고,0,1,0,0,차량단독 - 기타,안전운전불이행,건조,맑음,단일로 - 기타,자전거,남,41세,중상,,,,
2020062000100632,2020년 6월 20일 21시,토요일,제주특별자치도 제주시 삼도이동,경상사고,0,0,1,0,차대사람 - 기타,안전운전불이행,건조,맑음,교차로 - 교차로안,승용,남,60세,상해없음,보행자,남,59세,경상
2020062100100111,2020년 6월 21일 08시,일요일,제주특별자치도 서귀포시 동홍동,중상사고,0,1,0,0,차대차 - 추돌,안전운전불이행,건조,맑음,교차로 - 교차로부근,화물,남,27세,상해없음,이륜,남,55세,중상
2020062100100179,2020년 6월 21일 11시,일요일,제주특별자치도 제주시 구좌읍,경상사고,0,0,3,0,차대차 - 측면충돌,직진우회전진행방해,건조,맑음,교차로 - 교차로안,승용,남,25세,경상,화물,남,46세,경상
2020062100100259,2020년 6월 21일 14시,일요일,제주특별자치도 서귀포시 표선면,중상사고,0,1,0,0,차대차 - 기타,교차로운행방법위반,건조,맑음,교차로 - 교차로안,화물,남,67세,상해없음,이륜,남,27세,중상
2020062100100260,2020년 6월 21일 14시,일요일,제주특별자치도 서귀포시 동홍동,중상사고,0,1,0,0,차대차 - 추돌,안전운전불이행,건조,맑음,교차로 - 교차로부근,승용,남,48세,상해없음,승용,남,50세,중상
2020062100100261,2020년 6월 21일 14시,일요일,제주특별자치도 제주시 연동,경상사고,0,0,1,0,차대차 - 기타,안전운전불이행,건조,맑음,교차로 - 교차로안,승용,남,67세,상해없음,화물,남,28세,경상
2020062100100371,2020년 6월 21일 17시,일요일,제주특별자치도 제주시 애월읍,경상사고,0,0,5,0,차대차 - 측면충돌,안전운전불이행,건조,맑음,단일로 - 기타,승용,여,49세,상해없음,승용,남,46세,경상
2020062100100398,2020년 6월 21일 18시,일요일,제주특별자치도 서귀포시 성산읍,경상사고,0,0,2,0,차대차 - 측면충돌,안전거리미확보,건조,맑음,교차로 - 교차로안,승용,여,58세,상해없음,승용,여,47세,경상
2020062100100425,2020년 6월 21일 19시,일요일,제주특별자치도 서귀포시 강정동,중상사고,0,3,1,0,차대차 - 기타,중앙선침범,건조,맑음,단일로 - 기타,승용,여,65세,중상,승합,남,47세,경상
2020062100100457,2020년 6월 21일 20시,일요일,제주특별자치도 제주시 한림읍,경상사고,0,0,1,0,차대차 - 후진중충돌,안전운전불이행,건조,맑음,단일로 - 기타,승용,남,51세,상해없음,화물,남,46세,경상
2020062200100087,2020년 6월 22일 07시,월요일,제주특별자치도 서귀포시 서홍동,경상사고,0,0,1,0,차대차 - 추돌,안전거리미확보,건조,맑음,단일로 - 기타,승용,여,55세,기타불명,승용,남,40세,경상
2020062200100088,2020년 6월 22일 07시,월요일,제주특별자치도 제주시 연동,부상신고사고,0,0,0,1,차대사람 - 횡단중,안전운전불이행,건조,맑음,단일로 - 기타,화물,남,33세,상해없음,보행자,남,54세,부상신고
2020062200100130,2020년 6월 22일 08시,월요일,제주특별자치도 서귀포시 서홍동,경상사고,0,0,1,0,차대사람 - 횡단중,보행자보호의무위반,건조,맑음,교차로 - 교차로부근,승용,남,60세,상해없음,보행자,여,13세,경상
2020062200100170,2020년 6월 22일 09시,월요일,제주특별자치도 서귀포시 대정읍,중상사고,0,1,0,0,차대차 - 측면충돌,중앙선침범,건조,맑음,단일로 - 기타,승용,남,42세,상해없음,이륜,남,22세,중상
2020062200100222,2020년 6월 22일 10시,월요일,제주특별자치도 제주시 화북이동,경상사고,0,0,1,0,차대차 - 기타,기타,건조,맑음,단일로 - 기타,화물,남,46세,상해없음,이륜,남,43세,경상
2020062200100223,2020년 6월 22일 10시,월요일,제주특별자치도 제주시 일도이동,중상사고,0,1,0,0,차대차 - 측면충돌,안전운전불이행,건조,맑음,교차로 - 교차로안,승용,여,75세,상해없음,승용,남,64세,중상
2020062200100273,2020년 6월 22일 11시,월요일,제주특별자치도 서귀포시 남원읍,경상사고,0,0,1,0,차대차 - 측면충돌,안전운전불이행,건조,맑음,단일로 - 기타,승용,남,58세,상해없음,기타불명,남,34세,경상
2020062200100300,2020년 6월 22일 12시,월요일,제주특별자치도 제주시 일도이동,경상사고,0,0,1,0,차대사람 - 기타,보행자보호의무위반,건조,맑음,기타 - 기타,승용,여,40세,상해없음,보행자,여,57세,경상
2020062200100301,2020년 6월 22일 12시,월요일,제주특별자치도 서귀포시 대정읍,경상사고,0,0,2,0,차대차 - 측면충돌,안전운전불이행,건조,맑음,교차로 - 교차로안,승용,여,60세,상해없음,승용,남,49세,경상
2020062200100302,2020년 6월 22일 12시,월요일,제주특별자치도 제주시 용담삼동,경상사고,0,0,1,0,차량단독 - 공작물충돌,안전운전불이행,건조,맑음,단일로 - 기타,승용,남,27세,경상,,,,
2020062200100342,2020년 6월 22일 13시,월요일,제주특별자치도 서귀포시 남원읍,경상사고,0,0,1,0,차대차 - 기타,신호위반,건조,맑음,교차로 - 교차로안,승용,여,50세,상해없음,이륜,남,77세,경상
2020062200100343,2020년 6월 22일 13시,월요일,제주특별자치도 서귀포시 안덕면,부상신고사고,0,0,0,1,차대차 - 추돌,안전거리미확보,건조,맑음,교차로 - 교차로안,승용,남,43세,상해없음,승용,여,40세,부상신고
2020062200100385,2020년 6월 22일 14시,월요일,제주특별자치도 제주시 봉개동,경상사고,0,0,1,0,차대차 - 측면충돌,안전거리미확보,건조,맑음,교차로 - 교차로부근,승용,남,26세,상해없음,승용,여,35세,경상
2020062200100438,2020년 6월 22일 15시,월요일,제주특별자치도 제주시 건입동,경상사고,0,0,1,0,차대사람 - 차도통행중,안전운전불이행,건조,맑음,단일로 - 기타,승용,남,73세,상해없음,보행자,여,10세,경상
2020062200100439,2020년 6월 22일 15시,월요일,제주특별자치도 서귀포시 남원읍,중상사고,0,1,1,0,차대차 - 측면충돌,기타,건조,맑음,교차로 - 교차로안,건설기계,남,40세,경상,승용,남,56세,중상
2020062200100488,2020년 6월 22일 16시,월요일,제주특별자치도 제주시 구좌읍,사망사고,1,0,0,0,차량단독 - 공작물충돌,안전운전불이행,건조,맑음,단일로 - 기타,개인형이동수단(PM),남,23세,사망,,,,
2020062200100489,2020년 6월 22일 16시,월요일,제주특별자치도 서귀포시 대정읍,경상사고,0,0,1,0,차대차 - 추돌,안전거리미확보,건조,맑음,교차로 - 교차로부근,승용,여,46세,상해없음,승용,남,57세,경상
2020062200100490,2020년 6월 22일 16시,월요일,제주특별자치도 제주시 노형동,부상신고사고,0,0,0,1,차대사람 - 차도통행중,안전운전불이행,건조,맑음,단일로 - 기타,승용,여,51세,상해없음,보행자,남,6세,부상신고
2020062200100491,2020년 6월 22일 16시,월요일,제주특별자치도 제주시 애월읍,부상신고사고,0,0,0,1,차대차 - 측면충돌,안전운전불이행,건조,맑음,단일로 - 기타,건설기계,여,63세,상해없음,승용,남,28세,부상신고
2020062200100550,2020년 6월 22일 17시,월요일,제주특별자치도 제주시 삼양일동,경상사고,0,0,3,0,차대차 - 추돌,안전거리미확보,건조,맑음,단일로 - 기타,승용,남,54세,상해없음,승용,여,52세,경상
2020062200100551,2020년 6월 22일 17시,월요일,제주특별자치도 제주시 연동,경상사고,0,0,1,0,차대차 - 측면충돌,안전운전불이행,건조,맑음,교차로 - 교차로안,승용,여,40세,상해없음,자전거,남,13세,경상
2020062200100592,2020년 6월 22일 18시,월요일,제주특별자치도 제주시 일도일동,경상사고,0,0,1,0,차대사람 - 길가장자리구역통행중,안전운전불이행,건조,맑음,교차로 - 교차로안,승용,여,49세,상해없음,보행자,남,26세,경상
2020062200100593,2020년 6월 22일 18시,월요일,제주특별자치도 제주시 노형동,경상사고,0,0,2,2,차대차 - 추돌,안전운전불이행,건조,맑음,단일로 - 기타,승용,남,41세,상해없음,승용,남,41세,경상
2020062200100637,2020년 6월 22일 19시,월요일,제주특별자치도 제주시 애월읍,중상사고,0,1,1,1,차대차 - 측면충돌,안전거리미확보,건조,맑음,단일로 - 기타,승용,남,21세,부상신고,승합,남,25세,경상
2020062200100737,2020년 6월 22일 23시,월요일,제주특별자치도 제주시 연동,경상사고,0,0,2,0,차대차 - 추돌,안전운전불이행,건조,맑음,단일로 - 기타,승용,남,59세,상해없음,승용,남,31세,경상
2020062300100058,2020년 6월 23일 06시,화요일,제주특별자치도 제주시 한림읍,중상사고,0,1,0,0,차대사람 - 기타,안전운전불이행,건조,맑음,단일로 - 기타,승용,남,82세,상해없음,보행자,여,82세,중상
2020062300100273,2020년 6월 23일 11시,화요일,제주특별자치도 서귀포시 성산읍,경상사고,0,0,1,0,차대사람 - 횡단중,안전운전불이행,건조,맑음,주차장 - 주차장,승용,여,29세,상해없음,보행자,여,30세,경상
2020062300100308,2020년 6월 23일 12시,화요일,제주특별자치도 서귀포시 대정읍,경상사고,0,0,3,0,차대차 - 측면충돌,신호위반,건조,맑음,교차로 - 교차로안,승용,여,23세,경상,승용,여,53세,경상
2020062300100532,2020년 6월 23일 18시,화요일,제주특별자치도 서귀포시 중문동,경상사고,0,0,1,0,차대차 - 정면충돌,중앙선침범,건조,맑음,단일로 - 기타,승합,남,43세,상해없음,승용,여,50세,경상
2020062300100572,2020년 6월 23일 19시,화요일,제주특별자치도 제주시 애월읍,중상사고,0,1,0,1,차량단독 - 공작물충돌,안전운전불이행,건조,맑음,단일로 - 기타,승용,여,41세,부상신고,,,,
2020062300100648,2020년 6월 23일 21시,화요일,제주특별자치도 제주시 해안동,경상사고,0,0,1,0,차대차 - 기타,안전거리미확보,건조,맑음,단일로 - 기타,승용,여,45세,상해없음,승용,남,20세,경상
2020062400100020,2020년 6월 24일 01시,수요일,제주특별자치도 제주시 아라일동,중상사고,0,1,0,0,차대차 - 기타,안전운전불이행,건조,흐림,단일로 - 기타,승용,남,21세,상해없음,개인형이동수단(PM),남,60세,중상
2020062400100050,2020년 6월 24일 05시,수요일,제주특별자치도 서귀포시 대정읍,중상사고,0,1,0,0,차량단독 - 공작물충돌,안전운전불이행,건조,흐림,단일로 - 기타,화물,남,48세,중상,,,,
2020062400100051,2020년 6월 24일 05시,수요일,제주특별자치도 제주시 노형동,부상신고사고,0,0,0,1,차량단독 - 공작물충돌,안전운전불이행,건조,흐림,단일로 - 기타,이륜,남,23세,부상신고,,,,
2020062400100060,2020년 6월 24일 06시,수요일,제주특별자치도 제주시 구좌읍,중상사고,0,1,0,0,차대차 - 추돌,안전운전불이행,젖음/습기,흐림,단일로 - 기타,화물,남,75세,상해없음,승용,남,54세,상해없음
2020062400100205,2020년 6월 24일 11시,수요일,제주특별자치도 서귀포시 상효동,사망사고,1,4,0,0,차대차 - 기타,신호위반,건조,맑음,교차로 - 교차로안,화물,남,64세,중상,승용,남,59세,중상
2020062400100244,2020년 6월 24일 12시,수요일,제주특별자치도 제주시 연동,경상사고,0,0,1,0,차대차 - 후진중충돌,안전운전불이행,젖음/습기,비,단일로 - 기타,화물,남,40세,상해없음,승용,남,62세,경상
2020062400100269,2020년 6월 24일 13시,수요일,제주특별자치도 제주시 건입동,경상사고,0,0,1,0,차대차 - 측면충돌,안전거리미확보,젖음/습기,비,단일로 - 기타,승용,남,64세,상해없음,승용,여,29세,경상
2020062400100312,2020년 6월 24일 14시,수요일,제주특별자치도 서귀포시 동홍동,경상사고,0,0,2,0,차대차 - 기타,안전거리미확보,젖음/습기,비,기타 - 기타,이륜,남,18세,경상,승합,남,46세,경상
2020062400100435,2020년 6월 24일 17시,수요일,제주특별자치도 제주시 이도이동,경상사고,0,0,1,0,차대사람 - 차도통행중,안전운전불이행,젖음/습기,비,교차로 - 교차로부근,승용,여,58세,상해없음,보행자,여,17세,경상