사고번호,사고일시,요일,시군구,사고내용,사망자수,중상자수,경상자수,부상신고자수,사고유형,법규위반,노면상태,기상상태,도로형태,가해운전자 차종,가해운전자 성별,가해운전자 연령,가해운전자 상해정도,피해운전자 차종,피해운전자 성별,피해운전자 연령,피해운전자 상해정도
2020062400100482,2020년 6월 24일 18시,수요일,제주특별자치도 제주시 구좌읍,경상사고,0,0,1,0,차대차 - 정면충돌,중앙선침범,젖음/습기,흐림,단일로 - 기타,화물,남,49세,상해없음,승용,남,25세,경상
2020062400100615,2020년 6월 24일 21시,수요일,제주특별자치도 서귀포시 서귀동,중상사고,0,1,1,0,차대사람 - 기타,보행자보호의무위반,건조,맑음,교차로 - 교차로횡단보도내,이륜,남,39세,경상,보행자,남,66세,중상
2020062400100682,2020년 6월 24일 23시,수요일,제주특별자치도 제주시 한경면,경상사고,0,0,2,0,차대차 - 추돌,안전거리미확보,젖음/습기,흐림,단일로 - 기타,승용,여,39세,상해없음,승용,남,41세,경상
2020062500100030,2020년 6월 25일 00시,목요일,제주특별자치도 서귀포시 성산읍,부상신고사고,0,0,0,1,차량단독 - 공작물충돌,안전운전불이행,건조,기타,단일로 - 기타,승용,남,32세,부상신고,,,,
2020062500100031,2020년 6월 25일 00시,목요일,제주특별자치도 제주시 노형동,부상신고사고,0,0,0,1,차대사람 - 차도통행중,안전운전불이행,젖음/습기,비,단일로 - 기타,승용,남,31세,상해없음,보행자,남,48세,부상신고
2020062500100148,2020년 6월 25일 08시,목요일,제주특별자치도 서귀포시 서호동,경상사고,0,0,1,0,차대사람 - 횡단중,안전운전불이행,젖음/습기,흐림,교차로 - 교차로부근,화물,남,45세,상해없음,보행자,남,48세,경상
2020062500100168,2020년 6월 25일 09시,목요일,제주특별자치도 서귀포시 성산읍,중상사고,0,1,0,0,차대차 - 측면충돌,안전거리미확보,젖음/습기,비,단일로 - 기타,승용,남,55세,상해없음,승용,여,50세,중상
2020062500100199,2020년 6월 25일 10시,목요일,제주특별자치도 제주시 도남동,경상사고,0,0,1,0,차대차 - 측면충돌,신호위반,젖음/습기,비,교차로 - 교차로부근,승용,여,47세,상해없음,승용,여,57세,경상
2020062500100233,2020년 6월 25일 11시,목요일,제주특별자치도 제주시 구좌읍,경상사고,0,0,1,0,차대차 - 기타,안전운전불이행,건조,맑음,단일로 - 기타,승용,남,58세,상해없음,승용,여,38세,경상
2020062500100234,2020년 6월 25일 11시,목요일,제주특별자치도 제주시 한림읍,중상사고,0,1,1,0,차대차 - 측면충돌,기타,젖음/습기,비,교차로 - 교차로안,승용,남,55세,상해없음,승용,남,39세,경상
2020062500100235,2020년 6월 25일 11시,목요일,제주특별자치도 제주시 연동,중상사고,0,1,0,0,차대차 - 측면충돌,안전운전불이행,젖음/습기,비,교차로 - 교차로부근,승용,남,51세,상해없음,이륜,남,47세,중상
2020062500100259,2020년 6월 25일 12시,목요일,제주특별자치도 제주시 조천읍,경상사고,0,0,1,0,차대사람 - 횡단중,안전운전불이행,건조,맑음,단일로 - 기타,화물,여,34세,상해없음,보행자,여,71세,경상
2020062500100318,2020년 6월 25일 14시,목요일,제주특별자치도 제주시 오라일동,중상사고,0,1,0,0,차대차 - 측면충돌,안전운전불이행,젖음/습기,비,단일로 - 기타,승용,남,63세,상해없음,원동기,남,23세,중상
2020062500100353,2020년 6월 25일 15시,목요일,제주특별자치도 서귀포시 중문동,중상사고,0,1,0,0,차대차 - 기타,신호위반,젖음/습기,비,교차로 - 교차로안,승용,여,27세,상해없음,승용,여,55세,중상
2020062500100354,2020년 6월 25일 15시,목요일,제주특별자치도 제주시 한림읍,경상사고,0,0,1,1,차대차 - 정면충돌,직진우회전진행방해,젖음/습기,비,교차로 - 교차로안,승용,남,21세,부상신고,화물,남,76세,경상
2020062500100418,2020년 6월 25일 17시,목요일,제주특별자치도 제주시 일도일동,경상사고,0,0,1,0,차대차 - 정면충돌,교차로운행방법위반,젖음/습기,비,교차로 - 교차로안,승용,남,18세,상해없음,승용,남,40세,경상
2020062500100448,2020년 6월 25일 18시,목요일,제주특별자치도 제주시 연동,부상신고사고,0,0,0,1,차대차 - 측면충돌,교차로운행방법위반,건조,맑음,교차로 - 교차로안,승용,남,51세,상해없음,승용,남,20세,부상신고
2020062500100483,2020년 6월 25일 19시,목요일,제주특별자치도 제주시 노형동,경상사고,0,0,1,0,차대차 - 추돌,안전거리미확보,건조,맑음,단일로 - 기타,승용,남,32세,상해없음,승용,남,55세,경상
2020062500100595,2020년 6월 25일 22시,목요일,제주특별자치도 서귀포시 하효동,경상사고,0,0,2,0,차대차 - 추돌,안전거리미확보,건조,맑음,교차로 - 교차로부근,화물,남,61세,상해없음,승용,여,52세,경상
2020062500100596,2020년 6월 25일 22시,목요일,제주특별자치도 제주시 내도동,중상사고,0,2,0,0,차대차 - 추돌,안전운전불이행,건조,맑음,단일로 - 기타,승합,남,62세,상해없음,승용,남,41세,중상
2020062600100019,2020년 6월 26일 00시,금요일,제주특별자치도 제주시 오등동,사망사고,1,0,0,0,차량단독 - 공작물충돌,안전운전불이행,건조,맑음,교차로 - 교차로횡단보도내,승용,남,50세,사망,,,,
2020062600100056,2020년 6월 26일 03시,금요일,제주특별자치도 제주시 조천읍,부상신고사고,0,0,0,1,차대차 - 기타,안전운전불이행,건조,맑음,단일로 - 기타,승용,남,24세,상해없음,승용,여,50세,부상신고
2020062600100073,2020년 6월 26일 05시,금요일,제주특별자치도 서귀포시 강정동,중상사고,0,1,0,0,차대차 - 기타,안전운전불이행,젖음/습기,기타,단일로 - 기타,승용,여,67세,상해없음,이륜,남,65세,중상
2020062600100145,2020년 6월 26일 08시,금요일,제주특별자치도 제주시 한경면,중상사고,0,1,1,0,차대차 - 측면충돌,직진우회전진행방해,건조,맑음,교차로 - 교차로안,화물,여,58세,경상,화물,남,44세,상해없음
2020062600100146,2020년 6월 26일 08시,금요일,제주특별자치도 제주시 연동,경상사고,0,0,3,0,차대차 - 추돌,안전운전불이행,건조,맑음,단일로 - 기타,승용,남,39세,경상,승용,여,74세,상해없음
2020062600100203,2020년 6월 26일 10시,금요일,제주특별자치도 제주시 이도일동,경상사고,0,0,1,0,차대차 - 측면충돌,안전운전불이행,건조,맑음,교차로 - 교차로안,승용,남,65세,상해없음,승용,여,56세,경상
2020062600100302,2020년 6월 26일 13시,금요일,제주특별자치도 제주시 외도일동,경상사고,0,0,2,0,차대차 - 추돌,안전운전불이행,건조,맑음,교차로 - 교차로안,승용,남,26세,상해없음,승용,남,51세,경상
2020062600100337,2020년 6월 26일 14시,금요일,제주특별자치도 제주시 구좌읍,경상사고,0,0,3,0,차대차 - 측면충돌,안전운전불이행,건조,맑음,단일로 - 기타,승용,여,31세,상해없음,승용,남,18세,경상
2020062600100338,2020년 6월 26일 14시,금요일,제주특별자치도 제주시 해안동,중상사고,0,2,3,0,차대차 - 추돌,신호위반,건조,맑음,단일로 - 기타,화물,남,46세,상해없음,승용,남,56세,중상
2020062600100492,2020년 6월 26일 17시,금요일,제주특별자치도 제주시 노형동,경상사고,0,0,1,0,차대차 - 추돌,안전운전불이행,건조,맑음,단일로 - 기타,승용,남,22세,상해없음,승용,여,63세,경상
2020062600100493,2020년 6월 26일 17시,금요일,제주특별자치도 제주시 용담이동,경상사고,0,0,1,0,차대사람 - 기타,안전운전불이행,건조,맑음,기타 - 기타,승용,남,66세,상해없음,보행자,여,28세,경상
2020062600100540,2020년 6월 26일 18시,금요일,제주특별자치도 제주시 도남동,경상사고,0,0,1,0,차대차 - 측면충돌,안전거리미확보,건조,맑음,단일로 - 기타,승용,남,32세,상해없음,승용,남,58세,경상
2020062600100541,2020년 6월 26일 18시,금요일,제주특별자치도 서귀포시 상효동,경상사고,0,0,2,0,차대차 - 정면충돌,중앙선침범,건조,맑음,단일로 - 기타,승용,여,27세,상해없음,승용,여,35세,경상
2020062700100012,2020년 6월 27일 00시,토요일,제주특별자치도 제주시 연동,경상사고,0,0,1,0,차대차 - 측면충돌,안전운전불이행,건조,맑음,단일로 - 기타,승용,남,36세,상해없음,승용,남,50세,경상
2020062700100038,2020년 6월 27일 01시,토요일,제주특별자치도 제주시 일도이동,경상사고,0,0,1,0,차대차 - 정면충돌,신호위반,건조,맑음,교차로 - 교차로안,승용,남,58세,상해없음,승용,남,51세,경상
2020062700100039,2020년 6월 27일 01시,토요일,제주특별자치도 서귀포시 표선면,중상사고,0,1,0,0,차대차 - 측면충돌,과속,건조,맑음,교차로 - 교차로안,승용,남,28세,상해없음,승용,남,40세,중상
2020062700100217,2020년 6월 27일 11시,토요일,제주특별자치도 제주시 도남동,경상사고,0,0,1,0,차대차 - 측면충돌,교차로운행방법위반,건조,맑음,단일로 - 기타,승용,남,51세,상해없음,승용,여,47세,경상
2020062700100218,2020년 6월 27일 11시,토요일,제주특별자치도 제주시 노형동,경상사고,0,0,2,0,차대차 - 측면충돌,안전거리미확보,건조,맑음,교차로 - 교차로안,화물,남,51세,상해없음,승용,남,31세,경상
2020062700100281,2020년 6월 27일 13시,토요일,제주특별자치도 제주시 이도이동,경상사고,0,0,1,0,차대차 - 기타,신호위반,건조,맑음,단일로 - 기타,승용,여,63세,상해없음,승합,남,43세,상해없음
2020062700100282,2020년 6월 27일 13시,토요일,제주특별자치도 제주시 이도이동,경상사고,0,0,3,0,차대차 - 기타,안전운전불이행,건조,맑음,단일로 - 기타,승용,남,58세,상해없음,승용,남,23세,경상
2020062700100283,2020년 6월 27일 13시,토요일,제주특별자치도 서귀포시 서귀동,중상사고,0,1,0,0,차대차 - 측면충돌,신호위반,건조,맑음,교차로 - 교차로안,승용,남,76세,상해없음,이륜,남,82세,중상
2020062700100322,2020년 6월 27일 14시,토요일,제주특별자치도 서귀포시 대정읍,중상사고,0,1,2,0,차대차 - 기타,기타,건조,맑음,교차로 - 교차로안,승용,남,32세,경상,승용,여,32세,경상
2020062700100393,2020년 6월 27일 16시,토요일,제주특별자치도 제주시 구좌읍,경상사고,0,0,1,0,차대차 - 기타,중앙선침범,건조,맑음,단일로 - 기타,승용,여,53세,상해없음,승용,여,52세,경상
2020062700100394,2020년 6월 27일 16시,토요일,제주특별자치도 서귀포시 서홍동,경상사고,0,0,1,0,차대사람 - 길가장자리구역통행중,안전운전불이행,건조,맑음,단일로 - 기타,승용,남,60세,상해없음,보행자,여,28세,경상
2020062700100433,2020년 6월 27일 17시,토요일,제주특별자치도 제주시 아라일동,경상사고,0,0,2,0,차대차 - 추돌,안전운전불이행,젖음/습기,맑음,단일로 - 기타,화물,남,62세,상해없음,승용,남,47세,경상
2020062700100434,2020년 6월 27일 17시,토요일,제주특별자치도 서귀포시 안덕면,경상사고,0,0,2,0,차대차 - 추돌,안전운전불이행,젖음/습기,비,교차로 - 교차로부근,승용,남,29세,상해없음,승용,남,44세,경상
2020062700100480,2020년 6월 27일 18시,토요일,제주특별자치도 제주시 연동,경상사고,0,0,3,0,차대차 - 기타,직진우회전진행방해,건조,맑음,교차로 - 교차로안,승용,남,64세,경상,승용,남,62세,경상
2020062700100607,2020년 6월 27일 23시,토요일,제주특별자치도 서귀포시 동홍동,경상사고,0,0,1,0,차대차 - 측면충돌,안전거리미확보,건조,기타,단일로 - 기타,승용,남,53세,상해없음,승용,남,60세,상해없음
2020062800100051,2020년 6월 28일 03시,일요일,제주특별자치도 제주시 삼도일동,사망사고,1,0,0,0,차대사람 - 횡단중,안전운전불이행,건조,맑음,단일로 - 기타,승용,남,66세,상해없음,보행자,여,72세,사망
2020062800100084,2020년 6월 28일 06시,일요일,제주특별자치도 제주시 노형동,경상사고,0,0,1,0,차대차 - 기타,신호위반,건조,맑음,교차로 - 교차로안,승용,여,54세,경상,승용,여,63세,상해없음
2020062800100110,2020년 6월 28일 08시,일요일,제주특별자치도 제주시 한경면,중상사고,0,1,0,0,차대차 - 측면충돌,직진우회전진행방해,건조,맑음,교차로 - 교차로안,승용,남,25세,상해없음,화물,남,51세,상해없음
2020062800100199,2020년 6월 28일 12시,일요일,제주특별자치도 제주시 일도일동,경상사고,0,0,1,0,차대차 - 측면충돌,안전운전불이행,건조,맑음,교차로 - 교차로부근,승용,남,27세,상해없음,이륜,남,49세,경상
2020062800100225,2020년 6월 28일 13시,일요일,제주특별자치도 제주시 노형동,경상사고,0,0,2,0,차대차 - 추돌,안전거리미확보,건조,맑음,교차로 - 교차로안,승용,여,45세,상해없음,승용,남,38세,경상
2020062800100258,2020년 6월 28일 14시,일요일,제주특별자치도 서귀포시 강정동,경상사고,0,0,1,0,차량단독 - 전도전복 - 전도,안전운전불이행,건조,맑음,교차로 - 교차로안,화물,남,63세,경상,,,,
2020062800100259,2020년 6월 28일 14시,일요일,제주특별자치도 서귀포시 대정읍,경상사고,0,0,2,0,차대차 - 정면충돌,안전운전불이행,건조,맑음,단일로 - 기타,승용,여,49세,상해없음,승용,남,44세,상해없음
2020062800100289,2020년 6월 28일 15시,일요일,제주특별자치도 서귀포시 안덕면,경상사고,0,0,1,0,차대차 - 측면충돌,안전운전불이행,건조,맑음,교차로 - 교차로안,농기계,남,56세,상해없음,승합,남,38세,경상
2020062800100326,2020년 6월 28일 16시,일요일,제주특별자치도 제주시 구좌읍,중상사고,0,2,0,0,차량단독 - 전도전복 - 전복,안전운전불이행,건조,맑음,단일로 - 기타,승용,남,26세,중상,,,,
2020062800100361,2020년 6월 28일 17시,일요일,제주특별자치도 제주시 노형동,경상사고,0,0,1,0,차대차 - 추돌,직진우회전진행방해,건조,맑음,교차로 - 교차로안,승용,남,22세,상해없음,이륜,남,44세,경상
2020062800100455,2020년 6월 28일 20시,일요일,제주특별자치도 제주시 삼도이동,경상사고,0,0,1,0,차대차 - 추돌,안전운전불이행,건조,흐림,단일로 - 기타,승용,여,51세,상해없음,승용,여,54세,경상
2020062800100480,2020년 6월 28일 21시,일요일,제주특별자치도 제주시 일도이동,경상사고,0,0,3,0,차대차 - 추돌,안전거리미확보,건조,맑음,교차로 - 교차로부근,승용,남,47세,상해없음,승합,남,25세,경상
2020062800100481,2020년 6월 28일 21시,일요일,제주특별자치도 제주시 오라일동,경상사고,0,0,1,0,차대차 - 추돌,교차로운행방법위반,건조,맑음,교차로 - 교차로안,승용,남,53세,상해없음,승용,남,31세,경상
2020062800100505,2020년 6월 28일 23시,일요일,제주특별자치도 제주시 연동,경상사고,0,0,1,0,차대사람 - 기타,안전운전불이행,건조,맑음,단일로 - 기타,승용,남,28세,기타불명,보행자,남,59세,경상
2020062900100023,2020년 6월 29일 04시,월요일,제주특별자치도 제주시 노형동,경상사고,0,0,1,0,차량단독 - 기타,안전운전불이행,건조,맑음,단일로 - 기타,승용,남,54세,상해없음,,,,
2020062900100122,2020년 6월 29일 09시,월요일,제주특별자치도 서귀포시 동홍동,경상사고,0,0,1,0,차대차 - 기타,직진우회전진행방해,건조,맑음,교차로 - 교차로안,승용,여,42세,상해없음,승용,남,52세,경상
2020062900100257,2020년 6월 29일 13시,월요일,제주특별자치도 제주시 봉개동,경상사고,0,0,1,0,차대사람 - 횡단중,안전운전불이행,젖음/습기,비,교차로 - 교차로안,승용,남,70세,상해없음,보행자,남,69세,경상
2020062900100258,2020년 6월 29일 13시,월요일,제주특별자치도 제주시 화북일동,부상신고사고,0,0,0,1,차대사람 - 기타,안전운전불이행,젖음/습기,비,단일로 - 기타,기타불명,기타불명,미분류,기타불명,보행자,남,10세,부상신고
2020062900100259,2020년 6월 29일 13시,월요일,제주특별자치도 서귀포시 강정동,경상사고,0,0,1,0,차대차 - 측면충돌,안전운전불이행,젖음/습기,비,교차로 - 교차로안,화물,남,47세,상해없음,승용,여,45세,경상
2020062900100413,2020년 6월 29일 17시,월요일,제주특별자치도 제주시 한경면,부상신고사고,0,0,0,1,차대차 - 기타,직진우회전진행방해,젖음/습기,비,교차로 - 교차로안,화물,남,53세,부상신고,승용,여,25세,상해없음
2020062900100459,2020년 6월 29일 18시,월요일,제주특별자치도 제주시 영평동,경상사고,0,0,1,0,차대차 - 정면충돌,안전운전불이행,젖음/습기,비,단일로 - 기타,화물,남,77세,상해없음,승용,여,46세,경상
2020062900100460,2020년 6월 29일 18시,월요일,제주특별자치도 서귀포시 대포동,중상사고,0,1,0,0,차대차 - 측면충돌,안전운전불이행,젖음/습기,비,단일로 - 기타,승용,남,49세,상해없음,승용,여,64세,중상
2020062900100497,2020년 6월 29일 19시,월요일,제주특별자치도 제주시 삼도이동,중상사고,0,1,3,0,차대차 - 측면충돌,교차로운행방법위반,건조,맑음,교차로 - 교차로안,승용,남,65세,상해없음,승용,남,65세,경상
2020062900100545,2020년 6월 29일 20시,월요일,제주특별자치도 제주시 이도이동,경상사고,0,0,1,0,차대사람 - 보도통행중,보행자보호의무위반,젖음/습기,비,교차로 - 교차로횡단보도내,승용,남,59세,상해없음,보행자,남,46세,경상
2020062900100546,2020년 6월 29일 20시,월요일,제주특별자치도 제주시 용담일동,경상사고,0,0,1,0,차대차 - 기타,교차로운행방법위반,젖음/습기,비,교차로 - 교차로안,승용,여,32세,상해없음,이륜,남,37세,경상
2020063000100048,2020년 6월 30일 02시,화요일,제주특별자치도 제주시 건입동,경상사고,0,0,1,0,차대차 - 추돌,안전운전불이행,건조,맑음,교차로 - 교차로부근,승용,남,23세,상해없음,승용,여,69세,경상
2020063000100093,2020년 6월 30일 07시,화요일,제주특별자치도 제주시 건입동,경상사고,0,0,1,0,차대차 - 추돌,안전거리미확보,젖음/습기,비,기타 - 기타,화물,남,49세,기타불명,승용,여,34세,경상
2020063000100132,2020년 6월 30일 08시,화요일,제주특별자치도 서귀포시 서귀동,경상사고,0,0,3,0,차대차 - 추돌,안전거리미확보,건조,맑음,교차로 - 교차로안,승합,남,26세,상해없음,승용,남,40세,경상
2020063000100178,2020년 6월 30일 10시,화요일,제주특별자치도 제주시 노형동,경상사고,0,0,2,0,차대차 - 측면충돌,안전운전불이행,건조,맑음,단일로 - 기타,승용,남,31세,상해없음,승용,남,52세,경상
2020063000100179,2020년 6월 30일 10시,화요일,제주특별자치도 제주시 노형동,경상사고,0,0,1,1,차대차 - 측면충돌,안전운전불이행,건조,맑음,단일로 - 기타,승용,여,20세,부상신고,승용,남,48세,경상
2020063000100265,2020년 6월 30일 13시,화요일,제주특별자치도 서귀포시 대정읍,중상사고,0,1,0,0,차대차 - 정면충돌,신호위반,건조,맑음,교차로 - 교차로안,이륜,남,29세,중상,승용,남,39세,상해없음
2020063000100291,2020년 6월 30일 14시,화요일,제주특별자치도 제주시 오라일동,중상사고,0,1,0,0,차대사람 - 횡단중,안전운전불이행,건조,맑음,단일로 - 기타,승용,남,73세,상해없음,보행자,남,45세,중상
2020063000100292,2020년 6월 30일 14시,화요일,제주특별자치도 서귀포시 안덕면,경상사고,0,0,10,0,차대차 - 추돌,안전운전불이행,건조,맑음,단일로 - 기타,화물,남,51세,상해없음,승용,남,38세,경상
2020063000100401,2020년 6월 30일 17시,화요일,제주특별자치도 제주시 아라일동,경상사고,0,0,1,1,차대차 - 추돌,안전운전불이행,건조,맑음,단일로 - 기타,승용,남,59세,상해없음,승용,남,36세,경상
2020063000100444,2020년 6월 30일 18시,화요일,제주특별자치도 제주시 봉개동,경상사고,0,0,1,0,차대차 - 측면충돌,교차로운행방법위반,건조,맑음,교차로 - 교차로안,승용,여,50세,상해없음,자전거,남,23세,경상
2020063000100445,2020년 6월 30일 18시,화요일,제주특별자치도 서귀포시 법환동,경상사고,0,0,1,0,차대사람 - 횡단중,안전운전불이행,건조,맑음,단일로 - 교량,승합,남,62세,상해없음,보행자,여,68세,경상
2020063000100507,2020년 6월 30일 20시,화요일,제주특별자치도 제주시 노형동,경상사고,0,0,1,0,차대사람 - 차도통행중,안전운전불이행,건조,맑음,단일로 - 기타,승용,남,55세,상해없음,보행자,여,73세,경상
2020063000100557,2020년 6월 30일 21시,화요일,제주특별자치도 제주시 연동,부상신고사고,0,0,0,1,차대사람 - 길가장자리구역통행중,안전운전불이행,건조,맑음,단일로 - 기타,승합,남,31세,상해없음,보행자,남,39세,부상신고
2020063000100619,2020년 6월 30일 23시,화요일,제주특별자치도 제주시 노형동,경상사고,0,0,1,0,차대사람 - 차도통행중,안전운전불이행,건조,기타,교차로 - 교차로안,승용,남,55세,상해없음,보행자,남,35세,경상
2020070100100088,2020년 7월 1일 07시,수요일,제주특별자치도 제주시 이도이동,중상사고,0,1,0,0,차대차 - 추돌,안전운전불이행,건조,맑음,교차로 - 교차로부근,이륜,남,80세,중상,승용,남,39세,상해없음
2020070100100116,2020년 7월 1일 08시,수요일,제주특별자치도 서귀포시 성산읍,경상사고,0,0,1,0,차대차 - 기타,교차로운행방법위반,건조,맑음,교차로 - 교차로안,화물,남,68세,상해없음,이륜,여,76세,경상
2020070100100117,2020년 7월 1일 08시,수요일,제주특별자치도 제주시 애월읍,중상사고,0,1,2,0,차대차 - 정면충돌,기타,건조,맑음,단일로 - 기타,화물,남,50세,경상,승용,여,38세,중상
2020070100100159,2020년 7월 1일 09시,수요일,제주특별자치도 서귀포시 대정읍,중상사고,0,1,1,0,차대차 - 측면충돌,신호위반,건조,맑음,교차로 - 교차로안,건설기계,남,71세,경상,승용,여,40세,중상
2020070100100217,2020년 7월 1일 11시,수요일,제주특별자치도 서귀포시 표선면,경상사고,0,0,1,0,차대사람 - 횡단중,안전운전불이행,건조,맑음,교차로 - 교차로부근,승용,남,39세,상해없음,보행자,여,80세,경상
2020070100100358,2020년 7월 1일 16시,수요일,제주특별자치도 제주시 이도이동,경상사고,0,0,1,0,차대차 - 정면충돌,직진우회전진행방해,건조,맑음,교차로 - 교차로안,승용,남,36세,상해없음,이륜,남,35세,경상
2020070100100390,2020년 7월 1일 17시,수요일,제주특별자치도 서귀포시 서귀동,경상사고,0,0,2,0,차대차 - 추돌,교차로운행방법위반,건조,맑음,교차로 - 교차로안,승용,여,27세,경상,승용,남,52세,경상
2020070100100507,2020년 7월 1일 20시,수요일,제주특별자치도 제주시 해안동,경상사고,0,0,1,0,차대차 - 측면충돌,교차로운행방법위반,건조,맑음,단일로 - 기타,승용,여,62세,상해없음,승용,여,56세,경상
2020070200100013,2020년 7월 2일 00시,목요일,제주특별자치도 서귀포시 표선면,사망사고,1,0,0,0,차대사람 - 길가장자리구역통행중,안전운전불이행,건조,맑음,단일로 - 지하차도(도로)내,화물,남,48세,상해없음,보행자,여,88세,사망
2020070200100078,2020년 7월 2일 07시,목요일,제주특별자치도 제주시 화북이동,경상사고,0,0,1,0,차대차 - 추돌,안전운전불이행,건조,맑음,단일로 - 기타,승용,여,55세,상해없음,승용,여,39세,경상
2020070200100080,2020년 7월 2일 07시,목요일,제주특별자치도 제주시 한림읍,부상신고사고,0,0,0,2,차대차 - 측면충돌,안전운전불이행,건조,맑음,교차로 - 교차로안,승용,여,26세,부상신고,이륜,남,73세,부상신고
2020070200100117,2020년 7월 2일 08시,목요일,제주특별자치도 서귀포시 남원읍,경상사고,0,0,1,0,차대차 - 추돌,안전거리미확보,건조,맑음,단일로 - 기타,승용,남,63세,상해없음,승용,여,37세,경상
2020070200100246,2020년 7월 2일 12시,목요일,제주특별자치도 제주시 건입동,경상사고,0,0,1,0,차대차 - 측면충돌,교차로운행방법위반,건조,맑음,교차로 - 교차로안,화물,남,47세,상해없음,승용,남,53세,경상
2020070200100283,2020년 7월 2일 13시,목요일,제주특별자치도 서귀포시 성산읍,경상사고,0,0,1,0,차대차 - 후진중충돌,안전운전불이행,건조,맑음,단일로 - 기타,승용,남,59세,상해없음,승용,남,41세,상해없음
2020070200100357,2020년 7월 2일 15시,목요일,제주특별자치도 서귀포시 안덕면,경상사고,0,0,3,0,차대차 - 측면충돌,안전운전불이행,건조,맑음,교차로 - 교차로안,승용,여,47세,경상,승용,남,27세,경상
2020070200100395,2020년 7월 2일 16시,목요일,제주특별자치도 제주시 연동,중상사고,0,1,1,0,차대차 - 추돌,안전운전불이행,건조,맑음,단일로 - 기타,승용,남,36세,상해없음,승용,남,56세,경상
2020070200100515,2020년 7월 2일 19시,목요일,제주특별자치도 제주시 화북이동,경상사고,0,0,4,1,차대차 - 추돌,안전운전불이행,건조,맑음,교차로 - 교차로부근,승용,남,21세,부상신고,승용,남,54세,경상
2020070200100516,2020년 7월 2일 19시,목요일,제주특별자치도 제주시 이도일동,경상사고,0,0,1,0,차대사람 - 기타,안전운전불이행,건조,맑음,교차로 - 교차로안,승용,남,40세,상해없음,보행자,남,54세,경상
2020070300100035,2020년 7월 3일 02시,금요일,제주특별자치도 제주시 조천읍,중상사고,0,2,0,0,차대차 - 추돌,안전거리미확보,젖음/습기,맑음,교차로 - 교차로부근,승용,여,53세,기타불명,승용,여,42세,중상
2020070300100129,2020년 7월 3일 08시,금요일,제주특별자치도 제주시 일도이동,경상사고,0,0,2,0,차대차 - 기타,안전운전불이행,건조,맑음,교차로 - 교차로안,화물,남,62세,상해없음,승용,여,48세,경상
2020070300100229,2020년 7월 3일 11시,금요일,제주특별자치도 제주시 애월읍,경상사고,0,0,2,0,차대차 - 기타,안전거리미확보,젖음/습기,비,교차로 - 교차로안,승용,남,55세,상해없음,승용,남,63세,경상
2020070300100285,2020년 7월 3일 13시,금요일,제주특별자치도 서귀포시 서귀동,경상사고,0,0,4,0,차대차 - 측면충돌,직진우회전진행방해,젖음/습기,비,교차로 - 교차로안,승용,남,67세,경상,승용,남,40세,경상
2020070300100321,2020년 7월 3일 14시,금요일,제주특별자치도 제주시 노형동,경상사고,0,0,1,0,차대차 - 측면충돌,안전운전불이행,젖음/습기,비,단일로 - 기타,승용,남,23세,상해없음,승용,남,40세,경상
2020070300100454,2020년 7월 3일 17시,금요일,제주특별자치도 제주시 애월읍,경상사고,0,0,1,0,차대차 - 추돌,안전거리미확보,건조,맑음,단일로 - 기타,승용,여,30세,상해없음,승용,남,35세,경상
2020070300100567,2020년 7월 3일 20시,금요일,제주특별자치도 제주시 도남동,중상사고,0,1,0,0,차대차 - 측면충돌,안전운전불이행,젖음/습기,비,교차로 - 교차로안,화물,남,67세,상해없음,승용,남,63세,중상
2020070400100070,2020년 7월 4일 02시,토요일,제주특별자치도 제주시 연동,경상사고,0,0,2,0,차대차 - 기타,중앙선침범,건조,맑음,단일로 - 기타,승용,여,46세,상해없음,승용,남,44세,경상
2020070400100103,2020년 7월 4일 05시,토요일,제주특별자치도 제주시 아라일동,경상사고,0,0,1,0,차대차 - 기타,안전운전불이행,건조,흐림,교차로 - 교차로안,화물,남,48세,상해없음,승용,남,59세,경상
2020070400100241,2020년 7월 4일 11시,토요일,제주특별자치도 제주시 내도동,경상사고,0,0,1,0,차대차 - 추돌,안전운전불이행,건조,흐림,교차로 - 교차로부근,승용,남,59세,상해없음,승용,여,47세,경상
2020070400100274,2020년 7월 4일 12시,토요일,제주특별자치도 서귀포시 법환동,경상사고,0,0,2,0,차량단독 - 기타,안전운전불이행,건조,맑음,단일로 - 기타,승합,남,43세,경상,,,,
2020070400100312,2020년 7월 4일 13시,토요일,제주특별자치도 제주시 애월읍,경상사고,0,0,3,0,차대차 - 추돌,안전운전불이행,건조,맑음,단일로 - 기타,승용,남,27세,상해없음,승용,남,38세,경상
2020070400100357,2020년 7월 4일 14시,토요일,제주특별자치도 제주시 구좌읍,중상사고,0,1,0,0,차대차 - 측면충돌,교차로운행방법위반,건조,맑음,교차로 - 교차로안,승용,남,41세,상해없음,승용,남,55세,상해없음
2020070400100358,2020년 7월 4일 14시,토요일,제주특별자치도 서귀포시 서귀동,중상사고,0,1,0,0,차대사람 - 차도통행중,안전운전불이행,건조,맑음,단일로 - 기타,승용,남,35세,상해없음,보행자,여,72세,중상