사고번호,사고일시,요일,시군구,사고내용,사망자수,중상자수,경상자수,부상신고자수,사고유형,법규위반,노면상태,기상상태,도로형태,가해운전자 차종,가해운전자 성별,가해운전자 연령,가해운전자 상해정도,피해운전자 차종,피해운전자 성별,피해운전자 연령,피해운전자 상해정도
2020070400100359,2020년 7월 4일 14시,토요일,제주특별자치도 제주시 연동,경상사고,0,0,1,0,차대사람 - 횡단중,신호위반,건조,맑음,교차로 - 교차로횡단보도내,승용,남,77세,상해없음,보행자,여,24세,경상
2020070400100394,2020년 7월 4일 15시,토요일,제주특별자치도 제주시 노형동,경상사고,0,0,1,0,차대차 - 기타,불법유턴,건조,맑음,단일로 - 기타,화물,남,75세,상해없음,승용,여,26세,경상
2020070400100429,2020년 7월 4일 16시,토요일,제주특별자치도 제주시 구좌읍,경상사고,0,0,1,0,차대차 - 측면충돌,교차로운행방법위반,건조,맑음,교차로 - 교차로안,승용,남,61세,상해없음,승용,여,29세,경상
2020070400100430,2020년 7월 4일 16시,토요일,제주특별자치도 제주시 아라일동,경상사고,0,0,1,0,차대차 - 측면충돌,교차로운행방법위반,건조,맑음,교차로 - 교차로안,승용,여,28세,상해없음,승용,남,18세,경상
2020070400100431,2020년 7월 4일 16시,토요일,제주특별자치도 제주시 일도이동,경상사고,0,0,1,0,차량단독 - 기타,안전운전불이행,건조,맑음,교차로 - 교차로안,승용,남,67세,상해없음,,,,
2020070400100536,2020년 7월 4일 19시,토요일,제주특별자치도 제주시 아라이동,중상사고,0,1,0,0,차대차 - 추돌,안전운전불이행,젖음/습기,비,단일로 - 기타,승용,여,47세,상해없음,이륜,남,38세,중상
2020070400100599,2020년 7월 4일 21시,토요일,제주특별자치도 서귀포시 상효동,중상사고,0,1,1,0,차량단독 - 공작물충돌,안전운전불이행,젖음/습기,비,단일로 - 기타,승용,남,60세,상해없음,,,,
2020070500100043,2020년 7월 5일 02시,일요일,제주특별자치도 제주시 이도이동,중상사고,0,1,0,0,차대사람 - 기타,안전운전불이행,건조,맑음,교차로 - 교차로횡단보도내,승용,여,20세,상해없음,보행자,남,50세,중상
2020070500100060,2020년 7월 5일 04시,일요일,제주특별자치도 제주시 노형동,경상사고,0,0,1,0,차대차 - 추돌,안전운전불이행,건조,맑음,교차로 - 교차로부근,승용,남,30세,상해없음,화물,남,65세,경상
2020070500100078,2020년 7월 5일 06시,일요일,제주특별자치도 제주시 구좌읍,부상신고사고,0,0,0,1,차량단독 - 공작물충돌,안전운전불이행,젖음/습기,비,단일로 - 기타,승용,남,68세,부상신고,,,,
2020070500100172,2020년 7월 5일 12시,일요일,제주특별자치도 제주시 노형동,경상사고,0,0,3,0,차대차 - 추돌,안전운전불이행,건조,맑음,단일로 - 기타,승용,남,24세,기타불명,승용,여,31세,경상
2020070500100232,2020년 7월 5일 14시,일요일,제주특별자치도 서귀포시 하원동,경상사고,0,0,2,0,차대차 - 후진중충돌,안전운전불이행,건조,맑음,교차로 - 교차로안,화물,남,70세,상해없음,승용,남,68세,경상
2020070500100261,2020년 7월 5일 15시,일요일,제주특별자치도 제주시 조천읍,경상사고,0,0,1,0,차대사람 - 기타,안전운전불이행,건조,맑음,단일로 - 기타,승용,남,54세,상해없음,보행자,남,50세,경상
2020070500100354,2020년 7월 5일 18시,일요일,제주특별자치도 제주시 이도이동,경상사고,0,0,1,0,차대차 - 추돌,교차로운행방법위반,건조,맑음,교차로 - 교차로안,승용,남,55세,상해없음,화물,남,62세,경상
2020070500100376,2020년 7월 5일 19시,일요일,제주특별자치도 제주시 이도이동,경상사고,0,0,1,0,차대사람 - 기타,안전운전불이행,건조,맑음,기타 - 기타,자전거,남,7세,상해없음,보행자,남,1세,경상
2020070500100444,2020년 7월 5일 22시,일요일,제주특별자치도 서귀포시 토평동,부상신고사고,0,0,0,1,차대차 - 기타,안전운전불이행,건조,맑음,단일로 - 기타,이륜,남,46세,부상신고,승용,남,32세,기타불명
2020070600100012,2020년 7월 6일 01시,월요일,제주특별자치도 제주시 아라일동,경상사고,0,0,2,0,차대차 - 기타,교차로운행방법위반,젖음/습기,비,교차로 - 교차로안,승용,남,25세,상해없음,승용,남,51세,경상
2020070600100173,2020년 7월 6일 10시,월요일,제주특별자치도 제주시 이도이동,경상사고,0,0,4,0,차대차 - 추돌,안전운전불이행,건조,맑음,단일로 - 기타,화물,남,29세,상해없음,승용,여,60세,경상
2020070600100212,2020년 7월 6일 11시,월요일,제주특별자치도 서귀포시 중문동,중상사고,0,1,2,0,차대차 - 측면충돌,직진우회전진행방해,건조,맑음,교차로 - 교차로안,승용,여,21세,경상,승용,남,58세,중상
2020070600100214,2020년 7월 6일 11시,월요일,제주특별자치도 제주시 용담이동,경상사고,0,0,2,0,차대차 - 측면충돌,안전거리미확보,건조,맑음,단일로 - 기타,승용,여,30세,경상,화물,남,60세,경상
2020070600100251,2020년 7월 6일 12시,월요일,제주특별자치도 제주시 애월읍,부상신고사고,0,0,0,1,차대차 - 측면충돌,안전운전불이행,젖음/습기,흐림,단일로 - 기타,승용,남,60세,기타불명,승용,남,24세,부상신고
2020070600100320,2020년 7월 6일 14시,월요일,제주특별자치도 서귀포시 남원읍,경상사고,0,0,3,0,차대차 - 추돌,차로위반,건조,맑음,단일로 - 기타,승용,여,54세,경상,특수,남,33세,경상
2020070600100460,2020년 7월 6일 18시,월요일,제주특별자치도 서귀포시 표선면,경상사고,0,0,1,0,차량단독 - 기타,안전운전불이행,젖음/습기,비,교차로 - 교차로안,이륜,여,60세,경상,,,,
2020070600100461,2020년 7월 6일 18시,월요일,제주특별자치도 제주시 애월읍,경상사고,0,0,1,0,차대차 - 측면충돌,안전운전불이행,건조,흐림,단일로 - 기타,승용,남,21세,상해없음,화물,남,59세,상해없음
2020070600100490,2020년 7월 6일 19시,월요일,제주특별자치도 제주시 한경면,부상신고사고,0,0,0,1,차량단독 - 공작물충돌,안전운전불이행,젖음/습기,비,단일로 - 기타,승용,남,27세,부상신고,,,,
2020070600100518,2020년 7월 6일 20시,월요일,제주특별자치도 제주시 이도일동,경상사고,0,0,2,0,차대사람 - 기타,안전운전불이행,건조,맑음,교차로 - 교차로부근,승용,남,57세,상해없음,보행자,여,27세,경상
2020070700100075,2020년 7월 7일 07시,화요일,제주특별자치도 제주시 연동,경상사고,0,0,1,0,차대차 - 추돌,안전운전불이행,젖음/습기,비,단일로 - 기타,승용,남,37세,상해없음,승용,남,67세,상해없음
2020070700100076,2020년 7월 7일 07시,화요일,제주특별자치도 제주시 애월읍,경상사고,0,0,1,0,차대차 - 기타,신호위반,건조,맑음,교차로 - 교차로안,승용,여,39세,상해없음,승합,남,46세,상해없음
2020070700100141,2020년 7월 7일 09시,화요일,제주특별자치도 서귀포시 남원읍,경상사고,0,0,2,0,차대차 - 측면충돌,중앙선침범,젖음/습기,흐림,단일로 - 기타,승용,여,52세,상해없음,승용,남,36세,경상
2020070700100169,2020년 7월 7일 10시,화요일,제주특별자치도 제주시 용담삼동,경상사고,0,0,1,0,차대사람 - 횡단중,보행자보호의무위반,건조,맑음,교차로 - 교차로횡단보도내,승용,남,68세,상해없음,보행자,남,59세,경상
2020070700100364,2020년 7월 7일 16시,화요일,제주특별자치도 서귀포시 중문동,경상사고,0,0,2,0,차대차 - 측면충돌,중앙선침범,젖음/습기,비,단일로 - 기타,승용,남,50세,상해없음,승용,여,38세,경상
2020070700100365,2020년 7월 7일 16시,화요일,제주특별자치도 서귀포시 신효동,경상사고,0,0,1,0,차대차 - 측면충돌,안전거리미확보,젖음/습기,비,교차로 - 교차로안,승용,여,58세,경상,승용,남,42세,상해없음
2020070700100405,2020년 7월 7일 17시,화요일,제주특별자치도 제주시 이도이동,경상사고,0,0,1,0,차대사람 - 횡단중,보행자보호의무위반,건조,맑음,교차로 - 교차로안,승합,남,51세,상해없음,보행자,남,7세,경상
2020070700100406,2020년 7월 7일 17시,화요일,제주특별자치도 서귀포시 서호동,중상사고,0,1,3,0,차대차 - 정면충돌,기타,젖음/습기,흐림,교차로 - 교차로안,승용,남,33세,경상,승용,여,46세,경상
2020070700100466,2020년 7월 7일 18시,화요일,제주특별자치도 제주시 오라이동,경상사고,0,0,4,0,차대차 - 기타,안전운전불이행,건조,맑음,단일로 - 기타,승용,여,59세,상해없음,승용,남,63세,경상
2020070700100533,2020년 7월 7일 20시,화요일,제주특별자치도 제주시 연동,중상사고,0,1,0,0,차대차 - 측면충돌,안전거리미확보,건조,기타,단일로 - 기타,승용,남,51세,상해없음,이륜,남,28세,중상
2020070800100080,2020년 7월 8일 07시,수요일,제주특별자치도 제주시 연동,경상사고,0,0,1,0,차대차 - 추돌,안전운전불이행,건조,맑음,교차로 - 교차로안,화물,남,72세,경상,승용,여,50세,상해없음
2020070800100117,2020년 7월 8일 08시,수요일,제주특별자치도 서귀포시 서귀동,경상사고,0,0,2,0,차대차 - 측면충돌,직진우회전진행방해,건조,맑음,교차로 - 교차로안,승용,남,76세,상해없음,승용,여,19세,경상
2020070800100147,2020년 7월 8일 09시,수요일,제주특별자치도 제주시 애월읍,경상사고,0,0,4,0,차대차 - 후진중충돌,중앙선침범,건조,맑음,단일로 - 기타,승용,여,57세,상해없음,승용,남,59세,경상
2020070800100184,2020년 7월 8일 10시,수요일,제주특별자치도 서귀포시 안덕면,중상사고,0,1,0,0,차량단독 - 공작물충돌,안전운전불이행,건조,맑음,단일로 - 기타,이륜,남,19세,중상,,,,
2020070800100214,2020년 7월 8일 11시,수요일,제주특별자치도 제주시 이도일동,중상사고,0,1,0,0,차대사람 - 횡단중,보행자보호의무위반,건조,맑음,단일로 - 기타,승용,남,28세,상해없음,보행자,여,80세,중상
2020070800100215,2020년 7월 8일 11시,수요일,제주특별자치도 제주시 도련이동,경상사고,0,0,1,0,차대차 - 기타,안전운전불이행,건조,맑음,교차로 - 교차로부근,화물,남,18세,상해없음,이륜,남,26세,경상
2020070800100279,2020년 7월 8일 13시,수요일,제주특별자치도 제주시 한림읍,부상신고사고,0,0,0,1,차대차 - 측면충돌,직진우회전진행방해,건조,맑음,교차로 - 교차로안,승용,남,65세,상해없음,승용,여,50세,부상신고
2020070800100310,2020년 7월 8일 14시,수요일,제주특별자치도 제주시 한경면,경상사고,0,0,3,0,차대차 - 측면충돌,차로위반,건조,맑음,교차로 - 교차로부근,이륜,여,67세,경상,승용,남,23세,경상
2020070800100311,2020년 7월 8일 14시,수요일,제주특별자치도 제주시 도두일동,경상사고,0,0,2,0,차대차 - 기타,중앙선침범,건조,맑음,교차로 - 교차로안,승용,여,56세,상해없음,승용,남,24세,경상
2020070800100312,2020년 7월 8일 14시,수요일,제주특별자치도 제주시 오라삼동,경상사고,0,0,1,0,차대차 - 측면충돌,직진우회전진행방해,건조,맑음,교차로 - 교차로안,승용,여,55세,상해없음,승용,남,27세,경상
2020070800100313,2020년 7월 8일 14시,수요일,제주특별자치도 제주시 한림읍,중상사고,0,1,0,0,차대차 - 기타,중앙선침범,건조,맑음,교차로 - 교차로부근,화물,남,74세,상해없음,이륜,남,56세,중상
2020070800100356,2020년 7월 8일 15시,수요일,제주특별자치도 제주시 애월읍,부상신고사고,0,0,0,2,차대차 - 추돌,안전거리미확보,건조,맑음,단일로 - 기타,승용,남,46세,상해없음,승용,여,26세,부상신고
2020070800100441,2020년 7월 8일 17시,수요일,제주특별자치도 제주시 용담이동,경상사고,0,0,1,2,차대차 - 기타,안전거리미확보,건조,맑음,단일로 - 기타,화물,여,61세,상해없음,승용,남,58세,경상
2020070800100442,2020년 7월 8일 17시,수요일,제주특별자치도 제주시 한림읍,경상사고,0,0,2,0,차대차 - 측면충돌,안전운전불이행,건조,맑음,단일로 - 기타,승용,남,52세,경상,승용,여,26세,상해없음
2020070800100491,2020년 7월 8일 18시,수요일,제주특별자치도 제주시 한림읍,중상사고,0,2,1,0,차대차 - 측면충돌,직진우회전진행방해,건조,맑음,교차로 - 교차로안,승용,남,22세,상해없음,승용,남,47세,중상
2020070800100613,2020년 7월 8일 22시,수요일,제주특별자치도 제주시 아라이동,부상신고사고,0,0,0,1,차대차 - 측면충돌,안전운전불이행,건조,맑음,교차로 - 교차로부근,이륜,남,25세,부상신고,승용,남,58세,상해없음
2020070800100627,2020년 7월 8일 23시,수요일,제주특별자치도 제주시 오라이동,경상사고,0,0,2,0,차대차 - 기타,차로위반,건조,맑음,단일로 - 기타,승용,남,57세,상해없음,승용,남,30세,경상
2020070800100628,2020년 7월 8일 23시,수요일,제주특별자치도 제주시 삼도일동,경상사고,0,0,2,0,차대차 - 추돌,안전거리미확보,건조,맑음,단일로 - 기타,화물,남,35세,상해없음,승용,여,56세,경상
2020070800100629,2020년 7월 8일 23시,수요일,제주특별자치도 제주시 연동,경상사고,0,0,1,0,차대차 - 측면충돌,신호위반,건조,맑음,교차로 - 교차로안,이륜,남,20세,상해없음,승용,남,62세,경상
2020070900100094,2020년 7월 9일 07시,목요일,제주특별자치도 제주시 애월읍,중상사고,0,1,0,0,차대차 - 측면충돌,교차로운행방법위반,건조,맑음,교차로 - 교차로안,이륜,남,69세,중상,승용,여,25세,상해없음
2020070900100124,2020년 7월 9일 08시,목요일,제주특별자치도 제주시 노형동,경상사고,0,0,1,0,차대차 - 측면충돌,차로위반,건조,맑음,단일로 - 기타,승용,여,28세,상해없음,승용,남,39세,경상
2020070900100125,2020년 7월 9일 08시,목요일,제주특별자치도 제주시 용담이동,경상사고,0,0,2,0,차대차 - 측면충돌,안전거리미확보,건조,맑음,교차로 - 교차로부근,화물,남,47세,경상,승용,여,45세,경상
2020070900100153,2020년 7월 9일 09시,목요일,제주특별자치도 제주시 용담이동,경상사고,0,0,1,0,차대사람 - 기타,안전운전불이행,건조,맑음,단일로 - 기타,승용,남,27세,상해없음,보행자,여,41세,경상
2020070900100227,2020년 7월 9일 11시,목요일,제주특별자치도 제주시 한경면,경상사고,0,0,1,0,차량단독 - 공작물충돌,안전운전불이행,건조,맑음,단일로 - 기타,이륜,남,24세,경상,,,,
2020070900100264,2020년 7월 9일 12시,목요일,제주특별자치도 제주시 구좌읍,중상사고,0,2,4,0,차대차 - 추돌,안전운전불이행,건조,맑음,교차로 - 교차로부근,화물,남,62세,상해없음,승용,남,62세,경상
2020070900100265,2020년 7월 9일 12시,목요일,제주특별자치도 제주시 연동,경상사고,0,0,1,0,차대차 - 측면충돌,안전거리미확보,건조,맑음,단일로 - 기타,승용,남,40세,상해없음,화물,남,42세,경상
2020070900100389,2020년 7월 9일 15시,목요일,제주특별자치도 서귀포시 상효동,경상사고,0,0,2,0,차대차 - 추돌,안전거리미확보,건조,맑음,기타 - 기타,화물,남,37세,상해없음,승용,여,44세,경상
2020070900100432,2020년 7월 9일 16시,목요일,제주특별자치도 서귀포시 보목동,중상사고,0,1,0,0,차대사람 - 기타,안전운전불이행,건조,맑음,단일로 - 기타,화물,남,51세,상해없음,보행자,여,77세,중상
2020070900100433,2020년 7월 9일 16시,목요일,제주특별자치도 서귀포시 표선면,경상사고,0,0,2,0,차대차 - 기타,안전운전불이행,건조,맑음,단일로 - 기타,승용,남,51세,상해없음,승용,여,23세,경상
2020070900100533,2020년 7월 9일 18시,목요일,제주특별자치도 제주시 이도이동,경상사고,0,0,2,1,차대차 - 측면충돌,안전운전불이행,건조,맑음,교차로 - 교차로안,이륜,남,26세,부상신고,승용,여,32세,경상
2020070900100534,2020년 7월 9일 18시,목요일,제주특별자치도 제주시 구좌읍,중상사고,0,1,0,0,차량단독 - 기타,안전운전불이행,건조,흐림,단일로 - 기타,승용,여,56세,상해없음,,,,
2020070900100535,2020년 7월 9일 18시,목요일,제주특별자치도 제주시 용담일동,경상사고,0,0,4,0,차대차 - 추돌,안전운전불이행,건조,맑음,단일로 - 기타,승용,여,56세,상해없음,승용,남,43세,경상
2020070900100536,2020년 7월 9일 18시,목요일,제주특별자치도 서귀포시 대정읍,경상사고,0,0,1,0,차량단독 - 공작물충돌,안전운전불이행,건조,맑음,단일로 - 기타,승용,여,40세,경상,,,,
2020070900100537,2020년 7월 9일 18시,목요일,제주특별자치도 제주시 이호이동,경상사고,0,0,1,0,차대차 - 기타,직진우회전진행방해,건조,맑음,교차로 - 교차로안,승용,남,41세,상해없음,이륜,남,20세,경상
2020070900100578,2020년 7월 9일 19시,목요일,제주특별자치도 제주시 연동,경상사고,0,0,1,0,차대차 - 기타,기타,건조,맑음,기타 - 기타,이륜,남,49세,상해없음,이륜,남,34세,경상
2020070900100611,2020년 7월 9일 20시,목요일,제주특별자치도 제주시 용담일동,중상사고,0,1,0,0,차대차 - 측면충돌,신호위반,젖음/습기,비,교차로 - 교차로안,승용,남,53세,상해없음,이륜,남,34세,중상
2020070900100680,2020년 7월 9일 23시,목요일,제주특별자치도 제주시 연동,중상사고,0,1,0,0,차대차 - 기타,안전거리미확보,젖음/습기,비,교차로 - 교차로부근,승용,남,56세,상해없음,승용,남,43세,상해없음
2020071000100108,2020년 7월 10일 08시,금요일,제주특별자치도 서귀포시 안덕면,경상사고,0,0,1,0,차대차 - 정면충돌,중앙선침범,젖음/습기,비,단일로 - 기타,승용,남,49세,상해없음,승용,남,32세,경상
2020071000100177,2020년 7월 10일 10시,금요일,제주특별자치도 제주시 한림읍,경상사고,0,0,1,0,차대차 - 측면충돌,중앙선침범,건조,흐림,교차로 - 교차로부근,화물,남,88세,기타불명,승용,여,51세,경상
2020071000100221,2020년 7월 10일 11시,금요일,제주특별자치도 서귀포시 안덕면,중상사고,0,1,4,0,차대차 - 측면충돌,과속,건조,맑음,교차로 - 교차로안,승용,남,56세,경상,승용,남,45세,중상
2020071000100309,2020년 7월 10일 14시,금요일,제주특별자치도 제주시 도련일동,경상사고,0,0,1,0,차대차 - 측면충돌,교차로운행방법위반,건조,맑음,교차로 - 교차로안,화물,남,80세,상해없음,이륜,남,33세,경상
2020071000100310,2020년 7월 10일 14시,금요일,제주특별자치도 서귀포시 서귀동,경상사고,0,0,1,0,차대차 - 측면충돌,안전운전불이행,건조,맑음,교차로 - 교차로안,승용,남,73세,상해없음,승용,여,39세,경상
2020071000100357,2020년 7월 10일 15시,금요일,제주특별자치도 제주시 일도이동,경상사고,0,0,1,0,차대사람 - 횡단중,보행자보호의무위반,건조,맑음,교차로 - 교차로부근,화물,남,41세,기타불명,보행자,여,70세,경상
2020071000100401,2020년 7월 10일 16시,금요일,제주특별자치도 제주시 화북이동,경상사고,0,0,1,0,차대차 - 기타,안전운전불이행,건조,맑음,단일로 - 기타,승용,남,34세,상해없음,승용,남,45세,경상
2020071000100515,2020년 7월 10일 18시,금요일,제주특별자치도 제주시 연동,중상사고,0,1,0,0,차대차 - 측면충돌,직진우회전진행방해,건조,맑음,교차로 - 교차로안,화물,남,55세,상해없음,이륜,남,52세,중상
2020071000100606,2020년 7월 10일 21시,금요일,제주특별자치도 제주시 용담이동,중상사고,0,1,1,0,차대차 - 기타,차로위반,건조,맑음,단일로 - 기타,승용,여,26세,상해없음,승용,남,60세,중상
2020071000100670,2020년 7월 10일 23시,금요일,제주특별자치도 제주시 오라일동,부상신고사고,0,0,0,1,차대차 - 측면충돌,안전운전불이행,건조,맑음,단일로 - 기타,승용,남,53세,상해없음,이륜,남,46세,부상신고
2020071100100054,2020년 7월 11일 02시,토요일,제주특별자치도 서귀포시 동홍동,경상사고,0,0,1,0,차대차 - 측면충돌,안전운전불이행,건조,맑음,교차로 - 교차로안,승용,여,41세,경상,승용,남,50세,기타불명
2020071100100226,2020년 7월 11일 11시,토요일,제주특별자치도 제주시 오라이동,경상사고,0,0,1,0,차대사람 - 횡단중,보행자보호의무위반,건조,맑음,교차로 - 교차로횡단보도내,승용,남,66세,상해없음,보행자,남,68세,경상
2020071100100313,2020년 7월 11일 13시,토요일,제주특별자치도 제주시 한림읍,경상사고,0,0,1,0,차대차 - 측면충돌,교차로운행방법위반,건조,맑음,교차로 - 교차로안,승용,여,43세,상해없음,이륜,남,33세,경상
2020071100100314,2020년 7월 11일 13시,토요일,제주특별자치도 제주시 노형동,경상사고,0,0,3,0,차대차 - 기타,직진우회전진행방해,건조,맑음,교차로 - 교차로안,승용,남,63세,상해없음,승용,여,41세,경상
2020071100100350,2020년 7월 11일 14시,토요일,제주특별자치도 제주시 용강동,경상사고,0,0,1,0,차대차 - 기타,안전운전불이행,건조,맑음,교차로 - 교차로안,승용,여,28세,상해없음,승용,남,39세,경상
2020071100100351,2020년 7월 11일 14시,토요일,제주특별자치도 제주시 연동,부상신고사고,0,0,0,2,차대차 - 측면충돌,안전운전불이행,건조,맑음,교차로 - 교차로안,승용,여,56세,부상신고,승용,여,54세,부상신고
2020071100100424,2020년 7월 11일 16시,토요일,제주특별자치도 제주시 애월읍,경상사고,0,0,3,0,차대차 - 기타,안전운전불이행,건조,맑음,단일로 - 기타,화물,남,65세,상해없음,승용,남,41세,상해없음
2020071100100463,2020년 7월 11일 17시,토요일,제주특별자치도 제주시 조천읍,경상사고,0,0,1,0,차대차 - 기타,교차로운행방법위반,건조,맑음,교차로 - 교차로안,승용,남,29세,상해없음,승용,남,38세,경상
2020071100100498,2020년 7월 11일 18시,토요일,제주특별자치도 제주시 일도이동,경상사고,0,0,1,0,차대차 - 기타,안전거리미확보,건조,맑음,단일로 - 기타,승용,남,61세,상해없음,승용,남,61세,상해없음
2020071100100583,2020년 7월 11일 21시,토요일,제주특별자치도 제주시 연동,중상사고,0,1,0,0,차대차 - 기타,직진우회전진행방해,건조,맑음,교차로 - 교차로안,승용,남,64세,상해없음,이륜,남,47세,중상
2020071100100616,2020년 7월 11일 22시,토요일,제주특별자치도 제주시 노형동,경상사고,0,0,2,0,차대차 - 측면충돌,직진우회전진행방해,건조,맑음,교차로 - 교차로안,승용,여,49세,경상,승용,남,52세,경상
2020071100100617,2020년 7월 11일 22시,토요일,제주특별자치도 제주시 애월읍,경상사고,0,0,1,0,차대차 - 기타,안전운전불이행,건조,맑음,교차로 - 교차로안,승용,여,29세,경상,승용,남,62세,상해없음
2020071200100059,2020년 7월 12일 05시,일요일,제주특별자치도 서귀포시 안덕면,중상사고,0,1,1,0,차대차 - 기타,안전운전불이행,젖음/습기,흐림,단일로 - 기타,승용,남,27세,상해없음,승용,남,65세,경상
2020071200100116,2020년 7월 12일 10시,일요일,제주특별자치도 제주시 연동,경상사고,0,0,1,2,차대차 - 측면충돌,안전거리미확보,젖음/습기,비,교차로 - 교차로부근,승합,남,61세,상해없음,승용,남,41세,경상
2020071200100183,2020년 7월 12일 12시,일요일,제주특별자치도 제주시 봉개동,경상사고,0,0,1,0,차대차 - 기타,안전운전불이행,건조,맑음,교차로 - 교차로안,승용,남,45세,상해없음,승용,여,36세,경상
2020071200100291,2020년 7월 12일 16시,일요일,제주특별자치도 제주시 조천읍,중상사고,0,1,1,0,차대차 - 정면충돌,안전운전불이행,건조,맑음,단일로 - 기타,화물,남,45세,경상,승용,여,27세,중상
2020071200100467,2020년 7월 12일 21시,일요일,제주특별자치도 서귀포시 서귀동,경상사고,0,0,1,0,차대차 - 기타,불법유턴,젖음/습기,비,교차로 - 교차로안,승용,남,62세,상해없음,승용,남,54세,상해없음
2020071300100079,2020년 7월 13일 07시,월요일,제주특별자치도 제주시 삼도일동,경상사고,0,0,1,0,차대차 - 추돌,안전거리미확보,젖음/습기,흐림,교차로 - 교차로횡단보도내,승용,남,62세,상해없음,승용,여,30세,경상
2020071300100114,2020년 7월 13일 08시,월요일,제주특별자치도 제주시 아라일동,경상사고,0,0,2,0,차대차 - 측면충돌,교차로운행방법위반,젖음/습기,흐림,교차로 - 교차로안,승용,남,38세,경상,승용,여,60세,경상
2020071300100115,2020년 7월 13일 08시,월요일,제주특별자치도 제주시 애월읍,부상신고사고,0,0,0,1,차대차 - 추돌,안전운전불이행,젖음/습기,비,단일로 - 기타,이륜,남,46세,부상신고,승합,남,62세,상해없음
2020071300100116,2020년 7월 13일 08시,월요일,제주특별자치도 제주시 연동,부상신고사고,0,0,0,2,차대차 - 측면충돌,안전운전불이행,젖음/습기,흐림,교차로 - 교차로안,승용,여,52세,부상신고,승용,여,45세,부상신고
2020071300100149,2020년 7월 13일 09시,월요일,제주특별자치도 제주시 도남동,경상사고,0,0,1,0,차대차 - 측면충돌,안전운전불이행,젖음/습기,흐림,단일로 - 기타,승용,남,24세,상해없음,승용,여,40세,경상
2020071300100150,2020년 7월 13일 09시,월요일,제주특별자치도 제주시 노형동,경상사고,0,0,1,0,차대사람 - 횡단중,안전운전불이행,건조,맑음,교차로 - 교차로부근,승용,남,38세,상해없음,보행자,여,39세,경상
2020071300100186,2020년 7월 13일 10시,월요일,제주특별자치도 제주시 일도이동,경상사고,0,0,1,0,차대차 - 측면충돌,안전운전불이행,건조,맑음,교차로 - 교차로부근,승용,남,51세,상해없음,승용,남,75세,경상
2020071300100279,2020년 7월 13일 13시,월요일,제주특별자치도 제주시 아라일동,경상사고,0,0,1,0,차대사람 - 기타,안전운전불이행,건조,맑음,단일로 - 기타,승용,여,54세,상해없음,보행자,남,77세,경상
2020071300100280,2020년 7월 13일 13시,월요일,제주특별자치도 서귀포시 대정읍,중상사고,0,1,0,0,차대차 - 측면충돌,직진우회전진행방해,건조,맑음,교차로 - 교차로부근,승용,남,29세,상해없음,원동기,여,80세,중상
2020071300100309,2020년 7월 13일 14시,월요일,제주특별자치도 제주시 오라일동,중상사고,0,2,1,0,차대차 - 측면충돌,직진우회전진행방해,건조,맑음,교차로 - 교차로안,승용,남,63세,상해없음,승용,남,26세,중상
2020071300100410,2020년 7월 13일 17시,월요일,제주특별자치도 제주시 조천읍,경상사고,0,0,3,0,차대차 - 추돌,안전운전불이행,젖음/습기,비,단일로 - 기타,승용,남,29세,경상,승용,남,35세,경상
2020071300100411,2020년 7월 13일 17시,월요일,제주특별자치도 제주시 애월읍,중상사고,0,1,9,0,차대차 - 측면충돌,교차로운행방법위반,기타,비,교차로 - 교차로안,승용,여,29세,경상,승용,남,35세,경상
2020071300100447,2020년 7월 13일 18시,월요일,제주특별자치도 서귀포시 남원읍,중상사고,0,1,1,0,차량단독 - 공작물충돌,안전운전불이행,젖음/습기,비,단일로 - 기타,승용,여,32세,중상,,,,
2020071300100549,2020년 7월 13일 21시,월요일,제주특별자치도 서귀포시 서귀동,중상사고,0,1,0,0,차대사람 - 횡단중,안전운전불이행,건조,맑음,단일로 - 기타,승용,남,21세,상해없음,보행자,여,60세,중상
2020071300100550,2020년 7월 13일 21시,월요일,제주특별자치도 제주시 용담이동,경상사고,0,0,1,0,차대차 - 기타,안전운전불이행,건조,맑음,단일로 - 기타,승용,남,64세,상해없음,승용,남,36세,경상
2020071400100024,2020년 7월 14일 00시,화요일,제주특별자치도 제주시 오라이동,경상사고,0,0,2,0,차대차 - 기타,중앙선침범,건조,맑음,단일로 - 기타,승합,남,35세,상해없음,승용,남,33세,경상
2020071400100084,2020년 7월 14일 06시,화요일,제주특별자치도 제주시 애월읍,경상사고,0,0,2,0,차대차 - 추돌,안전운전불이행,건조,맑음,단일로 - 기타,승용,남,56세,상해없음,승용,여,40세,경상
2020071400100104,2020년 7월 14일 07시,화요일,제주특별자치도 제주시 봉개동,중상사고,0,2,0,0,차량단독 - 공작물충돌,안전운전불이행,젖음/습기,비,단일로 - 기타,승용,여,49세,상해없음,,,,
2020071400100105,2020년 7월 14일 07시,화요일,제주특별자치도 서귀포시 대정읍,경상사고,0,0,1,0,차량단독 - 공작물충돌,안전운전불이행,건조,흐림,단일로 - 기타,승용,여,37세,경상,,,,