사고번호,사고일시,요일,시군구,사고내용,사망자수,중상자수,경상자수,부상신고자수,사고유형,법규위반,노면상태,기상상태,도로형태,가해운전자 차종,가해운전자 성별,가해운전자 연령,가해운전자 상해정도,피해운전자 차종,피해운전자 성별,피해운전자 연령,피해운전자 상해정도
2020071400100142,2020년 7월 14일 08시,화요일,제주특별자치도 제주시 봉개동,경상사고,0,0,1,0,차대사람 - 횡단중,안전운전불이행,건조,맑음,교차로 - 교차로안,승용,여,32세,상해없음,보행자,여,77세,경상
2020071400100175,2020년 7월 14일 09시,화요일,제주특별자치도 제주시 봉개동,경상사고,0,0,1,0,차대차 - 추돌,안전거리미확보,건조,맑음,단일로 - 기타,승합,남,52세,상해없음,특수,남,24세,상해없음
2020071400100236,2020년 7월 14일 11시,화요일,제주특별자치도 제주시 이도일동,경상사고,0,0,1,0,차대사람 - 횡단중,보행자보호의무위반,건조,맑음,교차로 - 교차로횡단보도내,승용,남,35세,상해없음,보행자,여,55세,경상
2020071400100266,2020년 7월 14일 12시,화요일,제주특별자치도 제주시 한경면,경상사고,0,0,1,0,차대차 - 기타,직진우회전진행방해,건조,맑음,교차로 - 교차로안,이륜,여,81세,경상,승용,남,72세,상해없음
2020071400100334,2020년 7월 14일 14시,화요일,제주특별자치도 제주시 용담일동,경상사고,0,0,1,0,차대차 - 측면충돌,신호위반,건조,맑음,교차로 - 교차로안,승용,여,50세,상해없음,이륜,남,34세,경상
2020071400100335,2020년 7월 14일 14시,화요일,제주특별자치도 서귀포시 안덕면,중상사고,0,1,0,0,차대차 - 기타,안전운전불이행,건조,흐림,기타 - 기타,승용,남,50세,상해없음,자전거,여,74세,중상
2020071400100336,2020년 7월 14일 14시,화요일,제주특별자치도 제주시 노형동,경상사고,0,0,1,0,차대차 - 추돌,안전운전불이행,건조,맑음,단일로 - 기타,화물,여,65세,경상,화물,남,48세,기타불명
2020071400100412,2020년 7월 14일 16시,화요일,제주특별자치도 서귀포시 서홍동,중상사고,0,1,0,0,차대차 - 기타,안전운전불이행,건조,맑음,교차로 - 교차로부근,승용,남,71세,상해없음,승용,남,63세,중상
2020071400100449,2020년 7월 14일 17시,화요일,제주특별자치도 서귀포시 대정읍,경상사고,0,0,1,0,차대사람 - 보도통행중,보행자보호의무위반,건조,맑음,교차로 - 교차로안,화물,남,28세,상해없음,보행자,여,7세,경상
2020071400100450,2020년 7월 14일 17시,화요일,제주특별자치도 제주시 한경면,경상사고,0,0,1,0,차량단독 - 공작물충돌,안전운전불이행,건조,맑음,단일로 - 기타,화물,남,79세,경상,,,,
2020071400100485,2020년 7월 14일 18시,화요일,제주특별자치도 제주시 조천읍,경상사고,0,0,1,0,차대차 - 추돌,안전운전불이행,건조,맑음,교차로 - 교차로부근,승용,남,59세,상해없음,승용,남,29세,경상
2020071400100486,2020년 7월 14일 18시,화요일,제주특별자치도 제주시 이도일동,경상사고,0,0,2,0,차대차 - 추돌,안전운전불이행,건조,맑음,단일로 - 기타,승용,남,42세,상해없음,승용,여,24세,경상
2020071400100487,2020년 7월 14일 18시,화요일,제주특별자치도 제주시 한경면,경상사고,0,0,1,0,차대차 - 측면충돌,안전운전불이행,건조,흐림,교차로 - 교차로안,승용,남,51세,상해없음,승용,여,25세,경상
2020071400100525,2020년 7월 14일 19시,화요일,제주특별자치도 서귀포시 남원읍,경상사고,0,0,2,0,차대차 - 기타,직진우회전진행방해,건조,맑음,교차로 - 교차로안,승용,남,27세,상해없음,승용,남,53세,경상
2020071400100554,2020년 7월 14일 20시,화요일,제주특별자치도 제주시 연동,경상사고,0,0,1,0,차대차 - 기타,안전거리미확보,건조,맑음,기타 - 기타,승용,여,69세,상해없음,승용,남,32세,경상
2020071400100581,2020년 7월 14일 21시,화요일,제주특별자치도 제주시 일도이동,부상신고사고,0,0,0,1,차대차 - 기타,안전거리미확보,젖음/습기,맑음,단일로 - 기타,승용,남,55세,상해없음,이륜,남,24세,부상신고
2020071400100610,2020년 7월 14일 22시,화요일,제주특별자치도 제주시 구좌읍,중상사고,0,1,2,0,차대차 - 기타,중앙선침범,건조,맑음,단일로 - 기타,이륜,남,18세,중상,화물,남,51세,상해없음
2020071400100637,2020년 7월 14일 23시,화요일,제주특별자치도 제주시 외도일동,부상신고사고,0,0,0,1,차량단독 - 공작물충돌,안전운전불이행,건조,맑음,단일로 - 기타,승용,남,36세,부상신고,,,,
2020071500100040,2020년 7월 15일 04시,수요일,제주특별자치도 서귀포시 표선면,경상사고,0,0,2,0,차량단독 - 공작물충돌,안전운전불이행,건조,기타,단일로 - 기타,화물,남,67세,경상,,,,
2020071500100050,2020년 7월 15일 05시,수요일,제주특별자치도 제주시 오라일동,경상사고,0,0,2,0,차대차 - 정면충돌,안전운전불이행,건조,흐림,교차로 - 교차로안,승용,남,24세,경상,승용,여,63세,경상
2020071500100080,2020년 7월 15일 07시,수요일,제주특별자치도 제주시 연동,경상사고,0,0,1,0,차대차 - 측면충돌,안전거리미확보,건조,맑음,단일로 - 기타,화물,남,42세,상해없음,승용,남,38세,경상
2020071500100110,2020년 7월 15일 08시,수요일,제주특별자치도 서귀포시 서호동,경상사고,0,0,1,0,차대차 - 측면충돌,차로위반,건조,맑음,단일로 - 기타,화물,남,57세,상해없음,승합,남,51세,경상
2020071500100143,2020년 7월 15일 09시,수요일,제주특별자치도 제주시 도련이동,경상사고,0,0,2,0,차대사람 - 보도통행중,신호위반,건조,맑음,교차로 - 교차로횡단보도내,승용,여,27세,상해없음,보행자,여,37세,경상
2020071500100144,2020년 7월 15일 09시,수요일,제주특별자치도 서귀포시 월평동,경상사고,0,0,2,0,차대차 - 측면충돌,신호위반,건조,맑음,교차로 - 교차로안,승용,여,57세,경상,화물,남,33세,경상
2020071500100302,2020년 7월 15일 14시,수요일,제주특별자치도 제주시 노형동,경상사고,0,0,3,0,차대차 - 추돌,직진우회전진행방해,건조,맑음,교차로 - 교차로안,승용,여,49세,경상,승용,남,75세,경상
2020071500100339,2020년 7월 15일 15시,수요일,제주특별자치도 제주시 조천읍,중상사고,0,1,0,0,차대차 - 기타,안전운전불이행,건조,흐림,교차로 - 교차로안,승용,여,44세,상해없음,이륜,남,66세,중상
2020071500100340,2020년 7월 15일 15시,수요일,제주특별자치도 제주시 화북이동,경상사고,0,0,4,0,차대차 - 측면충돌,안전운전불이행,건조,맑음,교차로 - 교차로부근,승용,남,69세,상해없음,승용,여,53세,상해없음
2020071500100341,2020년 7월 15일 15시,수요일,제주특별자치도 제주시 일도이동,부상신고사고,0,0,0,1,차대차 - 기타,안전운전불이행,건조,맑음,교차로 - 교차로안,승용,여,55세,상해없음,자전거,남,12세,부상신고
2020071500100424,2020년 7월 15일 17시,수요일,제주특별자치도 제주시 이도이동,경상사고,0,0,1,1,차대차 - 측면충돌,직진우회전진행방해,건조,맑음,교차로 - 교차로안,승용,남,44세,부상신고,승용,여,45세,경상
2020071500100482,2020년 7월 15일 18시,수요일,제주특별자치도 서귀포시 성산읍,경상사고,0,0,1,0,차대차 - 측면충돌,안전운전불이행,건조,맑음,교차로 - 교차로부근,자전거,남,10세,경상,승용,여,22세,상해없음
2020071500100483,2020년 7월 15일 18시,수요일,제주특별자치도 제주시 연동,경상사고,0,0,1,1,차대차 - 기타,안전거리미확보,건조,맑음,단일로 - 기타,승용,여,60세,부상신고,승용,남,56세,경상
2020071500100523,2020년 7월 15일 19시,수요일,제주특별자치도 제주시 오라이동,중상사고,0,1,0,0,차량단독 - 공작물충돌,안전운전불이행,건조,맑음,단일로 - 기타,화물,남,68세,중상,,,,
2020071500100556,2020년 7월 15일 20시,수요일,제주특별자치도 제주시 연동,경상사고,0,0,1,0,차대사람 - 차도통행중,안전운전불이행,건조,맑음,단일로 - 기타,승용,남,61세,상해없음,보행자,남,61세,경상
2020071500100558,2020년 7월 15일 20시,수요일,제주특별자치도 제주시 연동,경상사고,0,0,1,0,차대차 - 기타,안전운전불이행,건조,맑음,교차로 - 교차로부근,승용,남,75세,기타불명,이륜,여,26세,경상
2020071500100606,2020년 7월 15일 22시,수요일,제주특별자치도 서귀포시 동홍동,경상사고,0,0,1,0,차대차 - 측면충돌,안전운전불이행,건조,맑음,단일로 - 교량,승용,남,38세,상해없음,승용,남,41세,경상
2020071600100034,2020년 7월 16일 02시,목요일,제주특별자치도 제주시 이호이동,중상사고,0,1,2,0,차대차 - 기타,직진우회전진행방해,건조,맑음,교차로 - 교차로안,승용,남,69세,중상,승용,남,30세,경상
2020071600100146,2020년 7월 16일 09시,목요일,제주특별자치도 제주시 도두일동,중상사고,0,1,1,0,차대차 - 정면충돌,안전운전불이행,건조,맑음,단일로 - 기타,승용,남,26세,상해없음,승용,남,33세,기타불명
2020071600100192,2020년 7월 16일 10시,목요일,제주특별자치도 제주시 이도이동,중상사고,0,1,0,0,차대사람 - 차도통행중,안전운전불이행,건조,맑음,교차로 - 교차로안,승용,여,54세,기타불명,보행자,여,60세,중상
2020071600100193,2020년 7월 16일 10시,목요일,제주특별자치도 서귀포시 서귀동,경상사고,0,0,2,0,차대차 - 측면충돌,안전운전불이행,건조,맑음,단일로 - 기타,화물,남,59세,경상,승용,남,22세,경상
2020071600100261,2020년 7월 16일 12시,목요일,제주특별자치도 제주시 오라일동,경상사고,0,0,1,0,차대차 - 추돌,안전운전불이행,건조,맑음,교차로 - 교차로부근,승용,여,59세,상해없음,승용,여,51세,경상
2020071600100262,2020년 7월 16일 12시,목요일,제주특별자치도 서귀포시 대정읍,경상사고,0,0,4,0,차대차 - 측면충돌,안전거리미확보,건조,맑음,단일로 - 기타,승용,남,24세,상해없음,승용,남,23세,경상
2020071600100333,2020년 7월 16일 14시,목요일,제주특별자치도 서귀포시 안덕면,경상사고,0,0,2,0,차대차 - 후진중충돌,안전운전불이행,건조,맑음,단일로 - 기타,화물,남,48세,상해없음,승용,남,26세,경상
2020071600100334,2020년 7월 16일 14시,목요일,제주특별자치도 제주시 노형동,중상사고,0,1,0,0,차대사람 - 횡단중,기타,건조,맑음,교차로 - 교차로부근,승용,여,60세,상해없음,보행자,남,44세,중상
2020071600100371,2020년 7월 16일 15시,목요일,제주특별자치도 서귀포시 성산읍,경상사고,0,0,1,0,차대차 - 추돌,안전운전불이행,건조,맑음,단일로 - 기타,승용,남,28세,상해없음,승용,남,68세,경상
2020071600100372,2020년 7월 16일 15시,목요일,제주특별자치도 제주시 용담이동,중상사고,0,1,0,0,차대사람 - 차도통행중,안전운전불이행,건조,맑음,단일로 - 기타,승용,남,38세,상해없음,보행자,남,14세,중상
2020071600100373,2020년 7월 16일 15시,목요일,제주특별자치도 제주시 이호이동,경상사고,0,0,2,0,차대차 - 측면충돌,교차로운행방법위반,건조,맑음,교차로 - 교차로부근,화물,남,57세,상해없음,승용,여,32세,경상
2020071600100467,2020년 7월 16일 17시,목요일,제주특별자치도 제주시 노형동,경상사고,0,0,1,0,차대차 - 기타,안전거리미확보,건조,맑음,교차로 - 교차로부근,승용,여,25세,기타불명,승용,남,48세,경상
2020071600100523,2020년 7월 16일 18시,목요일,제주특별자치도 제주시 구좌읍,경상사고,0,0,1,0,차대차 - 측면충돌,신호위반,건조,맑음,교차로 - 교차로안,승용,여,42세,상해없음,승용,여,59세,경상
2020071600100552,2020년 7월 16일 19시,목요일,제주특별자치도 제주시 외도일동,경상사고,0,0,1,0,차대차 - 측면충돌,신호위반,건조,맑음,교차로 - 교차로안,승용,여,48세,상해없음,이륜,남,35세,경상
2020071600100553,2020년 7월 16일 19시,목요일,제주특별자치도 제주시 애월읍,중상사고,0,1,0,0,차대차 - 기타,기타,건조,맑음,교차로 - 교차로안,승용,여,31세,상해없음,농기계,남,65세,중상
2020071600100583,2020년 7월 16일 20시,목요일,제주특별자치도 제주시 노형동,경상사고,0,0,1,0,차대차 - 기타,안전운전불이행,건조,맑음,단일로 - 기타,승용,여,51세,상해없음,승용,남,23세,경상
2020071600100641,2020년 7월 16일 22시,목요일,제주특별자치도 제주시 한림읍,중상사고,0,1,0,0,차대차 - 측면충돌,안전운전불이행,건조,맑음,단일로 - 기타,승용,여,52세,상해없음,개인형이동수단(PM),여,30세,중상
2020071700100009,2020년 7월 17일 00시,금요일,제주특별자치도 서귀포시 서귀동,경상사고,0,0,1,0,차대차 - 측면충돌,안전거리미확보,건조,맑음,교차로 - 교차로안,승용,남,41세,상해없음,승용,남,53세,경상
2020071700100022,2020년 7월 17일 02시,금요일,제주특별자치도 제주시 용담이동,경상사고,0,0,2,0,차량단독 - 공작물충돌,안전운전불이행,건조,맑음,단일로 - 기타,승용,남,46세,경상,,,,
2020071700100109,2020년 7월 17일 08시,금요일,제주특별자치도 서귀포시 토평동,중상사고,0,1,0,0,차대사람 - 기타,안전운전불이행,건조,맑음,단일로 - 기타,승용,남,21세,상해없음,보행자,남,61세,중상
2020071700100144,2020년 7월 17일 09시,금요일,제주특별자치도 제주시 노형동,경상사고,0,0,1,0,차대차 - 기타,안전운전불이행,건조,맑음,기타 - 기타,승용,여,25세,상해없음,승용,남,39세,경상
2020071700100237,2020년 7월 17일 12시,금요일,제주특별자치도 서귀포시 남원읍,중상사고,0,1,0,0,차대차 - 측면충돌,직진우회전진행방해,건조,맑음,교차로 - 교차로안,화물,남,40세,상해없음,화물,남,64세,중상
2020071700100278,2020년 7월 17일 13시,금요일,제주특별자치도 제주시 일도일동,경상사고,0,0,1,0,차대차 - 측면충돌,안전거리미확보,건조,맑음,단일로 - 기타,승용,남,59세,상해없음,승용,여,43세,경상
2020071700100318,2020년 7월 17일 14시,금요일,제주특별자치도 제주시 연동,경상사고,0,0,1,0,차대차 - 추돌,안전운전불이행,건조,맑음,단일로 - 기타,승용,남,40세,기타불명,승용,여,48세,경상
2020071700100355,2020년 7월 17일 15시,금요일,제주특별자치도 제주시 도련일동,경상사고,0,0,2,0,차대차 - 측면충돌,안전운전불이행,건조,맑음,단일로 - 기타,승용,여,29세,상해없음,승용,여,49세,경상
2020071700100465,2020년 7월 17일 17시,금요일,제주특별자치도 제주시 건입동,경상사고,0,0,1,0,차대차 - 추돌,안전운전불이행,건조,맑음,단일로 - 기타,화물,남,46세,상해없음,화물,남,46세,경상
2020071700100518,2020년 7월 17일 18시,금요일,제주특별자치도 제주시 용담삼동,경상사고,0,0,1,0,차대사람 - 기타,안전운전불이행,건조,맑음,단일로 - 기타,승용,남,52세,상해없음,보행자,여,21세,경상
2020071700100570,2020년 7월 17일 19시,금요일,제주특별자치도 제주시 연동,중상사고,0,1,0,0,차대차 - 기타,안전운전불이행,건조,맑음,단일로 - 기타,화물,남,27세,상해없음,이륜,남,32세,중상
2020071700100616,2020년 7월 17일 20시,금요일,제주특별자치도 제주시 도남동,중상사고,0,1,0,0,차대차 - 정면충돌,안전운전불이행,건조,맑음,교차로 - 교차로안,승용,남,49세,상해없음,자전거,남,60세,중상
2020071700100683,2020년 7월 17일 22시,금요일,제주특별자치도 제주시 이도이동,부상신고사고,0,0,0,1,차대사람 - 보도통행중,안전운전불이행,건조,맑음,기타 - 기타,기타불명,기타불명,미분류,기타불명,보행자,여,16세,부상신고
2020071800100041,2020년 7월 18일 02시,토요일,제주특별자치도 서귀포시 토평동,경상사고,0,0,2,0,차대차 - 추돌,안전운전불이행,건조,흐림,단일로 - 기타,승용,여,28세,상해없음,승용,남,60세,경상
2020071800100061,2020년 7월 18일 04시,토요일,제주특별자치도 제주시 건입동,중상사고,0,1,2,0,차대차 - 측면충돌,신호위반,건조,맑음,교차로 - 교차로안,승용,남,28세,상해없음,승용,남,49세,경상
2020071800100134,2020년 7월 18일 09시,토요일,제주특별자치도 서귀포시 강정동,경상사고,0,0,1,0,차대사람 - 차도통행중,신호위반,젖음/습기,비,단일로 - 기타,화물,남,60세,상해없음,보행자,여,77세,경상
2020071800100135,2020년 7월 18일 09시,토요일,제주특별자치도 제주시 애월읍,부상신고사고,0,0,0,1,차량단독 - 공작물충돌,안전운전불이행,건조,맑음,단일로 - 기타,승용,남,36세,부상신고,,,,
2020071800100327,2020년 7월 18일 14시,토요일,제주특별자치도 제주시 삼양일동,경상사고,0,0,1,0,차대차 - 측면충돌,안전운전불이행,건조,맑음,단일로 - 기타,승용,남,39세,상해없음,승용,여,54세,경상
2020071800100364,2020년 7월 18일 15시,토요일,제주특별자치도 제주시 아라일동,경상사고,0,0,1,0,차대사람 - 기타,안전운전불이행,건조,맑음,교차로 - 교차로부근,승용,여,65세,상해없음,보행자,여,19세,경상
2020071800100365,2020년 7월 18일 15시,토요일,제주특별자치도 제주시 아라이동,경상사고,0,0,1,0,차대차 - 측면충돌,안전운전불이행,건조,맑음,단일로 - 기타,승용,남,72세,상해없음,승용,여,32세,경상
2020071800100366,2020년 7월 18일 15시,토요일,제주특별자치도 서귀포시 중문동,사망사고,1,0,0,0,차대사람 - 횡단중,보행자보호의무위반,젖음/습기,비,교차로 - 교차로횡단보도내,화물,남,50세,상해없음,보행자,남,79세,사망
2020071800100367,2020년 7월 18일 15시,토요일,제주특별자치도 서귀포시 대정읍,경상사고,0,0,2,0,차대차 - 측면충돌,직진우회전진행방해,젖음/습기,흐림,교차로 - 교차로안,승용,여,56세,상해없음,승용,여,25세,경상
2020071800100503,2020년 7월 18일 19시,토요일,제주특별자치도 제주시 한림읍,경상사고,0,0,1,0,차대차 - 추돌,안전운전불이행,건조,맑음,단일로 - 기타,승용,남,68세,상해없음,승합,남,38세,경상
2020071800100537,2020년 7월 18일 20시,토요일,제주특별자치도 제주시 아라이동,경상사고,0,0,2,0,차대차 - 추돌,안전운전불이행,젖음/습기,비,교차로 - 교차로부근,승용,남,47세,상해없음,승용,남,41세,경상
2020071800100538,2020년 7월 18일 20시,토요일,제주특별자치도 제주시 삼도일동,경상사고,0,0,1,0,차대차 - 측면충돌,교차로운행방법위반,건조,맑음,교차로 - 교차로안,승용,여,38세,기타불명,승용,남,42세,경상
2020071900100042,2020년 7월 19일 02시,일요일,제주특별자치도 제주시 삼양이동,경상사고,0,0,2,1,차대차 - 기타,신호위반,건조,맑음,교차로 - 교차로안,승용,남,56세,부상신고,승용,여,63세,경상
2020071900100043,2020년 7월 19일 02시,일요일,제주특별자치도 서귀포시 법환동,중상사고,0,1,0,0,차량단독 - 공작물충돌,안전운전불이행,젖음/습기,비,단일로 - 기타,화물,남,48세,중상,,,,
2020071900100193,2020년 7월 19일 13시,일요일,제주특별자치도 제주시 건입동,경상사고,0,0,2,0,차대차 - 기타,직진우회전진행방해,건조,맑음,교차로 - 교차로안,승용,남,60세,상해없음,승용,남,43세,경상
2020071900100194,2020년 7월 19일 13시,일요일,제주특별자치도 제주시 한림읍,부상신고사고,0,0,0,1,차대차 - 측면충돌,안전운전불이행,건조,맑음,단일로 - 기타,이륜,남,47세,부상신고,승용,여,52세,상해없음
2020071900100236,2020년 7월 19일 15시,일요일,제주특별자치도 서귀포시 색달동,중상사고,0,1,0,0,차대차 - 추돌,안전거리미확보,건조,맑음,단일로 - 기타,승용,남,19세,상해없음,승용,남,59세,중상
2020071900100237,2020년 7월 19일 15시,일요일,제주특별자치도 서귀포시 표선면,경상사고,0,0,8,0,차대차 - 기타,안전운전불이행,건조,흐림,교차로 - 교차로안,승용,여,66세,상해없음,승용,남,35세,경상
2020071900100288,2020년 7월 19일 17시,일요일,제주특별자치도 제주시 구좌읍,경상사고,0,0,1,0,차대차 - 추돌,안전거리미확보,건조,맑음,교차로 - 교차로횡단보도내,승용,여,34세,상해없음,승용,여,57세,경상
2020071900100325,2020년 7월 19일 18시,일요일,제주특별자치도 제주시 연동,경상사고,0,0,2,0,차대차 - 측면충돌,안전거리미확보,건조,맑음,단일로 - 기타,승용,여,61세,상해없음,승용,여,27세,경상
2020071900100354,2020년 7월 19일 19시,일요일,제주특별자치도 제주시 이도이동,경상사고,0,0,1,0,차대차 - 측면충돌,중앙선침범,건조,맑음,단일로 - 기타,승용,여,49세,상해없음,이륜,남,23세,경상
2020071900100379,2020년 7월 19일 20시,일요일,제주특별자치도 제주시 조천읍,경상사고,0,0,1,0,차대차 - 정면충돌,신호위반,건조,맑음,교차로 - 교차로안,승용,여,51세,상해없음,승용,남,43세,경상
2020071900100380,2020년 7월 19일 20시,일요일,제주특별자치도 서귀포시 남원읍,경상사고,0,0,2,0,차대차 - 추돌,안전운전불이행,건조,기타,단일로 - 기타,화물,남,62세,상해없음,승용,남,26세,경상
2020071900100381,2020년 7월 19일 20시,일요일,제주특별자치도 서귀포시 중문동,중상사고,0,1,0,0,차대차 - 측면충돌,중앙선침범,건조,기타,단일로 - 기타,승용,남,49세,상해없음,승용,남,32세,중상
2020072000100037,2020년 7월 20일 05시,월요일,제주특별자치도 제주시 연동,경상사고,0,0,3,0,차대차 - 측면충돌,신호위반,건조,맑음,교차로 - 교차로안,승용,남,35세,상해없음,승용,남,24세,경상
2020072000100064,2020년 7월 20일 07시,월요일,제주특별자치도 제주시 애월읍,중상사고,0,1,0,0,차대차 - 정면충돌,신호위반,젖음/습기,비,교차로 - 교차로부근,승용,남,47세,상해없음,승용,남,60세,상해없음
2020072000100114,2020년 7월 20일 08시,월요일,제주특별자치도 서귀포시 표선면,경상사고,0,0,1,0,차량단독 - 공작물충돌,안전운전불이행,건조,맑음,단일로 - 기타,승용,여,51세,경상,,,,
2020072000100257,2020년 7월 20일 13시,월요일,제주특별자치도 제주시 연동,경상사고,0,0,1,2,차대차 - 측면충돌,안전운전불이행,건조,맑음,교차로 - 교차로부근,승합,남,38세,부상신고,승용,남,70세,경상
2020072000100351,2020년 7월 20일 16시,월요일,제주특별자치도 서귀포시 서호동,중상사고,0,1,0,0,차대사람 - 횡단중,안전운전불이행,건조,맑음,단일로 - 기타,승합,남,51세,상해없음,보행자,여,41세,중상
2020072000100428,2020년 7월 20일 18시,월요일,제주특별자치도 제주시 아라이동,경상사고,0,0,1,0,차대차 - 정면충돌,안전운전불이행,건조,맑음,단일로 - 기타,화물,남,71세,상해없음,승용,남,41세,경상
2020072000100511,2020년 7월 20일 21시,월요일,제주특별자치도 제주시 노형동,경상사고,0,0,1,0,차대차 - 기타,직진우회전진행방해,건조,맑음,교차로 - 교차로안,승용,여,48세,상해없음,승용,여,50세,경상
2020072100100039,2020년 7월 21일 02시,화요일,제주특별자치도 서귀포시 남원읍,부상신고사고,0,0,0,1,차량단독 - 공작물충돌,안전운전불이행,젖음/습기,안개,교차로 - 교차로부근,이륜,남,15세,부상신고,,,,
2020072100100040,2020년 7월 21일 02시,화요일,제주특별자치도 제주시 연동,경상사고,0,0,1,0,차대차 - 측면충돌,안전거리미확보,젖음/습기,비,단일로 - 기타,승용,남,59세,상해없음,이륜,남,37세,경상
2020072100100046,2020년 7월 21일 03시,화요일,제주특별자치도 제주시 오라삼동,경상사고,0,0,2,0,차대차 - 기타,안전운전불이행,젖음/습기,비,단일로 - 기타,승용,남,40세,상해없음,이륜,남,41세,경상
2020072100100118,2020년 7월 21일 08시,화요일,제주특별자치도 제주시 용담이동,경상사고,0,0,1,0,차대차 - 기타,안전거리미확보,건조,맑음,단일로 - 기타,화물,남,54세,상해없음,화물,남,42세,상해없음
2020072100100173,2020년 7월 21일 10시,화요일,제주특별자치도 제주시 애월읍,경상사고,0,0,2,0,차대차 - 기타,안전거리미확보,건조,맑음,교차로 - 교차로부근,승합,남,58세,상해없음,승용,남,24세,경상
2020072100100221,2020년 7월 21일 11시,화요일,제주특별자치도 서귀포시 표선면,경상사고,0,0,1,0,차대차 - 기타,기타,건조,맑음,교차로 - 교차로안,승용,남,65세,상해없음,이륜,여,79세,경상
2020072100100253,2020년 7월 21일 12시,화요일,제주특별자치도 제주시 건입동,경상사고,0,0,1,0,차대차 - 측면충돌,안전거리미확보,건조,맑음,교차로 - 교차로안,화물,남,50세,상해없음,승용,남,45세,경상
2020072100100328,2020년 7월 21일 14시,화요일,제주특별자치도 서귀포시 강정동,중상사고,0,1,1,0,차대차 - 기타,안전운전불이행,건조,맑음,교차로 - 교차로부근,승용,여,38세,기타불명,승용,여,32세,경상
2020072100100361,2020년 7월 21일 15시,화요일,제주특별자치도 제주시 삼도일동,경상사고,0,0,1,0,차대차 - 측면충돌,안전운전불이행,건조,맑음,교차로 - 교차로부근,승용,남,68세,상해없음,승용,여,61세,경상
2020072100100409,2020년 7월 21일 16시,화요일,제주특별자치도 제주시 오등동,경상사고,0,0,1,0,차대차 - 기타,교차로운행방법위반,건조,맑음,교차로 - 교차로안,승용,남,66세,상해없음,승용,남,22세,경상
2020072100100486,2020년 7월 21일 18시,화요일,제주특별자치도 제주시 용담이동,중상사고,0,1,1,0,차대차 - 기타,안전운전불이행,건조,맑음,교차로 - 교차로안,승용,남,22세,상해없음,승용,남,42세,경상
2020072200100008,2020년 7월 22일 00시,수요일,제주특별자치도 서귀포시 성산읍,중상사고,0,1,1,0,차량단독 - 공작물충돌,안전운전불이행,젖음/습기,흐림,단일로 - 기타,승용,남,39세,경상,,,,
2020072200100025,2020년 7월 22일 01시,수요일,제주특별자치도 제주시 한경면,경상사고,0,0,1,0,차량단독 - 공작물충돌,안전운전불이행,젖음/습기,흐림,단일로 - 기타,승용,남,28세,경상,,,,
2020072200100043,2020년 7월 22일 03시,수요일,제주특별자치도 제주시 이도일동,중상사고,0,1,0,0,차대사람 - 길가장자리구역통행중,안전운전불이행,건조,맑음,교차로 - 교차로부근,승용,여,49세,상해없음,보행자,남,40세,중상
2020072200100138,2020년 7월 22일 08시,수요일,제주특별자치도 제주시 도남동,경상사고,0,0,1,0,차대차 - 추돌,안전운전불이행,건조,맑음,교차로 - 교차로부근,승합,남,45세,상해없음,승용,여,32세,경상
2020072200100182,2020년 7월 22일 09시,수요일,제주특별자치도 제주시 노형동,경상사고,0,0,2,0,차대차 - 추돌,안전운전불이행,건조,맑음,단일로 - 기타,승용,남,27세,상해없음,승용,남,25세,경상
2020072200100282,2020년 7월 22일 12시,수요일,제주특별자치도 제주시 이도이동,경상사고,0,0,1,0,차대사람 - 보도통행중,보행자보호의무위반,건조,흐림,교차로 - 교차로안,화물,남,30세,상해없음,보행자,여,39세,경상
2020072200100338,2020년 7월 22일 14시,수요일,제주특별자치도 제주시 우도면,중상사고,0,2,3,1,차대차 - 측면충돌,직진우회전진행방해,건조,맑음,교차로 - 교차로안,화물,남,45세,부상신고,승용,남,41세,경상
2020072200100339,2020년 7월 22일 14시,수요일,제주특별자치도 서귀포시 표선면,중상사고,0,2,2,0,차대차 - 기타,안전운전불이행,건조,맑음,교차로 - 교차로안,승용,남,30세,경상,승용,남,49세,중상
2020072200100340,2020년 7월 22일 14시,수요일,제주특별자치도 제주시 이호일동,중상사고,0,1,4,1,차대차 - 측면충돌,교차로운행방법위반,건조,맑음,교차로 - 교차로안,승용,남,78세,경상,승용,남,45세,경상
2020072200100383,2020년 7월 22일 15시,수요일,제주특별자치도 제주시 노형동,경상사고,0,0,4,0,차대차 - 측면충돌,신호위반,건조,흐림,교차로 - 교차로안,승용,남,61세,경상,승용,남,33세,경상
2020072200100450,2020년 7월 22일 17시,수요일,제주특별자치도 제주시 일도이동,경상사고,0,0,2,0,차대차 - 측면충돌,신호위반,건조,맑음,교차로 - 교차로안,승용,남,82세,경상,승용,남,69세,경상
2020072200100451,2020년 7월 22일 17시,수요일,제주특별자치도 제주시 일도이동,경상사고,0,0,1,0,차대차 - 측면충돌,직진우회전진행방해,건조,맑음,단일로 - 기타,승용,여,62세,상해없음,이륜,남,53세,경상