사고번호,사고일시,요일,시군구,사고내용,사망자수,중상자수,경상자수,부상신고자수,사고유형,법규위반,노면상태,기상상태,도로형태,가해운전자 차종,가해운전자 성별,가해운전자 연령,가해운전자 상해정도,피해운전자 차종,피해운전자 성별,피해운전자 연령,피해운전자 상해정도
2020072200100452,2020년 7월 22일 17시,수요일,제주특별자치도 서귀포시 남원읍,경상사고,0,0,1,0,차대차 - 측면충돌,직진우회전진행방해,건조,맑음,교차로 - 교차로안,이륜,여,77세,경상,승용,남,70세,상해없음
2020072200100453,2020년 7월 22일 17시,수요일,제주특별자치도 서귀포시 서홍동,중상사고,0,1,1,0,차대차 - 측면충돌,직진우회전진행방해,건조,맑음,교차로 - 교차로안,화물,남,44세,경상,승용,여,46세,중상
2020072200100454,2020년 7월 22일 17시,수요일,제주특별자치도 제주시 노형동,경상사고,0,0,1,0,차대차 - 기타,기타,건조,맑음,단일로 - 기타,승용,남,59세,상해없음,이륜,남,57세,경상
2020072200100501,2020년 7월 22일 18시,수요일,제주특별자치도 제주시 화북일동,사망사고,1,0,0,0,차대사람 - 차도통행중,안전운전불이행,건조,맑음,교차로 - 교차로안,승용,여,29세,상해없음,보행자,여,85세,사망
2020072200100543,2020년 7월 22일 19시,수요일,제주특별자치도 서귀포시 동홍동,경상사고,0,0,1,0,차대차 - 측면충돌,안전운전불이행,건조,맑음,교차로 - 교차로부근,승용,여,38세,상해없음,이륜,남,45세,경상
2020072300100012,2020년 7월 23일 00시,목요일,제주특별자치도 제주시 노형동,중상사고,0,1,0,0,차대차 - 측면충돌,직진우회전진행방해,건조,맑음,교차로 - 교차로안,승용,남,26세,상해없음,승용,여,44세,중상
2020072300100086,2020년 7월 23일 07시,목요일,제주특별자치도 제주시 이도일동,중상사고,0,1,0,0,차대사람 - 횡단중,보행자보호의무위반,젖음/습기,비,교차로 - 교차로횡단보도내,승용,남,73세,상해없음,보행자,여,17세,중상
2020072300100087,2020년 7월 23일 07시,목요일,제주특별자치도 제주시 노형동,경상사고,0,0,1,0,차대차 - 추돌,안전운전불이행,젖음/습기,비,단일로 - 기타,승용,남,19세,상해없음,승용,남,31세,경상
2020072300100122,2020년 7월 23일 08시,목요일,제주특별자치도 서귀포시 안덕면,경상사고,0,0,1,0,차대차 - 측면충돌,직진우회전진행방해,젖음/습기,비,교차로 - 교차로안,승용,여,56세,상해없음,승용,남,27세,경상
2020072300100195,2020년 7월 23일 11시,목요일,제주특별자치도 제주시 애월읍,중상사고,0,1,1,0,차대차 - 추돌,안전거리미확보,건조,맑음,교차로 - 교차로부근,승용,남,38세,상해없음,승용,남,23세,경상
2020072300100227,2020년 7월 23일 12시,목요일,제주특별자치도 제주시 연동,경상사고,0,0,1,0,차대사람 - 횡단중,안전운전불이행,건조,맑음,교차로 - 교차로부근,승용,남,21세,상해없음,보행자,남,54세,경상
2020072300100288,2020년 7월 23일 14시,목요일,제주특별자치도 제주시 화북일동,경상사고,0,0,1,0,차대차 - 정면충돌,신호위반,건조,맑음,교차로 - 교차로안,승용,여,46세,상해없음,승용,남,23세,경상
2020072300100289,2020년 7월 23일 14시,목요일,제주특별자치도 서귀포시 서귀동,경상사고,0,0,1,0,차대차 - 측면충돌,기타,건조,맑음,교차로 - 교차로안,승용,남,31세,상해없음,화물,여,52세,경상
2020072300100323,2020년 7월 23일 15시,목요일,제주특별자치도 제주시 노형동,경상사고,0,0,1,1,차대차 - 추돌,신호위반,건조,맑음,교차로 - 교차로부근,승용,여,58세,부상신고,승용,남,42세,경상
2020072300100448,2020년 7월 23일 18시,목요일,제주특별자치도 서귀포시 성산읍,부상신고사고,0,0,0,1,차대차 - 측면충돌,직진우회전진행방해,젖음/습기,비,교차로 - 교차로안,승용,여,61세,부상신고,승용,남,28세,상해없음
2020072300100608,2020년 7월 23일 21시,목요일,제주특별자치도 제주시 노형동,경상사고,0,0,1,0,차대사람 - 횡단중,안전운전불이행,건조,맑음,교차로 - 교차로안,승용,여,57세,상해없음,보행자,남,30세,경상
2020072400100059,2020년 7월 24일 05시,금요일,제주특별자치도 제주시 구좌읍,경상사고,0,0,1,0,차대차 - 추돌,차로위반,건조,흐림,교차로 - 교차로부근,승용,남,58세,상해없음,승용,여,30세,경상
2020072400100099,2020년 7월 24일 08시,금요일,제주특별자치도 제주시 노형동,경상사고,0,0,2,0,차대차 - 추돌,안전운전불이행,건조,맑음,단일로 - 기타,승용,여,49세,상해없음,승용,남,71세,경상
2020072400100158,2020년 7월 24일 10시,금요일,제주특별자치도 서귀포시 서귀동,경상사고,0,0,1,0,차대차 - 기타,차로위반,건조,맑음,교차로 - 교차로안,승용,여,35세,상해없음,이륜,남,79세,경상
2020072400100275,2020년 7월 24일 14시,금요일,제주특별자치도 제주시 애월읍,경상사고,0,0,1,0,차량단독 - 전도전복 - 전도,안전운전불이행,건조,맑음,단일로 - 기타,이륜,남,47세,경상,,,,
2020072400100612,2020년 7월 24일 22시,금요일,제주특별자치도 제주시 이도일동,부상신고사고,0,0,0,1,차대사람 - 횡단중,안전운전불이행,젖음/습기,비,단일로 - 기타,승용,남,66세,상해없음,보행자,여,71세,부상신고
2020072400100646,2020년 7월 24일 23시,금요일,제주특별자치도 제주시 노형동,경상사고,0,0,1,0,차대사람 - 차도통행중,안전운전불이행,건조,맑음,단일로 - 기타,승용,남,45세,상해없음,보행자,남,27세,경상
2020072500100016,2020년 7월 25일 00시,토요일,제주특별자치도 제주시 노형동,중상사고,0,1,0,0,차대차 - 측면충돌,기타,건조,흐림,교차로 - 교차로안,승용,남,38세,상해없음,이륜,남,25세,중상
2020072500100076,2020년 7월 25일 03시,토요일,제주특별자치도 제주시 오라일동,경상사고,0,0,2,0,차대차 - 추돌,안전운전불이행,건조,맑음,교차로 - 교차로부근,승용,남,30세,상해없음,승용,남,63세,경상
2020072500100095,2020년 7월 25일 05시,토요일,제주특별자치도 제주시 애월읍,경상사고,0,0,1,0,차대차 - 정면충돌,신호위반,건조,흐림,교차로 - 교차로안,화물,남,64세,상해없음,승용,여,47세,경상
2020072500100220,2020년 7월 25일 11시,토요일,제주특별자치도 제주시 한림읍,부상신고사고,0,0,0,1,차대차 - 기타,신호위반,건조,흐림,교차로 - 교차로안,화물,여,50세,상해없음,승용,남,58세,부상신고
2020072500100221,2020년 7월 25일 11시,토요일,제주특별자치도 제주시 애월읍,경상사고,0,0,4,0,차대차 - 측면충돌,안전거리미확보,건조,맑음,단일로 - 기타,특수,남,55세,상해없음,승용,남,44세,경상
2020072500100405,2020년 7월 25일 16시,토요일,제주특별자치도 제주시 구좌읍,경상사고,0,0,1,0,차대차 - 기타,안전운전불이행,건조,맑음,단일로 - 기타,화물,남,60세,상해없음,승용,남,26세,경상
2020072500100406,2020년 7월 25일 16시,토요일,제주특별자치도 서귀포시 표선면,경상사고,0,0,1,0,차량단독 - 공작물충돌,안전운전불이행,건조,맑음,단일로 - 기타,승용,남,22세,상해없음,,,,
2020072500100443,2020년 7월 25일 17시,토요일,제주특별자치도 서귀포시 남원읍,경상사고,0,0,1,0,차대차 - 측면충돌,중앙선침범,건조,맑음,단일로 - 교량,승용,여,27세,기타불명,승용,남,50세,경상
2020072500100551,2020년 7월 25일 20시,토요일,제주특별자치도 서귀포시 서귀동,경상사고,0,0,1,0,차대사람 - 횡단중,보행자보호의무위반,건조,흐림,교차로 - 교차로횡단보도내,승용,여,37세,상해없음,보행자,남,55세,경상
2020072500100552,2020년 7월 25일 20시,토요일,제주특별자치도 제주시 한림읍,경상사고,0,0,2,0,차대차 - 정면충돌,중앙선침범,건조,맑음,교차로 - 교차로부근,승용,남,30세,상해없음,화물,남,53세,경상
2020072600100049,2020년 7월 26일 03시,일요일,제주특별자치도 제주시 이도이동,중상사고,0,1,0,0,차대사람 - 기타,안전운전불이행,건조,맑음,교차로 - 교차로부근,승용,남,22세,상해없음,보행자,남,25세,중상
2020072600100067,2020년 7월 26일 05시,일요일,제주특별자치도 제주시 이도일동,경상사고,0,0,1,0,차대차 - 측면충돌,신호위반,건조,맑음,교차로 - 교차로부근,승용,남,69세,상해없음,승용,여,50세,경상
2020072600100076,2020년 7월 26일 06시,일요일,제주특별자치도 제주시 조천읍,경상사고,0,0,1,0,차대차 - 추돌,안전거리미확보,건조,맑음,단일로 - 기타,화물,남,37세,상해없음,승용,남,47세,경상
2020072600100151,2020년 7월 26일 11시,일요일,제주특별자치도 서귀포시 대정읍,경상사고,0,0,1,0,차대사람 - 기타,안전운전불이행,건조,맑음,단일로 - 기타,승용,남,36세,상해없음,보행자,여,14세,경상
2020072600100199,2020년 7월 26일 13시,일요일,제주특별자치도 제주시 애월읍,부상신고사고,0,0,0,1,차대차 - 추돌,안전거리미확보,건조,맑음,단일로 - 기타,승용,남,65세,상해없음,승용,여,61세,상해없음
2020072600100236,2020년 7월 26일 14시,일요일,제주특별자치도 제주시 해안동,경상사고,0,0,2,0,차대차 - 추돌,안전거리미확보,건조,맑음,단일로 - 기타,승용,여,73세,상해없음,승용,여,54세,경상
2020072600100303,2020년 7월 26일 16시,일요일,제주특별자치도 제주시 일도이동,경상사고,0,0,1,0,차대차 - 기타,직진우회전진행방해,건조,맑음,교차로 - 교차로안,화물,남,57세,상해없음,승용,여,26세,경상
2020072600100360,2020년 7월 26일 18시,일요일,제주특별자치도 제주시 아라일동,부상신고사고,0,0,0,1,차대차 - 정면충돌,안전운전불이행,건조,맑음,교차로 - 교차로횡단보도내,이륜,남,43세,부상신고,승용,여,27세,상해없음
2020072700100013,2020년 7월 27일 01시,월요일,제주특별자치도 제주시 도련일동,경상사고,0,0,1,0,차대차 - 추돌,안전운전불이행,건조,맑음,단일로 - 기타,승용,여,44세,상해없음,승용,남,42세,기타불명
2020072700100017,2020년 7월 27일 02시,월요일,제주특별자치도 제주시 도련일동,경상사고,0,0,2,0,차대차 - 추돌,안전운전불이행,건조,맑음,교차로 - 교차로부근,승용,남,59세,상해없음,승용,남,32세,경상
2020072700100146,2020년 7월 27일 09시,월요일,제주특별자치도 제주시 노형동,경상사고,0,0,1,0,차대사람 - 기타,안전운전불이행,건조,맑음,교차로 - 교차로안,승용,남,25세,상해없음,보행자,여,58세,경상
2020072700100219,2020년 7월 27일 11시,월요일,제주특별자치도 제주시 일도일동,경상사고,0,0,1,0,차대사람 - 차도통행중,안전운전불이행,젖음/습기,비,단일로 - 기타,승용,남,40세,상해없음,보행자,남,58세,경상
2020072700100220,2020년 7월 27일 11시,월요일,제주특별자치도 제주시 노형동,경상사고,0,0,3,0,차대차 - 측면충돌,안전거리미확보,젖음/습기,비,단일로 - 기타,승용,남,57세,상해없음,승용,남,39세,경상
2020072700100293,2020년 7월 27일 13시,월요일,제주특별자치도 제주시 오라일동,경상사고,0,0,1,0,차대차 - 측면충돌,안전운전불이행,건조,맑음,단일로 - 기타,승용,남,79세,상해없음,승용,남,60세,경상
2020072700100368,2020년 7월 27일 15시,월요일,제주특별자치도 제주시 애월읍,경상사고,0,0,1,2,차량단독 - 공작물충돌,안전운전불이행,젖음/습기,비,단일로 - 기타,승용,남,21세,경상,,,,
2020072700100404,2020년 7월 27일 16시,월요일,제주특별자치도 제주시 연동,부상신고사고,0,0,0,1,차량단독 - 기타,안전운전불이행,젖음/습기,비,단일로 - 기타,승용,남,48세,부상신고,,,,
2020072700100443,2020년 7월 27일 17시,월요일,제주특별자치도 제주시 조천읍,경상사고,0,0,1,0,차대차 - 기타,교차로운행방법위반,젖음/습기,비,교차로 - 교차로부근,승용,여,19세,상해없음,승용,남,31세,경상
2020072700100481,2020년 7월 27일 18시,월요일,제주특별자치도 제주시 애월읍,경상사고,0,0,2,0,차대차 - 기타,중앙선침범,건조,맑음,단일로 - 기타,화물,남,55세,상해없음,승용,남,41세,경상
2020072700100509,2020년 7월 27일 19시,월요일,제주특별자치도 제주시 이도이동,경상사고,0,0,1,0,차대차 - 측면충돌,신호위반,건조,맑음,교차로 - 교차로안,이륜,남,34세,상해없음,이륜,남,27세,경상
2020072700100597,2020년 7월 27일 22시,월요일,제주특별자치도 서귀포시 도순동,중상사고,0,1,0,0,차량단독 - 전도전복 - 전도,안전운전불이행,건조,맑음,단일로 - 기타,이륜,여,27세,중상,,,,
2020072800100012,2020년 7월 28일 00시,화요일,제주특별자치도 서귀포시 서귀동,경상사고,0,0,2,0,차대차 - 측면충돌,직진우회전진행방해,젖음/습기,비,교차로 - 교차로안,승용,남,55세,경상,승용,남,70세,경상
2020072800100013,2020년 7월 28일 00시,화요일,제주특별자치도 서귀포시 도순동,경상사고,0,0,1,0,차량단독 - 공작물충돌,안전운전불이행,건조,맑음,단일로 - 기타,승용,남,24세,경상,,,,
2020072800100081,2020년 7월 28일 07시,화요일,제주특별자치도 서귀포시 성산읍,중상사고,0,1,1,0,차대차 - 측면충돌,중앙선침범,건조,맑음,단일로 - 기타,승용,여,24세,경상,승용,남,55세,기타불명
2020072800100109,2020년 7월 28일 08시,화요일,제주특별자치도 제주시 노형동,중상사고,0,1,0,0,차량단독 - 기타,기타,건조,맑음,단일로 - 기타,승합,남,50세,상해없음,,,,
2020072800100130,2020년 7월 28일 09시,화요일,제주특별자치도 제주시 삼도이동,경상사고,0,0,1,0,차대차 - 측면충돌,교차로운행방법위반,건조,맑음,교차로 - 교차로안,승용,남,47세,상해없음,이륜,남,73세,경상
2020072800100131,2020년 7월 28일 09시,화요일,제주특별자치도 제주시 화북일동,경상사고,0,0,1,0,차대차 - 기타,교차로운행방법위반,건조,맑음,교차로 - 교차로안,승용,남,53세,상해없음,승용,여,49세,경상
2020072800100132,2020년 7월 28일 09시,화요일,제주특별자치도 서귀포시 표선면,경상사고,0,0,3,0,차량단독 - 공작물충돌,안전운전불이행,건조,맑음,단일로 - 기타,승용,남,38세,경상,,,,
2020072800100133,2020년 7월 28일 09시,화요일,제주특별자치도 제주시 노형동,중상사고,0,1,0,0,차대차 - 기타,교차로운행방법위반,건조,맑음,교차로 - 교차로안,승용,남,25세,상해없음,이륜,남,35세,중상
2020072800100182,2020년 7월 28일 11시,화요일,제주특별자치도 제주시 이도이동,경상사고,0,0,3,0,차대차 - 측면충돌,교차로운행방법위반,건조,맑음,교차로 - 교차로안,화물,남,62세,상해없음,승용,남,69세,경상
2020072800100183,2020년 7월 28일 11시,화요일,제주특별자치도 서귀포시 서귀동,중상사고,0,1,0,0,차대차 - 기타,안전운전불이행,건조,맑음,교차로 - 교차로안,이륜,남,74세,중상,승용,여,42세,상해없음
2020072800100256,2020년 7월 28일 14시,화요일,제주특별자치도 제주시 도두이동,경상사고,0,0,3,0,차대차 - 기타,신호위반,건조,맑음,교차로 - 교차로안,승용,여,61세,경상,승용,남,33세,경상
2020072800100416,2020년 7월 28일 18시,화요일,제주특별자치도 서귀포시 표선면,경상사고,0,0,1,0,차대차 - 측면충돌,안전운전불이행,젖음/습기,흐림,교차로 - 교차로안,승용,여,56세,기타불명,승용,남,30세,경상
2020072800100456,2020년 7월 28일 19시,화요일,제주특별자치도 제주시 이도이동,중상사고,0,1,0,0,차대사람 - 기타,안전운전불이행,건조,맑음,기타 - 기타,이륜,남,30세,상해없음,보행자,남,24세,중상
2020072800100457,2020년 7월 28일 19시,화요일,제주특별자치도 제주시 연동,경상사고,0,0,2,0,차대차 - 추돌,안전운전불이행,건조,흐림,교차로 - 교차로부근,승용,남,45세,상해없음,승용,남,53세,경상
2020072800100499,2020년 7월 28일 20시,화요일,제주특별자치도 제주시 연동,부상신고사고,0,0,0,1,차대차 - 기타,직진우회전진행방해,건조,맑음,교차로 - 교차로안,승용,남,24세,상해없음,이륜,남,37세,부상신고
2020072800100563,2020년 7월 28일 22시,화요일,제주특별자치도 제주시 연동,부상신고사고,0,0,0,1,차대차 - 측면충돌,안전거리미확보,건조,맑음,단일로 - 기타,승용,여,24세,상해없음,이륜,남,26세,부상신고
2020072800100585,2020년 7월 28일 23시,화요일,제주특별자치도 제주시 연동,경상사고,0,0,1,0,차대차 - 측면충돌,안전거리미확보,건조,맑음,단일로 - 기타,승용,남,21세,상해없음,이륜,남,40세,경상
2020072900100028,2020년 7월 29일 01시,수요일,제주특별자치도 제주시 이도이동,경상사고,0,0,1,0,차대차 - 측면충돌,직진우회전진행방해,건조,맑음,교차로 - 교차로안,승용,여,49세,경상,승용,남,38세,상해없음
2020072900100112,2020년 7월 29일 08시,수요일,제주특별자치도 서귀포시 중문동,경상사고,0,0,1,0,차대차 - 기타,신호위반,건조,맑음,교차로 - 교차로안,화물,남,60세,상해없음,승용,남,29세,경상
2020072900100113,2020년 7월 29일 08시,수요일,제주특별자치도 서귀포시 남원읍,경상사고,0,0,1,0,차대차 - 측면충돌,중앙선침범,젖음/습기,비,단일로 - 기타,승용,남,59세,상해없음,화물,남,53세,경상
2020072900100208,2020년 7월 29일 11시,수요일,제주특별자치도 서귀포시 안덕면,경상사고,0,0,1,0,차대차 - 기타,직진우회전진행방해,건조,흐림,교차로 - 교차로안,승용,남,51세,상해없음,이륜,남,69세,경상
2020072900100314,2020년 7월 29일 14시,수요일,제주특별자치도 제주시 화북이동,경상사고,0,0,2,0,차대차 - 추돌,안전거리미확보,건조,맑음,단일로 - 기타,승용,남,31세,상해없음,승용,여,42세,경상
2020072900100315,2020년 7월 29일 14시,수요일,제주특별자치도 서귀포시 성산읍,경상사고,0,0,1,0,차대차 - 정면충돌,중앙선침범,건조,맑음,단일로 - 기타,승용,남,29세,기타불명,승용,남,38세,경상
2020072900100316,2020년 7월 29일 14시,수요일,제주특별자치도 서귀포시 대정읍,경상사고,0,0,1,0,차대차 - 기타,교차로운행방법위반,건조,맑음,교차로 - 교차로부근,승용,여,44세,상해없음,자전거,남,94세,경상
2020072900100317,2020년 7월 29일 14시,수요일,제주특별자치도 제주시 용담이동,경상사고,0,0,2,0,차대차 - 기타,기타,건조,맑음,교차로 - 교차로안,승용,남,59세,상해없음,승용,남,39세,상해없음
2020072900100382,2020년 7월 29일 16시,수요일,제주특별자치도 제주시 삼양이동,경상사고,0,0,1,0,차대차 - 측면충돌,교차로운행방법위반,건조,맑음,교차로 - 교차로안,승용,남,69세,상해없음,승용,여,38세,경상
2020072900100383,2020년 7월 29일 16시,수요일,제주특별자치도 서귀포시 강정동,중상사고,0,1,4,4,차대차 - 기타,안전운전불이행,건조,맑음,기타 - 기타,화물,남,59세,상해없음,승용,남,44세,경상
2020072900100454,2020년 7월 29일 18시,수요일,제주특별자치도 제주시 연동,경상사고,0,0,1,0,차대사람 - 횡단중,보행자보호의무위반,건조,맑음,단일로 - 기타,승용,남,39세,상해없음,보행자,여,21세,경상
2020072900100455,2020년 7월 29일 18시,수요일,제주특별자치도 제주시 용담이동,경상사고,0,0,1,0,차대차 - 기타,안전운전불이행,건조,맑음,기타 - 기타,승용,남,78세,상해없음,승용,여,40세,경상
2020073000100114,2020년 7월 30일 08시,목요일,제주특별자치도 제주시 조천읍,부상신고사고,0,0,0,1,차대차 - 추돌,안전거리미확보,건조,맑음,단일로 - 기타,승용,여,25세,상해없음,승용,남,37세,부상신고
2020073000100115,2020년 7월 30일 08시,목요일,제주특별자치도 제주시 건입동,경상사고,0,0,1,0,차대차 - 정면충돌,중앙선침범,건조,맑음,단일로 - 기타,승용,남,64세,상해없음,승용,여,41세,경상
2020073000100268,2020년 7월 30일 13시,목요일,제주특별자치도 제주시 건입동,경상사고,0,0,1,0,차대차 - 기타,차로위반,건조,맑음,교차로 - 교차로부근,승용,남,63세,상해없음,승용,여,55세,경상
2020073000100303,2020년 7월 30일 14시,목요일,제주특별자치도 서귀포시 남원읍,경상사고,0,0,1,0,차량단독 - 공작물충돌,안전운전불이행,젖음/습기,흐림,단일로 - 기타,화물,남,37세,경상,,,,
2020073000100331,2020년 7월 30일 15시,목요일,제주특별자치도 서귀포시 남원읍,부상신고사고,0,0,0,1,차량단독 - 공작물충돌,안전운전불이행,젖음/습기,비,단일로 - 기타,화물,남,51세,부상신고,,,,
2020073000100332,2020년 7월 30일 15시,목요일,제주특별자치도 제주시 애월읍,경상사고,0,0,1,0,차대차 - 추돌,안전거리미확보,건조,맑음,단일로 - 기타,승합,남,49세,상해없음,화물,남,66세,경상
2020073000100447,2020년 7월 30일 18시,목요일,제주특별자치도 제주시 일도이동,경상사고,0,0,1,0,차대차 - 측면충돌,교차로운행방법위반,건조,맑음,교차로 - 교차로안,자전거,남,10세,경상,승용,남,31세,상해없음
2020073000100448,2020년 7월 30일 18시,목요일,제주특별자치도 제주시 이호이동,경상사고,0,0,1,0,차대차 - 기타,안전운전불이행,건조,맑음,단일로 - 기타,승용,남,24세,상해없음,자전거,남,28세,경상
2020073000100449,2020년 7월 30일 18시,목요일,제주특별자치도 제주시 도평동,경상사고,0,0,1,0,차대차 - 기타,안전거리미확보,건조,맑음,단일로 - 기타,기타불명,남,23세,경상,화물,남,55세,상해없음
2020073000100450,2020년 7월 30일 18시,목요일,제주특별자치도 제주시 노형동,경상사고,0,0,4,0,차대차 - 측면충돌,안전운전불이행,건조,맑음,교차로 - 교차로안,승용,남,73세,상해없음,승용,여,32세,경상
2020073000100485,2020년 7월 30일 19시,목요일,제주특별자치도 제주시 아라일동,경상사고,0,0,1,0,차대사람 - 횡단중,보행자보호의무위반,건조,맑음,단일로 - 기타,화물,남,69세,상해없음,보행자,남,13세,경상
2020073000100586,2020년 7월 30일 22시,목요일,제주특별자치도 서귀포시 회수동,중상사고,0,1,0,0,차대사람 - 차도통행중,안전운전불이행,건조,기타,단일로 - 기타,승용,남,39세,상해없음,보행자,여,19세,중상
2020073100100136,2020년 7월 31일 09시,금요일,제주특별자치도 제주시 노형동,중상사고,0,2,1,0,차대차 - 측면충돌,안전운전불이행,건조,맑음,교차로 - 교차로안,승용,여,26세,경상,승합,여,56세,중상
2020073100100382,2020년 7월 31일 16시,금요일,제주특별자치도 제주시 일도이동,경상사고,0,0,2,0,차대차 - 측면충돌,안전거리미확보,건조,맑음,교차로 - 교차로부근,승용,남,73세,상해없음,승용,여,36세,경상
2020073100100428,2020년 7월 31일 17시,금요일,제주특별자치도 제주시 용담일동,경상사고,0,0,1,0,차대사람 - 기타,안전운전불이행,건조,맑음,교차로 - 교차로안,승용,남,62세,상해없음,보행자,남,54세,경상
2020073100100429,2020년 7월 31일 17시,금요일,제주특별자치도 제주시 도남동,경상사고,0,0,2,0,차대차 - 추돌,안전거리미확보,건조,맑음,교차로 - 교차로부근,승용,남,40세,상해없음,승용,남,54세,상해없음
2020073100100486,2020년 7월 31일 18시,금요일,제주특별자치도 제주시 화북이동,경상사고,0,0,2,0,차대차 - 추돌,안전운전불이행,건조,맑음,단일로 - 기타,승용,남,28세,상해없음,승용,남,31세,경상
2020073100100566,2020년 7월 31일 20시,금요일,제주특별자치도 제주시 삼도일동,경상사고,0,0,1,0,차대사람 - 횡단중,보행자보호의무위반,건조,맑음,교차로 - 교차로횡단보도내,이륜,남,50세,상해없음,보행자,여,12세,경상
2020073100100632,2020년 7월 31일 22시,금요일,제주특별자치도 서귀포시 동홍동,사망사고,1,0,0,0,차대사람 - 횡단중,신호위반,건조,맑음,교차로 - 교차로안,승합,남,45세,상해없음,보행자,여,58세,사망
2020080100100061,2020년 8월 1일 03시,토요일,제주특별자치도 제주시 한림읍,경상사고,0,0,1,0,차량단독 - 공작물충돌,안전운전불이행,건조,기타,단일로 - 기타,승용,남,65세,경상,,,,
2020080100100069,2020년 8월 1일 04시,토요일,제주특별자치도 제주시 애월읍,부상신고사고,0,0,0,1,차대차 - 측면충돌,안전운전불이행,건조,맑음,단일로 - 기타,승용,남,40세,부상신고,승용,여,50세,기타불명
2020080100100079,2020년 8월 1일 05시,토요일,제주특별자치도 제주시 건입동,경상사고,0,0,1,0,차량단독 - 기타,기타,건조,맑음,단일로 - 기타,승합,남,57세,상해없음,,,,
2020080100100193,2020년 8월 1일 11시,토요일,제주특별자치도 제주시 조천읍,경상사고,0,0,5,0,차대차 - 측면충돌,신호위반,건조,맑음,교차로 - 교차로안,화물,남,62세,경상,승용,남,53세,경상
2020080100100228,2020년 8월 1일 12시,토요일,제주특별자치도 서귀포시 안덕면,경상사고,0,0,3,0,차대차 - 추돌,안전거리미확보,건조,맑음,단일로 - 기타,승용,남,26세,상해없음,화물,남,41세,상해없음
2020080100100269,2020년 8월 1일 13시,토요일,제주특별자치도 제주시 건입동,경상사고,0,0,3,0,차대차 - 측면충돌,직진우회전진행방해,건조,맑음,교차로 - 교차로안,승용,남,24세,상해없음,승용,여,40세,경상
2020080100100309,2020년 8월 1일 14시,토요일,제주특별자치도 서귀포시 대정읍,경상사고,0,0,2,0,차대차 - 기타,기타,건조,맑음,기타 - 기타,승용,여,37세,경상,승용,남,54세,경상
2020080100100424,2020년 8월 1일 17시,토요일,제주특별자치도 제주시 애월읍,중상사고,0,1,0,0,차대차 - 추돌,안전운전불이행,건조,맑음,단일로 - 기타,승용,여,62세,상해없음,자전거,남,11세,중상
2020080100100425,2020년 8월 1일 17시,토요일,제주특별자치도 제주시 도두일동,경상사고,0,0,1,0,차대차 - 기타,안전운전불이행,건조,맑음,교차로 - 교차로부근,자전거,남,9세,경상,승용,여,38세,상해없음
2020080100100485,2020년 8월 1일 19시,토요일,제주특별자치도 제주시 조천읍,경상사고,0,0,4,0,차대차 - 측면충돌,안전운전불이행,건조,맑음,단일로 - 기타,화물,남,56세,상해없음,승용,남,30세,경상
2020080100100603,2020년 8월 1일 23시,토요일,제주특별자치도 제주시 이도이동,경상사고,0,0,2,0,차대사람 - 기타,안전운전불이행,건조,맑음,단일로 - 기타,이륜,남,61세,상해없음,보행자,남,11세,경상
2020080200100037,2020년 8월 2일 03시,일요일,제주특별자치도 제주시 이호일동,사망사고,1,0,0,0,차대사람 - 기타,안전운전불이행,건조,기타,단일로 - 기타,승용,여,25세,상해없음,보행자,남,28세,사망
2020080200100065,2020년 8월 2일 07시,일요일,제주특별자치도 제주시 도평동,경상사고,0,0,1,0,차량단독 - 공작물충돌,안전운전불이행,건조,맑음,교차로 - 교차로부근,승용,남,23세,경상,,,,
2020080200100073,2020년 8월 2일 08시,일요일,제주특별자치도 서귀포시 서홍동,중상사고,0,1,0,0,차량단독 - 공작물충돌,안전운전불이행,건조,흐림,기타 - 기타,승용,남,61세,기타불명,,,,
2020080200100097,2020년 8월 2일 10시,일요일,제주특별자치도 제주시 연동,경상사고,0,0,2,2,차대차 - 측면충돌,직진우회전진행방해,건조,맑음,교차로 - 교차로안,승용,남,33세,부상신고,승용,여,77세,경상
2020080200100140,2020년 8월 2일 12시,일요일,제주특별자치도 서귀포시 동홍동,경상사고,0,0,3,0,차대차 - 추돌,안전거리미확보,건조,맑음,단일로 - 기타,화물,남,77세,상해없음,승용,남,44세,경상
2020080200100164,2020년 8월 2일 13시,일요일,제주특별자치도 서귀포시 동홍동,중상사고,0,1,0,0,차대차 - 측면충돌,직진우회전진행방해,건조,맑음,교차로 - 교차로안,승용,여,25세,상해없음,이륜,남,30세,중상
2020080200100165,2020년 8월 2일 13시,일요일,제주특별자치도 제주시 연동,경상사고,0,0,1,0,차대차 - 측면충돌,직진우회전진행방해,건조,맑음,교차로 - 교차로안,승용,여,23세,상해없음,승용,남,37세,경상
2020080200100256,2020년 8월 2일 16시,일요일,제주특별자치도 제주시 용담이동,중상사고,0,1,0,0,차대차 - 기타,안전거리미확보,건조,맑음,단일로 - 기타,승용,여,42세,상해없음,승용,남,45세,중상