사고번호,사고일시,요일,시군구,사고내용,사망자수,중상자수,경상자수,부상신고자수,사고유형,법규위반,노면상태,기상상태,도로형태,가해운전자 차종,가해운전자 성별,가해운전자 연령,가해운전자 상해정도,피해운전자 차종,피해운전자 성별,피해운전자 연령,피해운전자 상해정도
2020080200100282,2020년 8월 2일 17시,일요일,제주특별자치도 제주시 도두이동,경상사고,0,0,1,0,차대차 - 기타,안전운전불이행,건조,맑음,교차로 - 교차로부근,이륜,남,49세,경상,승용,여,48세,상해없음
2020080200100338,2020년 8월 2일 19시,일요일,제주특별자치도 제주시 노형동,경상사고,0,0,1,0,차대사람 - 횡단중,보행자보호의무위반,건조,맑음,교차로 - 교차로횡단보도내,승용,여,39세,상해없음,보행자,여,31세,경상
2020080200100378,2020년 8월 2일 21시,일요일,제주특별자치도 제주시 연동,중상사고,0,1,0,0,차대차 - 측면충돌,신호위반,건조,기타,교차로 - 교차로부근,승용,남,72세,상해없음,이륜,남,44세,중상
2020080200100379,2020년 8월 2일 21시,일요일,제주특별자치도 제주시 연동,부상신고사고,0,0,0,1,차대차 - 측면충돌,안전운전불이행,건조,맑음,단일로 - 기타,승합,남,53세,상해없음,이륜,남,53세,부상신고
2020080200100402,2020년 8월 2일 22시,일요일,제주특별자치도 제주시 일도이동,경상사고,0,0,3,0,차대차 - 추돌,안전운전불이행,건조,맑음,교차로 - 교차로부근,승용,여,38세,상해없음,승용,남,37세,경상
2020080200100403,2020년 8월 2일 22시,일요일,제주특별자치도 서귀포시 동홍동,경상사고,0,0,1,1,차대차 - 측면충돌,안전거리미확보,건조,맑음,교차로 - 교차로안,승용,남,62세,상해없음,승용,남,30세,경상
2020080300100054,2020년 8월 3일 06시,월요일,제주특별자치도 제주시 도남동,경상사고,0,0,1,0,차대차 - 측면충돌,신호위반,건조,맑음,교차로 - 교차로안,화물,남,55세,상해없음,승용,남,74세,경상
2020080300100106,2020년 8월 3일 08시,월요일,제주특별자치도 서귀포시 표선면,중상사고,0,1,0,0,차대차 - 기타,기타,건조,맑음,교차로 - 교차로안,화물,남,52세,상해없음,자전거,남,26세,중상
2020080300100319,2020년 8월 3일 14시,월요일,제주특별자치도 서귀포시 동홍동,경상사고,0,0,1,0,차대차 - 기타,신호위반,건조,맑음,교차로 - 교차로안,화물,여,69세,기타불명,승합,남,46세,상해없음
2020080300100380,2020년 8월 3일 16시,월요일,제주특별자치도 서귀포시 대포동,경상사고,0,0,3,0,차대차 - 추돌,기타,건조,흐림,기타 - 기타,승용,남,42세,경상,승용,남,49세,경상
2020080300100381,2020년 8월 3일 16시,월요일,제주특별자치도 서귀포시 안덕면,경상사고,0,0,2,1,차대차 - 측면충돌,안전거리미확보,건조,맑음,교차로 - 교차로안,승용,남,35세,부상신고,승용,남,21세,경상
2020080300100382,2020년 8월 3일 16시,월요일,제주특별자치도 제주시 연동,경상사고,0,0,1,0,차대사람 - 기타,안전운전불이행,건조,맑음,단일로 - 기타,승용,여,59세,상해없음,보행자,여,63세,경상
2020080300100420,2020년 8월 3일 17시,월요일,제주특별자치도 제주시 연동,경상사고,0,0,1,0,차대차 - 기타,차로위반,건조,맑음,단일로 - 기타,승용,여,46세,상해없음,승합,남,64세,상해없음
2020080400100010,2020년 8월 4일 00시,화요일,제주특별자치도 제주시 연동,경상사고,0,0,1,0,차대차 - 기타,기타,건조,맑음,단일로 - 기타,승용,남,39세,상해없음,이륜,남,42세,경상
2020080400100041,2020년 8월 4일 04시,화요일,제주특별자치도 서귀포시 성산읍,경상사고,0,0,1,0,차대차 - 기타,신호위반,건조,맑음,교차로 - 교차로안,승용,남,58세,경상,승용,남,58세,상해없음
2020080400100057,2020년 8월 4일 06시,화요일,제주특별자치도 제주시 노형동,경상사고,0,0,1,0,차대차 - 측면충돌,중앙선침범,건조,맑음,교차로 - 교차로부근,승용,남,38세,상해없음,승용,여,49세,경상
2020080400100095,2020년 8월 4일 08시,화요일,제주특별자치도 제주시 일도이동,경상사고,0,0,2,0,차대차 - 기타,직진우회전진행방해,건조,맑음,교차로 - 교차로안,자전거,여,59세,경상,승용,여,46세,경상
2020080400100096,2020년 8월 4일 08시,화요일,제주특별자치도 제주시 아라일동,사망사고,1,1,0,0,차대사람 - 기타,안전운전불이행,건조,맑음,단일로 - 기타,승용,남,21세,상해없음,보행자,남,30세,사망
2020080400100097,2020년 8월 4일 08시,화요일,제주특별자치도 제주시 한림읍,중상사고,0,1,0,0,차대차 - 기타,신호위반,건조,맑음,교차로 - 교차로안,농기계,남,58세,중상,화물,남,65세,상해없음
2020080400100098,2020년 8월 4일 08시,화요일,제주특별자치도 제주시 한림읍,경상사고,0,0,1,0,차대사람 - 기타,안전운전불이행,건조,맑음,단일로 - 기타,화물,남,47세,상해없음,보행자,여,8세,경상
2020080400100121,2020년 8월 4일 09시,화요일,제주특별자치도 서귀포시 대정읍,경상사고,0,0,1,0,차대차 - 측면충돌,기타,건조,맑음,기타 - 기타,화물,남,46세,상해없음,승용,남,44세,상해없음
2020080400100152,2020년 8월 4일 10시,화요일,제주특별자치도 제주시 일도이동,경상사고,0,0,1,0,차대차 - 추돌,안전운전불이행,건조,맑음,단일로 - 기타,승용,남,70세,기타불명,승용,남,69세,경상
2020080400100153,2020년 8월 4일 10시,화요일,제주특별자치도 제주시 연동,부상신고사고,0,0,0,2,차대차 - 측면충돌,안전운전불이행,건조,맑음,교차로 - 교차로안,승용,남,42세,상해없음,승용,여,43세,부상신고
2020080400100213,2020년 8월 4일 12시,화요일,제주특별자치도 제주시 애월읍,경상사고,0,0,1,0,차대사람 - 길가장자리구역통행중,안전운전불이행,건조,맑음,단일로 - 기타,승용,여,53세,상해없음,보행자,여,48세,경상
2020080400100258,2020년 8월 4일 13시,화요일,제주특별자치도 서귀포시 표선면,중상사고,0,1,0,0,차량단독 - 공작물충돌,안전운전불이행,건조,맑음,교차로 - 교차로부근,승용,여,64세,중상,,,,
2020080400100325,2020년 8월 4일 15시,화요일,제주특별자치도 제주시 연동,경상사고,0,0,1,0,차대차 - 후진중충돌,안전운전불이행,건조,맑음,단일로 - 기타,승용,남,40세,상해없음,승용,남,26세,경상
2020080400100361,2020년 8월 4일 16시,화요일,제주특별자치도 제주시 오라이동,경상사고,0,0,2,0,차대차 - 측면충돌,차로위반,건조,맑음,교차로 - 교차로부근,건설기계,남,55세,상해없음,승용,여,51세,경상
2020080400100400,2020년 8월 4일 17시,화요일,제주특별자치도 제주시 애월읍,경상사고,0,0,1,0,차대차 - 측면충돌,안전거리미확보,건조,맑음,교차로 - 교차로안,화물,남,40세,상해없음,화물,남,24세,경상
2020080400100567,2020년 8월 4일 22시,화요일,제주특별자치도 서귀포시 서홍동,경상사고,0,0,1,0,차량단독 - 공작물충돌,안전운전불이행,젖음/습기,비,단일로 - 기타,승용,여,42세,경상,,,,
2020080400100568,2020년 8월 4일 22시,화요일,제주특별자치도 제주시 애월읍,중상사고,0,1,0,0,차대사람 - 횡단중,안전운전불이행,건조,맑음,단일로 - 기타,승용,남,23세,상해없음,보행자,남,70세,중상
2020080400100569,2020년 8월 4일 22시,화요일,제주특별자치도 제주시 한림읍,경상사고,0,0,2,0,차대차 - 추돌,안전운전불이행,건조,맑음,단일로 - 기타,승용,남,28세,상해없음,승용,남,41세,경상
2020080400100586,2020년 8월 4일 23시,화요일,제주특별자치도 제주시 아라이동,중상사고,0,1,2,0,차대차 - 추돌,안전운전불이행,건조,맑음,교차로 - 교차로부근,승용,남,51세,상해없음,승용,남,35세,중상
2020080500100055,2020년 8월 5일 06시,수요일,제주특별자치도 서귀포시 서홍동,경상사고,0,0,1,0,차대차 - 기타,신호위반,건조,맑음,교차로 - 교차로안,승용,남,50세,상해없음,승용,남,48세,경상
2020080500100065,2020년 8월 5일 07시,수요일,제주특별자치도 제주시 애월읍,경상사고,0,0,1,0,차대차 - 측면충돌,안전운전불이행,건조,맑음,교차로 - 교차로안,승용,남,60세,경상,건설기계,남,51세,상해없음
2020080500100114,2020년 8월 5일 09시,수요일,제주특별자치도 제주시 오라삼동,경상사고,0,0,4,0,차대차 - 기타,안전거리미확보,건조,맑음,단일로 - 기타,승용,남,38세,경상,승용,남,70세,경상
2020080500100142,2020년 8월 5일 10시,수요일,제주특별자치도 제주시 오라일동,경상사고,0,0,1,0,차대차 - 측면충돌,교차로운행방법위반,젖음/습기,비,교차로 - 교차로안,승용,남,67세,상해없음,승용,여,23세,경상
2020080500100143,2020년 8월 5일 10시,수요일,제주특별자치도 제주시 노형동,중상사고,0,1,0,0,차대차 - 측면충돌,안전운전불이행,건조,흐림,단일로 - 기타,승용,남,63세,상해없음,승용,남,48세,중상
2020080500100207,2020년 8월 5일 12시,수요일,제주특별자치도 서귀포시 성산읍,경상사고,0,0,4,0,차대차 - 측면충돌,직진우회전진행방해,건조,맑음,교차로 - 교차로안,승용,여,48세,상해없음,승용,여,39세,경상
2020080500100244,2020년 8월 5일 13시,수요일,제주특별자치도 제주시 용담이동,경상사고,0,0,1,0,차대사람 - 횡단중,신호위반,건조,맑음,단일로 - 기타,승용,여,35세,상해없음,보행자,남,8세,경상
2020080500100308,2020년 8월 5일 15시,수요일,제주특별자치도 제주시 이도이동,중상사고,0,1,0,0,차대차 - 측면충돌,신호위반,건조,맑음,교차로 - 교차로안,승합,남,51세,상해없음,이륜,남,31세,중상
2020080500100337,2020년 8월 5일 16시,수요일,제주특별자치도 제주시 노형동,경상사고,0,0,1,0,차량단독 - 도로외이탈 - 기타,안전운전불이행,건조,맑음,교차로 - 교차로부근,승용,남,53세,상해없음,,,,
2020080500100370,2020년 8월 5일 17시,수요일,제주특별자치도 제주시 조천읍,경상사고,0,0,1,0,차대사람 - 차도통행중,안전운전불이행,건조,맑음,교차로 - 교차로안,승용,남,61세,상해없음,보행자,여,64세,경상
2020080500100371,2020년 8월 5일 17시,수요일,제주특별자치도 서귀포시 토평동,경상사고,0,0,2,0,차대차 - 측면충돌,안전운전불이행,건조,맑음,교차로 - 교차로안,승용,여,23세,경상,승합,여,37세,경상
2020080500100372,2020년 8월 5일 17시,수요일,제주특별자치도 제주시 외도일동,경상사고,0,0,1,0,차대차 - 추돌,안전운전불이행,건조,맑음,단일로 - 기타,승용,남,75세,상해없음,승용,남,52세,경상
2020080500100373,2020년 8월 5일 17시,수요일,제주특별자치도 제주시 애월읍,중상사고,0,1,1,0,차대차 - 측면충돌,안전운전불이행,건조,맑음,단일로 - 기타,승용,남,60세,경상,승용,남,35세,중상
2020080500100454,2020년 8월 5일 19시,수요일,제주특별자치도 제주시 구좌읍,경상사고,0,0,2,0,차대사람 - 횡단중,안전운전불이행,건조,맑음,단일로 - 기타,승용,여,63세,상해없음,보행자,남,23세,경상
2020080500100483,2020년 8월 5일 20시,수요일,제주특별자치도 제주시 일도이동,경상사고,0,0,1,0,차대차 - 추돌,기타,건조,맑음,교차로 - 교차로부근,승용,남,32세,상해없음,승용,남,26세,경상
2020080500100484,2020년 8월 5일 20시,수요일,제주특별자치도 서귀포시 성산읍,중상사고,0,1,0,0,차대차 - 측면충돌,직진우회전진행방해,건조,맑음,교차로 - 교차로안,승용,여,30세,상해없음,이륜,남,40세,중상
2020080500100515,2020년 8월 5일 21시,수요일,제주특별자치도 제주시 화북일동,중상사고,0,1,1,0,차대차 - 추돌,안전운전불이행,건조,맑음,단일로 - 기타,이륜,남,21세,중상,승용,남,23세,경상
2020080500100516,2020년 8월 5일 21시,수요일,제주특별자치도 제주시 이도일동,경상사고,0,0,1,0,차대사람 - 기타,안전운전불이행,건조,맑음,교차로 - 교차로안,승용,남,52세,상해없음,보행자,남,54세,경상
2020080500100553,2020년 8월 5일 22시,수요일,제주특별자치도 제주시 노형동,경상사고,0,0,1,0,차량단독 - 기타,안전운전불이행,건조,맑음,단일로 - 기타,원동기,남,27세,경상,,,,
2020080600100071,2020년 8월 6일 05시,목요일,제주특별자치도 제주시 연동,경상사고,0,0,2,0,차대차 - 측면충돌,안전운전불이행,건조,맑음,교차로 - 교차로안,승용,남,27세,상해없음,승용,남,68세,경상
2020080600100126,2020년 8월 6일 08시,목요일,제주특별자치도 서귀포시 서귀동,중상사고,0,1,0,0,차대차 - 측면충돌,직진우회전진행방해,젖음/습기,비,교차로 - 교차로안,승용,남,65세,상해없음,이륜,남,71세,중상
2020080600100127,2020년 8월 6일 08시,목요일,제주특별자치도 제주시 연동,경상사고,0,0,1,0,차대차 - 측면충돌,교차로운행방법위반,건조,맑음,교차로 - 교차로안,승용,남,29세,상해없음,승용,남,26세,경상
2020080600100218,2020년 8월 6일 11시,목요일,제주특별자치도 제주시 노형동,경상사고,0,0,1,0,차대차 - 측면충돌,안전운전불이행,건조,맑음,교차로 - 교차로부근,승용,남,41세,상해없음,승용,남,48세,경상
2020080600100243,2020년 8월 6일 12시,목요일,제주특별자치도 제주시 용담일동,경상사고,0,0,1,0,차대사람 - 기타,안전운전불이행,건조,맑음,단일로 - 기타,화물,남,54세,상해없음,보행자,남,83세,경상
2020080600100279,2020년 8월 6일 13시,목요일,제주특별자치도 제주시 용강동,경상사고,0,0,2,2,차대차 - 추돌,안전거리미확보,건조,맑음,단일로 - 기타,화물,남,32세,부상신고,승합,남,46세,상해없음
2020080600100280,2020년 8월 6일 13시,목요일,제주특별자치도 서귀포시 법환동,중상사고,0,1,1,0,차대차 - 기타,직진우회전진행방해,젖음/습기,흐림,교차로 - 교차로안,승용,남,53세,상해없음,승용,남,23세,중상
2020080600100281,2020년 8월 6일 13시,목요일,제주특별자치도 서귀포시 중문동,중상사고,0,1,0,0,차대차 - 기타,직진우회전진행방해,젖음/습기,비,교차로 - 교차로안,승용,여,38세,상해없음,이륜,남,48세,중상
2020080600100358,2020년 8월 6일 15시,목요일,제주특별자치도 서귀포시 서호동,경상사고,0,0,1,0,차대차 - 측면충돌,안전운전불이행,건조,맑음,교차로 - 교차로안,승용,남,76세,경상,건설기계,남,58세,상해없음
2020080600100359,2020년 8월 6일 15시,목요일,제주특별자치도 제주시 연동,중상사고,0,1,0,0,차대사람 - 기타,신호위반,건조,맑음,교차로 - 교차로횡단보도내,승용,남,52세,상해없음,보행자,남,56세,중상
2020080600100436,2020년 8월 6일 17시,목요일,제주특별자치도 제주시 도련일동,중상사고,0,1,0,0,차대사람 - 차도통행중,과속,건조,맑음,단일로 - 기타,승용,남,21세,상해없음,보행자,여,15세,중상
2020080600100563,2020년 8월 6일 22시,목요일,제주특별자치도 제주시 조천읍,경상사고,0,0,1,0,차대차 - 기타,중앙선침범,건조,맑음,단일로 - 기타,승용,여,57세,상해없음,이륜,남,34세,경상
2020080600100564,2020년 8월 6일 22시,목요일,제주특별자치도 서귀포시 서귀동,경상사고,0,0,1,0,차대차 - 측면충돌,교차로운행방법위반,건조,맑음,교차로 - 교차로안,승용,남,53세,상해없음,이륜,남,49세,경상
2020080700100040,2020년 8월 7일 03시,금요일,제주특별자치도 제주시 용담일동,경상사고,0,0,1,0,차대차 - 기타,신호위반,건조,맑음,교차로 - 교차로안,승용,남,59세,상해없음,승용,남,60세,경상
2020080700100041,2020년 8월 7일 03시,금요일,제주특별자치도 제주시 아라일동,부상신고사고,0,0,0,1,차량단독 - 기타,안전운전불이행,건조,맑음,단일로 - 기타,이륜,남,25세,부상신고,,,,
2020080700100042,2020년 8월 7일 03시,금요일,제주특별자치도 제주시 월평동,사망사고,1,1,0,0,차량단독 - 공작물충돌,안전운전불이행,건조,맑음,단일로 - 기타,이륜,남,21세,사망,,,,
2020080700100179,2020년 8월 7일 10시,금요일,제주특별자치도 제주시 연동,경상사고,0,0,2,0,차대차 - 측면충돌,신호위반,건조,맑음,교차로 - 교차로안,승용,여,28세,경상,이륜,여,25세,경상
2020080700100212,2020년 8월 7일 11시,금요일,제주특별자치도 제주시 아라일동,중상사고,0,1,0,0,차대차 - 추돌,안전운전불이행,건조,맑음,교차로 - 교차로부근,승용,여,62세,기타불명,승용,여,29세,중상
2020080700100237,2020년 8월 7일 12시,금요일,제주특별자치도 제주시 노형동,중상사고,0,1,0,0,차대차 - 기타,안전거리미확보,건조,맑음,단일로 - 기타,승용,남,54세,상해없음,승용,남,62세,중상
2020080700100339,2020년 8월 7일 15시,금요일,제주특별자치도 제주시 아라이동,경상사고,0,0,1,0,차대차 - 기타,안전거리미확보,건조,맑음,단일로 - 기타,화물,남,61세,상해없음,이륜,남,36세,경상
2020080700100340,2020년 8월 7일 15시,금요일,제주특별자치도 제주시 노형동,부상신고사고,0,0,0,1,차대차 - 측면충돌,안전운전불이행,건조,맑음,단일로 - 기타,승용,여,23세,상해없음,이륜,남,39세,부상신고
2020080700100366,2020년 8월 7일 16시,금요일,제주특별자치도 제주시 애월읍,중상사고,0,1,0,0,차대차 - 측면충돌,안전거리미확보,건조,맑음,교차로 - 교차로안,승용,여,59세,중상,화물,남,52세,상해없음
2020080700100367,2020년 8월 7일 16시,금요일,제주특별자치도 제주시 용담이동,부상신고사고,0,0,0,1,차대차 - 기타,안전거리미확보,건조,맑음,단일로 - 기타,화물,여,52세,상해없음,승합,여,49세,부상신고
2020080800100058,2020년 8월 8일 03시,토요일,제주특별자치도 제주시 이도일동,중상사고,0,1,0,0,차량단독 - 공작물충돌,안전운전불이행,건조,맑음,단일로 - 기타,이륜,남,28세,중상,,,,
2020080800100143,2020년 8월 8일 09시,토요일,제주특별자치도 제주시 조천읍,경상사고,0,0,1,0,차대차 - 측면충돌,안전운전불이행,건조,맑음,교차로 - 교차로안,승용,여,54세,상해없음,승용,남,63세,경상
2020080800100144,2020년 8월 8일 09시,토요일,제주특별자치도 서귀포시 서귀동,중상사고,0,1,0,0,차대사람 - 횡단중,안전운전불이행,건조,맑음,단일로 - 기타,승합,남,27세,상해없음,보행자,남,68세,중상
2020080800100201,2020년 8월 8일 11시,토요일,제주특별자치도 제주시 조천읍,중상사고,0,1,2,0,차대차 - 측면충돌,중앙선침범,젖음/습기,비,단일로 - 기타,승용,남,68세,상해없음,승용,남,49세,경상
2020080800100268,2020년 8월 8일 13시,토요일,제주특별자치도 제주시 노형동,중상사고,0,1,0,1,차대차 - 정면충돌,안전운전불이행,건조,맑음,교차로 - 교차로안,이륜,남,69세,부상신고,자전거,여,64세,중상
2020080800100305,2020년 8월 8일 14시,토요일,제주특별자치도 서귀포시 안덕면,경상사고,0,0,2,2,차대차 - 측면충돌,안전거리미확보,건조,맑음,교차로 - 교차로안,승용,여,40세,경상,승용,남,19세,경상
2020080800100333,2020년 8월 8일 15시,토요일,제주특별자치도 제주시 조천읍,중상사고,0,1,0,0,차대차 - 정면충돌,안전운전불이행,건조,맑음,단일로 - 기타,승용,남,24세,상해없음,이륜,여,73세,중상
2020080800100365,2020년 8월 8일 16시,토요일,제주특별자치도 제주시 오라이동,경상사고,0,0,3,0,차대차 - 추돌,안전운전불이행,건조,맑음,단일로 - 기타,승용,남,25세,상해없음,승용,여,47세,경상
2020080800100389,2020년 8월 8일 17시,토요일,제주특별자치도 서귀포시 법환동,중상사고,0,1,0,0,차대차 - 기타,직진우회전진행방해,건조,맑음,교차로 - 교차로안,승용,남,32세,상해없음,이륜,남,55세,중상
2020080800100390,2020년 8월 8일 17시,토요일,제주특별자치도 제주시 용담삼동,경상사고,0,0,1,0,차대차 - 기타,안전운전불이행,건조,맑음,교차로 - 교차로안,승용,남,26세,상해없음,승용,남,61세,경상
2020080800100418,2020년 8월 8일 18시,토요일,제주특별자치도 서귀포시 안덕면,중상사고,0,2,6,0,차대차 - 정면충돌,신호위반,건조,맑음,교차로 - 교차로안,승용,여,54세,중상,승용,여,42세,중상
2020080800100529,2020년 8월 8일 21시,토요일,제주특별자치도 제주시 이도이동,중상사고,0,1,0,0,차대차 - 측면충돌,신호위반,건조,맑음,교차로 - 교차로안,승용,남,68세,상해없음,이륜,남,28세,중상
2020080800100530,2020년 8월 8일 21시,토요일,제주특별자치도 서귀포시 표선면,경상사고,0,0,5,0,차대차 - 추돌,안전운전불이행,건조,기타,기타 - 기타,승용,남,45세,상해없음,승용,남,47세,경상
2020080900100076,2020년 8월 9일 06시,일요일,제주특별자치도 제주시 구좌읍,중상사고,0,1,0,1,차대차 - 기타,신호위반,건조,맑음,교차로 - 교차로안,화물,남,74세,부상신고,화물,남,53세,중상
2020080900100091,2020년 8월 9일 07시,일요일,제주특별자치도 제주시 화북이동,경상사고,0,0,1,0,차대차 - 추돌,안전거리미확보,건조,맑음,단일로 - 기타,승용,남,60세,상해없음,승용,남,50세,경상
2020080900100101,2020년 8월 9일 08시,일요일,제주특별자치도 제주시 외도일동,중상사고,0,1,2,1,차대차 - 추돌,안전운전불이행,건조,맑음,교차로 - 교차로부근,승용,여,23세,중상,승용,남,35세,경상
2020080900100112,2020년 8월 9일 09시,일요일,제주특별자치도 제주시 용담이동,중상사고,0,1,0,0,차대차 - 측면충돌,안전운전불이행,건조,맑음,교차로 - 교차로안,화물,남,54세,상해없음,자전거,남,26세,중상
2020080900100136,2020년 8월 9일 11시,일요일,제주특별자치도 제주시 한림읍,경상사고,0,0,1,2,차대차 - 추돌,중앙선침범,건조,맑음,교차로 - 교차로부근,승합,남,49세,상해없음,승용,남,31세,부상신고
2020080900100153,2020년 8월 9일 12시,일요일,제주특별자치도 서귀포시 하효동,부상신고사고,0,0,0,1,차대사람 - 기타,안전운전불이행,건조,맑음,기타 - 기타,승용,여,60세,상해없음,보행자,남,5세,부상신고
2020080900100207,2020년 8월 9일 14시,일요일,제주특별자치도 제주시 일도이동,경상사고,0,0,1,0,차대차 - 측면충돌,안전운전불이행,건조,맑음,교차로 - 교차로부근,승용,남,25세,기타불명,승용,남,49세,경상
2020080900100233,2020년 8월 9일 15시,일요일,제주특별자치도 제주시 일도이동,경상사고,0,0,3,0,차대차 - 측면충돌,안전거리미확보,건조,맑음,단일로 - 기타,승용,여,50세,상해없음,승용,여,42세,경상
2020080900100234,2020년 8월 9일 15시,일요일,제주특별자치도 서귀포시 대정읍,경상사고,0,0,2,0,차대차 - 기타,안전운전불이행,건조,맑음,교차로 - 교차로부근,화물,남,81세,상해없음,승용,남,22세,경상
2020080900100271,2020년 8월 9일 16시,일요일,제주특별자치도 제주시 우도면,중상사고,0,1,1,0,차대차 - 측면충돌,안전운전불이행,건조,맑음,단일로 - 기타,이륜,남,23세,경상,승용,남,38세,상해없음
2020080900100272,2020년 8월 9일 16시,일요일,제주특별자치도 서귀포시 토평동,중상사고,0,1,1,0,차대차 - 측면충돌,직진우회전진행방해,건조,맑음,교차로 - 교차로안,화물,남,45세,상해없음,화물,남,40세,경상
2020080900100324,2020년 8월 9일 18시,일요일,제주특별자치도 제주시 용담일동,경상사고,0,0,1,1,차대차 - 측면충돌,안전운전불이행,건조,맑음,교차로 - 교차로부근,승합,남,62세,상해없음,승용,남,30세,경상
2020080900100325,2020년 8월 9일 18시,일요일,제주특별자치도 서귀포시 대정읍,경상사고,0,0,1,0,차대사람 - 기타,안전운전불이행,건조,맑음,단일로 - 기타,승용,여,43세,상해없음,보행자,남,6세,경상
2020080900100386,2020년 8월 9일 20시,일요일,제주특별자치도 제주시 건입동,중상사고,0,1,2,1,차대차 - 기타,안전거리미확보,건조,흐림,교차로 - 교차로안,승용,여,36세,부상신고,승용,남,34세,중상
2020080900100387,2020년 8월 9일 20시,일요일,제주특별자치도 제주시 이도이동,경상사고,0,0,1,0,차대차 - 후진중충돌,안전운전불이행,건조,맑음,단일로 - 기타,승용,여,25세,상해없음,이륜,남,49세,경상
2020080900100415,2020년 8월 9일 21시,일요일,제주특별자치도 제주시 도남동,경상사고,0,0,4,0,차대차 - 측면충돌,안전운전불이행,건조,맑음,단일로 - 기타,승용,남,27세,경상,승용,여,25세,경상
2020081000100014,2020년 8월 10일 01시,월요일,제주특별자치도 제주시 연동,경상사고,0,0,1,0,차대차 - 기타,안전운전불이행,건조,맑음,교차로 - 교차로안,승용,남,48세,상해없음,승용,남,22세,경상
2020081000100178,2020년 8월 10일 11시,월요일,제주특별자치도 서귀포시 남원읍,경상사고,0,0,1,1,차량단독 - 공작물충돌,안전운전불이행,젖음/습기,비,단일로 - 기타,승용,남,51세,상해없음,,,,
2020081000100251,2020년 8월 10일 13시,월요일,제주특별자치도 제주시 연동,중상사고,0,1,0,0,차대차 - 기타,직진우회전진행방해,건조,맑음,교차로 - 교차로안,승용,남,33세,상해없음,이륜,남,38세,중상
2020081000100287,2020년 8월 10일 14시,월요일,제주특별자치도 서귀포시 중문동,중상사고,0,1,0,0,차대사람 - 기타,안전운전불이행,건조,맑음,주차장 - 주차장,화물,남,41세,상해없음,보행자,여,26세,중상
2020081000100350,2020년 8월 10일 16시,월요일,제주특별자치도 제주시 외도일동,경상사고,0,0,1,0,차대차 - 기타,안전운전불이행,건조,맑음,단일로 - 기타,승용,남,35세,상해없음,승용,여,36세,상해없음
2020081000100388,2020년 8월 10일 17시,월요일,제주특별자치도 제주시 일도이동,중상사고,0,1,0,0,차대사람 - 횡단중,안전운전불이행,건조,맑음,교차로 - 교차로횡단보도내,승용,여,61세,상해없음,보행자,여,59세,중상
2020081000100389,2020년 8월 10일 17시,월요일,제주특별자치도 제주시 용담이동,경상사고,0,0,1,0,차대차 - 기타,안전운전불이행,건조,맑음,교차로 - 교차로부근,승용,남,64세,상해없음,승용,여,25세,경상
2020081000100525,2020년 8월 10일 21시,월요일,제주특별자치도 제주시 한림읍,부상신고사고,0,0,0,1,차대차 - 측면충돌,직진우회전진행방해,건조,맑음,교차로 - 교차로부근,승용,여,37세,상해없음,이륜,남,62세,부상신고
2020081000100585,2020년 8월 10일 23시,월요일,제주특별자치도 서귀포시 강정동,경상사고,0,0,1,0,차대차 - 정면충돌,직진우회전진행방해,건조,맑음,교차로 - 교차로안,승용,남,24세,상해없음,승용,남,55세,경상
2020081100100133,2020년 8월 11일 08시,화요일,제주특별자치도 제주시 한경면,부상신고사고,0,0,0,1,차량단독 - 공작물충돌,안전운전불이행,건조,맑음,단일로 - 기타,이륜,남,41세,부상신고,,,,
2020081100100168,2020년 8월 11일 09시,화요일,제주특별자치도 제주시 일도이동,경상사고,0,0,1,0,차대사람 - 길가장자리구역통행중,안전운전불이행,건조,맑음,단일로 - 기타,승용,남,42세,상해없음,보행자,남,25세,경상
2020081100100203,2020년 8월 11일 10시,화요일,제주특별자치도 제주시 도남동,경상사고,0,0,3,0,차대차 - 측면충돌,신호위반,건조,맑음,교차로 - 교차로부근,승용,남,54세,기타불명,승용,남,58세,경상
2020081100100239,2020년 8월 11일 11시,화요일,제주특별자치도 제주시 건입동,경상사고,0,0,1,0,차대차 - 추돌,안전운전불이행,건조,맑음,교차로 - 교차로부근,승용,남,66세,상해없음,승용,남,61세,경상
2020081100100240,2020년 8월 11일 11시,화요일,제주특별자치도 서귀포시 남원읍,경상사고,0,0,1,0,차대차 - 측면충돌,교차로운행방법위반,건조,맑음,교차로 - 교차로안,승용,남,76세,상해없음,승용,남,53세,경상
2020081100100241,2020년 8월 11일 11시,화요일,제주특별자치도 제주시 연동,경상사고,0,0,1,0,차대차 - 기타,안전거리미확보,건조,맑음,교차로 - 교차로안,승합,남,62세,상해없음,승용,여,45세,경상
2020081100100292,2020년 8월 11일 13시,화요일,제주특별자치도 제주시 애월읍,경상사고,0,0,1,0,차대사람 - 횡단중,보행자보호의무위반,건조,맑음,단일로 - 기타,승용,남,38세,상해없음,보행자,여,8세,경상
2020081100100335,2020년 8월 11일 14시,화요일,제주특별자치도 제주시 오라이동,경상사고,0,0,3,1,차대차 - 추돌,안전운전불이행,젖음/습기,비,단일로 - 기타,화물,남,38세,상해없음,화물,남,49세,경상