사고번호,사고일시,요일,시군구,사고내용,사망자수,중상자수,경상자수,부상신고자수,사고유형,법규위반,노면상태,기상상태,도로형태,가해운전자 차종,가해운전자 성별,가해운전자 연령,가해운전자 상해정도,피해운전자 차종,피해운전자 성별,피해운전자 연령,피해운전자 상해정도
2020091100100440,2020년 9월 11일 18시,금요일,제주특별자치도 제주시 노형동,경상사고,0,0,1,0,차대사람 - 횡단중,안전운전불이행,건조,맑음,단일로 - 기타,승합,여,57세,상해없음,보행자,남,84세,경상
2020091100100500,2020년 9월 11일 19시,금요일,제주특별자치도 제주시 일도일동,경상사고,0,0,1,0,차대사람 - 기타,안전운전불이행,건조,맑음,교차로 - 교차로부근,승용,여,29세,상해없음,보행자,여,49세,경상
2020091100100564,2020년 9월 11일 20시,금요일,제주특별자치도 제주시 화북일동,경상사고,0,0,1,0,차대차 - 기타,교차로운행방법위반,건조,맑음,교차로 - 교차로안,승용,남,25세,상해없음,이륜,남,35세,경상
2020091100100652,2020년 9월 11일 22시,금요일,제주특별자치도 제주시 봉개동,중상사고,0,1,0,0,차량단독 - 공작물충돌,안전운전불이행,젖음/습기,비,단일로 - 기타,승용,남,39세,상해없음,,,,
2020091100100679,2020년 9월 11일 23시,금요일,제주특별자치도 제주시 노형동,경상사고,0,0,1,0,차대차 - 측면충돌,안전운전불이행,젖음/습기,비,단일로 - 기타,승용,여,49세,상해없음,승용,여,35세,경상
2020091200100141,2020년 9월 12일 09시,토요일,제주특별자치도 서귀포시 대정읍,중상사고,0,1,0,0,차대사람 - 횡단중,보행자보호의무위반,건조,맑음,교차로 - 교차로안,화물,남,54세,상해없음,보행자,여,79세,중상
2020091200100244,2020년 9월 12일 12시,토요일,제주특별자치도 제주시 이도이동,경상사고,0,0,1,0,차대차 - 측면충돌,교차로운행방법위반,건조,맑음,교차로 - 교차로안,승용,여,66세,상해없음,원동기,남,31세,경상
2020091200100245,2020년 9월 12일 12시,토요일,제주특별자치도 서귀포시 남원읍,부상신고사고,0,0,0,1,차대차 - 기타,직진우회전진행방해,건조,기타,교차로 - 교차로안,승용,여,61세,부상신고,승용,남,46세,상해없음
2020091200100246,2020년 9월 12일 12시,토요일,제주특별자치도 서귀포시 중문동,경상사고,0,0,2,0,차대차 - 측면충돌,신호위반,건조,맑음,교차로 - 교차로안,화물,남,47세,상해없음,승용,여,62세,경상
2020091200100247,2020년 9월 12일 12시,토요일,제주특별자치도 제주시 한림읍,중상사고,0,1,0,0,차대차 - 기타,직진우회전진행방해,건조,맑음,교차로 - 교차로안,승용,남,52세,중상,화물,남,68세,상해없음
2020091200100248,2020년 9월 12일 12시,토요일,제주특별자치도 제주시 용담이동,부상신고사고,0,0,0,1,차대차 - 측면충돌,안전운전불이행,건조,맑음,단일로 - 기타,승용,남,61세,상해없음,특수,남,39세,부상신고
2020091200100322,2020년 9월 12일 14시,토요일,제주특별자치도 제주시 아라이동,경상사고,0,0,1,0,차대사람 - 횡단중,신호위반,건조,맑음,교차로 - 교차로횡단보도내,승용,남,75세,상해없음,보행자,남,76세,경상
2020091200100323,2020년 9월 12일 14시,토요일,제주특별자치도 제주시 우도면,경상사고,0,0,1,0,차대차 - 기타,교차로운행방법위반,건조,맑음,교차로 - 교차로안,승용,남,39세,상해없음,승용,여,50세,경상
2020091200100372,2020년 9월 12일 15시,토요일,제주특별자치도 제주시 노형동,경상사고,0,0,1,0,차대차 - 기타,안전거리미확보,건조,맑음,단일로 - 기타,승용,여,36세,상해없음,승용,여,51세,경상
2020091200100477,2020년 9월 12일 18시,토요일,제주특별자치도 서귀포시 강정동,중상사고,0,1,0,0,차량단독 - 전도전복 - 전도,안전운전불이행,젖음/습기,비,단일로 - 기타,이륜,여,61세,중상,,,,
2020091200100585,2020년 9월 12일 22시,토요일,제주특별자치도 서귀포시 법환동,경상사고,0,0,1,0,차대사람 - 기타,보행자보호의무위반,건조,기타,교차로 - 교차로안,승용,남,60세,상해없음,보행자,남,60세,경상
2020091300100111,2020년 9월 13일 10시,일요일,제주특별자치도 제주시 조천읍,중상사고,0,1,2,0,차대차 - 측면충돌,신호위반,젖음/습기,비,교차로 - 교차로안,승합,남,78세,경상,승용,남,72세,경상
2020091300100139,2020년 9월 13일 11시,일요일,제주특별자치도 제주시 용강동,중상사고,0,1,0,0,차대사람 - 기타,보행자보호의무위반,건조,맑음,단일로 - 기타,승용,여,42세,상해없음,보행자,여,53세,중상
2020091300100140,2020년 9월 13일 11시,일요일,제주특별자치도 서귀포시 대포동,중상사고,0,1,0,0,차대차 - 측면충돌,직진우회전진행방해,건조,맑음,교차로 - 교차로안,화물,남,67세,상해없음,자전거,남,21세,중상
2020091300100141,2020년 9월 13일 11시,일요일,제주특별자치도 서귀포시 남원읍,중상사고,0,1,0,0,차대차 - 측면충돌,신호위반,젖음/습기,비,교차로 - 교차로안,승용,여,60세,상해없음,이륜,여,66세,중상
2020091300100142,2020년 9월 13일 11시,일요일,제주특별자치도 서귀포시 서귀동,중상사고,0,1,0,0,차대차 - 기타,교차로운행방법위반,건조,맑음,교차로 - 교차로안,승용,남,50세,상해없음,이륜,남,71세,중상
2020091300100178,2020년 9월 13일 12시,일요일,제주특별자치도 서귀포시 안덕면,부상신고사고,0,0,0,1,차대차 - 측면충돌,안전운전불이행,건조,맑음,단일로 - 지하차도(도로)내,승합,남,58세,상해없음,승용,여,50세,부상신고
2020091300100249,2020년 9월 13일 14시,일요일,제주특별자치도 서귀포시 성산읍,경상사고,0,0,1,0,차대차 - 측면충돌,안전거리미확보,건조,맑음,단일로 - 기타,화물,남,63세,상해없음,승용,남,25세,상해없음
2020091300100250,2020년 9월 13일 14시,일요일,제주특별자치도 제주시 용담이동,경상사고,0,0,4,0,차대차 - 측면충돌,안전거리미확보,건조,맑음,단일로 - 기타,승용,여,31세,경상,승용,남,49세,경상
2020091300100351,2020년 9월 13일 17시,일요일,제주특별자치도 제주시 이도이동,경상사고,0,0,1,0,차대차 - 기타,안전거리미확보,건조,맑음,단일로 - 기타,승용,남,69세,상해없음,승용,남,60세,경상
2020091300100394,2020년 9월 13일 18시,일요일,제주특별자치도 제주시 한림읍,경상사고,0,0,1,0,차대사람 - 기타,기타,건조,맑음,단일로 - 기타,승용,남,61세,상해없음,보행자,여,21세,경상
2020091300100441,2020년 9월 13일 20시,일요일,제주특별자치도 서귀포시 색달동,경상사고,0,0,1,0,차량단독 - 기타,안전운전불이행,젖음/습기,비,단일로 - 기타,승용,여,40세,상해없음,,,,
2020091300100471,2020년 9월 13일 22시,일요일,제주특별자치도 제주시 연동,경상사고,0,0,1,1,차대차 - 측면충돌,교차로운행방법위반,건조,맑음,교차로 - 교차로부근,승용,여,30세,부상신고,승용,남,56세,경상
2020091400100014,2020년 9월 14일 01시,월요일,제주특별자치도 제주시 오라일동,경상사고,0,0,1,0,차대차 - 기타,안전운전불이행,건조,맑음,교차로 - 교차로부근,승용,남,50세,상해없음,승용,남,47세,경상
2020091400100084,2020년 9월 14일 07시,월요일,제주특별자치도 제주시 연동,경상사고,0,0,1,0,차대차 - 기타,안전운전불이행,건조,맑음,단일로 - 기타,승용,여,18세,상해없음,승용,남,28세,경상
2020091400100162,2020년 9월 14일 09시,월요일,제주특별자치도 제주시 내도동,경상사고,0,0,1,0,차대차 - 기타,신호위반,건조,맑음,교차로 - 교차로안,이륜,남,51세,경상,화물,남,64세,상해없음
2020091400100163,2020년 9월 14일 09시,월요일,제주특별자치도 제주시 노형동,중상사고,0,1,0,0,차대차 - 기타,직진우회전진행방해,건조,맑음,교차로 - 교차로안,화물,남,38세,상해없음,승용,남,68세,중상
2020091400100201,2020년 9월 14일 10시,월요일,제주특별자치도 제주시 애월읍,경상사고,0,0,4,0,차대차 - 추돌,안전거리미확보,건조,맑음,단일로 - 기타,승용,여,35세,상해없음,승용,여,27세,경상
2020091400100267,2020년 9월 14일 12시,월요일,제주특별자치도 제주시 이도이동,중상사고,0,1,0,0,차대차 - 측면충돌,신호위반,건조,맑음,교차로 - 교차로안,승용,남,59세,상해없음,이륜,남,28세,중상
2020091400100268,2020년 9월 14일 12시,월요일,제주특별자치도 제주시 아라이동,경상사고,0,0,1,0,차대차 - 기타,신호위반,건조,맑음,교차로 - 교차로안,화물,남,64세,상해없음,승용,남,35세,상해없음
2020091400100297,2020년 9월 14일 13시,월요일,제주특별자치도 제주시 건입동,경상사고,0,0,1,0,차대사람 - 기타,안전운전불이행,기타,맑음,단일로 - 기타,승용,여,24세,상해없음,보행자,남,28세,경상
2020091400100298,2020년 9월 14일 13시,월요일,제주특별자치도 제주시 이도이동,중상사고,0,1,0,0,차대차 - 측면충돌,안전운전불이행,건조,맑음,교차로 - 교차로안,승용,남,43세,상해없음,이륜,남,29세,중상
2020091400100299,2020년 9월 14일 13시,월요일,제주특별자치도 제주시 연동,경상사고,0,0,1,0,차대차 - 측면충돌,안전거리미확보,건조,맑음,교차로 - 교차로안,승용,여,59세,상해없음,승용,남,67세,경상
2020091400100368,2020년 9월 14일 15시,월요일,제주특별자치도 제주시 우도면,경상사고,0,0,1,0,차대차 - 기타,안전운전불이행,건조,맑음,단일로 - 기타,승용,남,32세,상해없음,이륜,여,38세,경상
2020091400100409,2020년 9월 14일 16시,월요일,제주특별자치도 제주시 도련이동,경상사고,0,0,1,0,차대차 - 기타,안전운전불이행,건조,맑음,단일로 - 기타,승합,남,51세,상해없음,승용,남,36세,경상
2020091400100459,2020년 9월 14일 17시,월요일,제주특별자치도 제주시 한림읍,경상사고,0,0,4,0,차대차 - 기타,안전운전불이행,건조,맑음,단일로 - 기타,승용,여,57세,상해없음,승용,여,35세,경상
2020091400100626,2020년 9월 14일 23시,월요일,제주특별자치도 서귀포시 남원읍,경상사고,0,0,1,0,차대차 - 측면충돌,안전운전불이행,건조,맑음,단일로 - 기타,승용,여,19세,경상,승용,남,31세,상해없음
2020091500100015,2020년 9월 15일 00시,화요일,제주특별자치도 제주시 삼도일동,경상사고,0,0,1,0,차대사람 - 횡단중,안전운전불이행,건조,맑음,교차로 - 교차로안,승용,남,22세,상해없음,보행자,남,66세,경상
2020091500100056,2020년 9월 15일 06시,화요일,제주특별자치도 제주시 노형동,경상사고,0,0,1,0,차대차 - 측면충돌,안전운전불이행,건조,맑음,단일로 - 기타,승용,여,32세,기타불명,기타불명,남,48세,상해없음
2020091500100071,2020년 9월 15일 07시,화요일,제주특별자치도 제주시 아라일동,경상사고,0,0,1,0,차대차 - 측면충돌,안전운전불이행,건조,맑음,단일로 - 기타,승용,여,33세,상해없음,승용,남,30세,상해없음
2020091500100105,2020년 9월 15일 08시,화요일,제주특별자치도 서귀포시 남원읍,경상사고,0,0,1,0,차대차 - 측면충돌,안전운전불이행,건조,맑음,교차로 - 교차로부근,기타불명,기타불명,미분류,기타불명,이륜,남,83세,경상
2020091500100232,2020년 9월 15일 12시,화요일,제주특별자치도 제주시 용강동,경상사고,0,0,6,1,차대차 - 추돌,안전거리미확보,건조,맑음,단일로 - 기타,승용,여,27세,경상,승용,남,44세,상해없음
2020091500100268,2020년 9월 15일 13시,화요일,제주특별자치도 제주시 연동,부상신고사고,0,0,0,1,차대사람 - 횡단중,안전운전불이행,건조,흐림,교차로 - 교차로안,승용,남,66세,상해없음,보행자,남,61세,부상신고
2020091500100308,2020년 9월 15일 14시,화요일,제주특별자치도 제주시 화북일동,경상사고,0,0,1,0,차대사람 - 기타,안전운전불이행,건조,맑음,단일로 - 기타,승용,남,61세,상해없음,보행자,여,30세,경상
2020091500100309,2020년 9월 15일 14시,화요일,제주특별자치도 제주시 노형동,중상사고,0,1,0,0,차대차 - 기타,직진우회전진행방해,건조,맑음,교차로 - 교차로안,승용,남,35세,상해없음,이륜,남,45세,중상
2020091500100343,2020년 9월 15일 15시,화요일,제주특별자치도 서귀포시 성산읍,경상사고,0,0,1,0,차대차 - 측면충돌,안전거리미확보,건조,맑음,교차로 - 교차로안,승용,여,26세,상해없음,이륜,남,26세,경상
2020091500100458,2020년 9월 15일 18시,화요일,제주특별자치도 서귀포시 안덕면,중상사고,0,1,2,0,차대차 - 추돌,안전운전불이행,건조,맑음,단일로 - 기타,화물,남,74세,상해없음,승용,남,28세,경상
2020091500100459,2020년 9월 15일 18시,화요일,제주특별자치도 서귀포시 서홍동,경상사고,0,0,1,0,차대차 - 측면충돌,안전운전불이행,건조,흐림,단일로 - 기타,승용,남,62세,상해없음,승용,남,30세,경상
2020091500100499,2020년 9월 15일 19시,화요일,제주특별자치도 서귀포시 서귀동,경상사고,0,0,1,0,차대차 - 기타,기타,건조,맑음,교차로 - 교차로안,승용,남,53세,상해없음,승용,여,52세,경상
2020091500100500,2020년 9월 15일 19시,화요일,제주특별자치도 제주시 용담이동,경상사고,0,0,2,0,차대차 - 기타,안전거리미확보,건조,맑음,단일로 - 기타,승용,남,52세,상해없음,승용,여,24세,경상
2020091500100529,2020년 9월 15일 20시,화요일,제주특별자치도 서귀포시 대정읍,사망사고,1,0,0,0,차대사람 - 횡단중,안전운전불이행,건조,기타,교차로 - 교차로안,승용,남,79세,상해없음,보행자,남,53세,사망
2020091500100530,2020년 9월 15일 20시,화요일,제주특별자치도 제주시 애월읍,중상사고,0,1,0,0,차대사람 - 횡단중,안전운전불이행,건조,기타,교차로 - 교차로안,승용,여,51세,상해없음,보행자,남,61세,중상
2020091600100026,2020년 9월 16일 03시,수요일,제주특별자치도 제주시 한경면,중상사고,0,1,1,0,차량단독 - 기타,안전운전불이행,건조,맑음,단일로 - 기타,승용,남,16세,경상,,,,
2020091600100099,2020년 9월 16일 08시,수요일,제주특별자치도 서귀포시 상효동,중상사고,0,1,0,0,차량단독 - 공작물충돌,안전운전불이행,젖음/습기,비,단일로 - 기타,화물,여,72세,중상,,,,
2020091600100176,2020년 9월 16일 10시,수요일,제주특별자치도 제주시 노형동,중상사고,0,1,0,0,차대사람 - 차도통행중,안전운전불이행,젖음/습기,흐림,교차로 - 교차로부근,승용,남,46세,상해없음,보행자,여,58세,중상
2020091600100203,2020년 9월 16일 11시,수요일,제주특별자치도 서귀포시 서귀동,부상신고사고,0,0,0,1,차대차 - 측면충돌,안전운전불이행,건조,맑음,교차로 - 교차로안,승용,남,65세,부상신고,화물,남,59세,상해없음
2020091600100204,2020년 9월 16일 11시,수요일,제주특별자치도 서귀포시 서귀동,경상사고,0,0,1,0,차대차 - 기타,중앙선침범,젖음/습기,비,단일로 - 기타,승용,여,53세,상해없음,승용,남,54세,상해없음
2020091600100205,2020년 9월 16일 11시,수요일,제주특별자치도 서귀포시 동홍동,경상사고,0,0,2,0,차대차 - 기타,안전운전불이행,젖음/습기,비,기타 - 기타,승용,여,55세,상해없음,승용,여,50세,경상
2020091600100206,2020년 9월 16일 11시,수요일,제주특별자치도 서귀포시 법환동,경상사고,0,0,1,0,차대차 - 측면충돌,직진우회전진행방해,젖음/습기,비,교차로 - 교차로안,승합,여,55세,상해없음,승용,남,28세,경상
2020091600100253,2020년 9월 16일 13시,수요일,제주특별자치도 제주시 한경면,경상사고,0,0,1,0,차대차 - 기타,중앙선침범,건조,흐림,단일로 - 기타,승용,남,50세,상해없음,승용,여,60세,경상
2020091600100392,2020년 9월 16일 17시,수요일,제주특별자치도 제주시 삼양이동,중상사고,0,1,0,0,차대사람 - 기타,안전운전불이행,건조,맑음,교차로 - 교차로부근,승용,남,37세,상해없음,보행자,여,67세,중상
2020091600100429,2020년 9월 16일 18시,수요일,제주특별자치도 제주시 삼양이동,경상사고,0,0,1,0,차대차 - 기타,안전운전불이행,젖음/습기,비,단일로 - 기타,화물,남,21세,상해없음,이륜,남,32세,경상
2020091600100477,2020년 9월 16일 19시,수요일,제주특별자치도 제주시 아라이동,경상사고,0,0,1,0,차대차 - 기타,안전운전불이행,건조,맑음,교차로 - 교차로안,자전거,남,63세,경상,승용,여,28세,상해없음
2020091600100478,2020년 9월 16일 19시,수요일,제주특별자치도 서귀포시 서귀동,경상사고,0,0,1,0,차대차 - 측면충돌,직진우회전진행방해,건조,맑음,교차로 - 교차로안,이륜,남,28세,경상,승용,남,49세,상해없음
2020091600100509,2020년 9월 16일 20시,수요일,제주특별자치도 제주시 아라일동,경상사고,0,0,1,0,차대차 - 기타,직진우회전진행방해,젖음/습기,비,교차로 - 교차로안,이륜,남,41세,경상,승용,남,52세,상해없음
2020091600100510,2020년 9월 16일 20시,수요일,제주특별자치도 제주시 노형동,중상사고,0,1,0,0,차대차 - 기타,안전거리미확보,건조,맑음,단일로 - 기타,승용,남,44세,상해없음,이륜,남,34세,중상
2020091700100014,2020년 9월 17일 01시,목요일,제주특별자치도 제주시 삼도일동,경상사고,0,0,1,0,차대사람 - 기타,안전운전불이행,건조,맑음,교차로 - 교차로부근,승용,여,37세,상해없음,보행자,남,42세,경상
2020091700100109,2020년 9월 17일 08시,목요일,제주특별자치도 제주시 애월읍,부상신고사고,0,0,0,1,차대차 - 정면충돌,안전운전불이행,젖음/습기,흐림,교차로 - 교차로안,승용,여,35세,부상신고,승용,여,36세,상해없음
2020091700100193,2020년 9월 17일 11시,목요일,제주특별자치도 서귀포시 대정읍,중상사고,0,1,0,0,차대사람 - 기타,안전운전불이행,건조,맑음,주차장 - 주차장,승용,남,35세,상해없음,보행자,여,32세,중상
2020091700100194,2020년 9월 17일 11시,목요일,제주특별자치도 제주시 이호이동,경상사고,0,0,1,1,차대차 - 측면충돌,안전운전불이행,건조,맑음,교차로 - 교차로안,화물,여,57세,부상신고,승용,여,60세,경상
2020091700100289,2020년 9월 17일 14시,목요일,제주특별자치도 서귀포시 안덕면,경상사고,0,0,1,0,차량단독 - 기타,안전운전불이행,젖음/습기,맑음,단일로 - 기타,화물,남,55세,경상,,,,
2020091700100318,2020년 9월 17일 15시,목요일,제주특별자치도 제주시 아라이동,경상사고,0,0,1,0,차대사람 - 보도통행중,안전운전불이행,건조,맑음,기타 - 기타,기타불명,기타불명,미분류,기타불명,보행자,남,13세,경상
2020091700100319,2020년 9월 17일 15시,목요일,제주특별자치도 제주시 노형동,경상사고,0,0,1,0,차대차 - 기타,안전운전불이행,젖음/습기,비,교차로 - 교차로부근,승용,남,49세,상해없음,이륜,남,51세,경상
2020091700100358,2020년 9월 17일 16시,목요일,제주특별자치도 제주시 구좌읍,중상사고,0,1,2,0,차대차 - 정면충돌,안전운전불이행,젖음/습기,비,단일로 - 기타,승용,남,66세,상해없음,승용,남,43세,경상
2020091700100545,2020년 9월 17일 21시,목요일,제주특별자치도 제주시 오라일동,경상사고,0,0,1,0,차대차 - 정면충돌,신호위반,젖음/습기,비,교차로 - 교차로안,승용,여,19세,상해없음,승용,여,61세,경상
2020091700100546,2020년 9월 17일 21시,목요일,제주특별자치도 제주시 영평동,중상사고,0,1,0,0,차대차 - 기타,중앙선침범,젖음/습기,비,단일로 - 기타,승용,남,43세,상해없음,원동기,남,25세,중상
2020091700100582,2020년 9월 17일 22시,목요일,제주특별자치도 제주시 삼도일동,경상사고,0,0,1,0,차대차 - 기타,안전거리미확보,젖음/습기,비,단일로 - 기타,승용,남,35세,상해없음,승합,남,53세,경상
2020091700100599,2020년 9월 17일 23시,목요일,제주특별자치도 서귀포시 동홍동,경상사고,0,0,1,0,차대차 - 추돌,안전거리미확보,젖음/습기,흐림,단일로 - 기타,승용,남,42세,상해없음,승용,남,52세,상해없음
2020091800100058,2020년 9월 18일 06시,금요일,제주특별자치도 서귀포시 대정읍,중상사고,0,1,1,0,차량단독 - 기타,안전운전불이행,젖음/습기,비,단일로 - 기타,원동기,남,16세,중상,,,,
2020091800100078,2020년 9월 18일 07시,금요일,제주특별자치도 제주시 외도일동,경상사고,0,0,1,0,차대차 - 측면충돌,직진우회전진행방해,건조,맑음,교차로 - 교차로안,승용,여,49세,상해없음,승용,여,35세,경상
2020091800100219,2020년 9월 18일 11시,금요일,제주특별자치도 제주시 조천읍,경상사고,0,0,1,0,차대차 - 측면충돌,직진우회전진행방해,젖음/습기,흐림,교차로 - 교차로안,승용,여,38세,경상,승용,남,31세,상해없음
2020091800100220,2020년 9월 18일 11시,금요일,제주특별자치도 제주시 용담이동,경상사고,0,0,1,0,차대차 - 추돌,안전운전불이행,젖음/습기,흐림,교차로 - 교차로부근,승용,여,52세,상해없음,화물,남,52세,경상
2020091800100336,2020년 9월 18일 14시,금요일,제주특별자치도 제주시 노형동,경상사고,0,0,1,0,차대차 - 측면충돌,안전운전불이행,건조,맑음,교차로 - 교차로안,이륜,남,36세,경상,승용,남,41세,상해없음
2020091800100442,2020년 9월 18일 16시,금요일,제주특별자치도 제주시 오라일동,경상사고,0,0,1,0,차대사람 - 횡단중,보행자보호의무위반,건조,맑음,단일로 - 기타,승용,여,57세,상해없음,보행자,여,17세,경상
2020091800100548,2020년 9월 18일 18시,금요일,제주특별자치도 제주시 이도이동,경상사고,0,0,1,0,차대차 - 측면충돌,신호위반,건조,맑음,교차로 - 교차로안,승용,여,23세,상해없음,승용,여,41세,경상
2020091800100549,2020년 9월 18일 18시,금요일,제주특별자치도 서귀포시 성산읍,경상사고,0,0,1,0,차대차 - 추돌,안전운전불이행,건조,기타,기타 - 기타,승용,남,35세,상해없음,승용,남,45세,경상
2020091800100641,2020년 9월 18일 20시,금요일,제주특별자치도 제주시 용담이동,경상사고,0,0,1,0,차대차 - 기타,안전거리미확보,건조,맑음,단일로 - 기타,승용,여,28세,상해없음,승용,남,34세,경상
2020091900100052,2020년 9월 19일 04시,토요일,제주특별자치도 제주시 용담일동,경상사고,0,0,1,0,차대차 - 기타,교차로운행방법위반,건조,맑음,교차로 - 교차로안,화물,남,71세,경상,승용,남,64세,상해없음
2020091900100053,2020년 9월 19일 04시,토요일,제주특별자치도 서귀포시 호근동,중상사고,0,1,0,0,차량단독 - 공작물충돌,안전운전불이행,건조,기타,단일로 - 기타,화물,남,65세,중상,,,,
2020091900100066,2020년 9월 19일 05시,토요일,제주특별자치도 제주시 도련일동,중상사고,0,1,0,0,차대차 - 정면충돌,신호위반,건조,맑음,교차로 - 교차로안,승용,여,44세,상해없음,승용,여,59세,중상
2020091900100198,2020년 9월 19일 10시,토요일,제주특별자치도 제주시 구좌읍,경상사고,0,0,2,0,차대차 - 후진중충돌,안전운전불이행,건조,맑음,단일로 - 기타,화물,남,64세,상해없음,승용,여,27세,경상
2020091900100251,2020년 9월 19일 11시,토요일,제주특별자치도 서귀포시 동홍동,중상사고,0,1,0,0,차대차 - 측면충돌,안전운전불이행,건조,맑음,교차로 - 교차로부근,승용,남,57세,상해없음,승용,남,43세,중상
2020091900100299,2020년 9월 19일 12시,토요일,제주특별자치도 제주시 애월읍,경상사고,0,0,1,0,차대차 - 측면충돌,신호위반,건조,맑음,교차로 - 교차로안,화물,남,76세,상해없음,승용,남,49세,경상
2020091900100341,2020년 9월 19일 13시,토요일,제주특별자치도 서귀포시 안덕면,경상사고,0,0,1,0,차대차 - 측면충돌,안전운전불이행,건조,맑음,교차로 - 교차로안,승용,남,29세,경상,승용,여,27세,상해없음
2020091900100342,2020년 9월 19일 13시,토요일,제주특별자치도 제주시 애월읍,중상사고,0,1,2,0,차대차 - 측면충돌,교차로운행방법위반,건조,맑음,교차로 - 교차로안,승용,남,48세,경상,승용,여,54세,중상
2020091900100439,2020년 9월 19일 15시,토요일,제주특별자치도 서귀포시 중문동,경상사고,0,0,1,0,차대차 - 추돌,안전운전불이행,건조,맑음,단일로 - 기타,승용,여,33세,상해없음,승용,여,48세,경상
2020091900100530,2020년 9월 19일 17시,토요일,제주특별자치도 제주시 조천읍,경상사고,0,0,3,0,차대차 - 추돌,안전운전불이행,건조,맑음,기타 - 기타,승용,남,35세,상해없음,승용,남,30세,경상
2020091900100643,2020년 9월 19일 20시,토요일,제주특별자치도 제주시 한림읍,경상사고,0,0,2,0,차대차 - 추돌,안전운전불이행,건조,맑음,단일로 - 기타,승용,남,52세,상해없음,승용,남,34세,경상
2020091900100672,2020년 9월 19일 21시,토요일,제주특별자치도 제주시 이호이동,경상사고,0,0,4,0,차대차 - 기타,신호위반,건조,맑음,교차로 - 교차로안,승용,남,40세,상해없음,승용,남,50세,경상
2020092000100048,2020년 9월 20일 03시,일요일,제주특별자치도 서귀포시 대정읍,경상사고,0,0,1,0,차량단독 - 기타,안전운전불이행,건조,맑음,단일로 - 기타,승용,남,24세,경상,,,,
2020092000100160,2020년 9월 20일 11시,일요일,제주특별자치도 제주시 한림읍,중상사고,0,2,0,1,차대차 - 측면충돌,과속,건조,맑음,교차로 - 교차로안,승용,남,19세,중상,화물,남,70세,중상
2020092000100161,2020년 9월 20일 11시,일요일,제주특별자치도 제주시 연동,부상신고사고,0,0,0,5,차대차 - 기타,직진우회전진행방해,건조,맑음,교차로 - 교차로안,승용,남,47세,부상신고,승용,여,40세,부상신고
2020092000100232,2020년 9월 20일 13시,일요일,제주특별자치도 제주시 건입동,부상신고사고,0,0,0,1,차대사람 - 횡단중,안전운전불이행,건조,맑음,단일로 - 기타,기타불명,기타불명,미분류,기타불명,보행자,남,21세,부상신고
2020092000100233,2020년 9월 20일 13시,일요일,제주특별자치도 제주시 외도일동,경상사고,0,0,1,0,차대차 - 측면충돌,직진우회전진행방해,건조,맑음,교차로 - 교차로안,승용,여,26세,기타불명,승용,여,42세,경상
2020092000100274,2020년 9월 20일 14시,일요일,제주특별자치도 제주시 화북일동,경상사고,0,0,1,0,차대차 - 측면충돌,교차로운행방법위반,건조,맑음,교차로 - 교차로안,승용,남,29세,상해없음,승용,남,62세,경상
2020092000100275,2020년 9월 20일 14시,일요일,제주특별자치도 서귀포시 토평동,경상사고,0,0,1,0,차대차 - 기타,안전운전불이행,건조,맑음,단일로 - 기타,승용,남,73세,상해없음,자전거,남,50세,경상
2020092000100349,2020년 9월 20일 16시,일요일,제주특별자치도 제주시 조천읍,경상사고,0,0,1,0,차대차 - 기타,안전운전불이행,건조,맑음,단일로 - 기타,승용,여,19세,상해없음,자전거,남,78세,경상
2020092000100350,2020년 9월 20일 16시,일요일,제주특별자치도 제주시 도남동,경상사고,0,0,1,0,차대차 - 기타,교차로운행방법위반,기타,맑음,교차로 - 교차로부근,승용,여,46세,상해없음,승용,남,44세,상해없음
2020092000100351,2020년 9월 20일 16시,일요일,제주특별자치도 제주시 한림읍,중상사고,0,1,0,0,차대차 - 측면충돌,기타,건조,맑음,교차로 - 교차로안,승용,여,55세,상해없음,사륜오토바이(ATV),여,57세,중상
2020092000100352,2020년 9월 20일 16시,일요일,제주특별자치도 제주시 연동,부상신고사고,0,0,0,3,차대차 - 측면충돌,직진우회전진행방해,건조,맑음,교차로 - 교차로안,승용,남,62세,상해없음,승용,여,61세,부상신고
2020092000100418,2020년 9월 20일 18시,일요일,제주특별자치도 제주시 용담일동,부상신고사고,0,0,0,1,차대차 - 측면충돌,안전운전불이행,건조,맑음,단일로 - 기타,이륜,남,74세,부상신고,승용,여,32세,상해없음
2020092100100041,2020년 9월 21일 05시,월요일,제주특별자치도 제주시 연동,경상사고,0,0,1,2,차대차 - 측면충돌,안전거리미확보,건조,기타,단일로 - 기타,승용,남,65세,경상,승용,남,29세,상해없음
2020092100100078,2020년 9월 21일 07시,월요일,제주특별자치도 제주시 애월읍,부상신고사고,0,0,0,3,차대차 - 추돌,안전거리미확보,건조,맑음,단일로 - 기타,승용,여,27세,부상신고,승용,남,31세,부상신고