사고번호,사고일시,요일,시군구,사고내용,사망자수,중상자수,경상자수,부상신고자수,사고유형,법규위반,노면상태,기상상태,도로형태,가해운전자 차종,가해운전자 성별,가해운전자 연령,가해운전자 상해정도,피해운전자 차종,피해운전자 성별,피해운전자 연령,피해운전자 상해정도
2020100900100167,2020년 10월 9일 10시,금요일,제주특별자치도 서귀포시 남원읍,중상사고,0,2,0,0,차대차 - 기타,직진우회전진행방해,건조,맑음,교차로 - 교차로안,승용,남,23세,중상,화물,남,40세,중상
2020100900100197,2020년 10월 9일 11시,금요일,제주특별자치도 제주시 애월읍,경상사고,0,0,1,0,차대차 - 기타,안전거리미확보,건조,맑음,단일로 - 기타,화물,남,48세,상해없음,승용,여,23세,경상
2020100900100231,2020년 10월 9일 12시,금요일,제주특별자치도 제주시 연동,경상사고,0,0,1,0,차대차 - 측면충돌,교차로운행방법위반,건조,맑음,교차로 - 교차로안,승용,남,35세,상해없음,자전거,남,10세,경상
2020100900100271,2020년 10월 9일 13시,금요일,제주특별자치도 제주시 삼양이동,중상사고,0,1,0,0,차대차 - 측면충돌,안전운전불이행,건조,맑음,교차로 - 교차로안,승용,여,38세,상해없음,이륜,남,50세,중상
2020100900100272,2020년 10월 9일 13시,금요일,제주특별자치도 서귀포시 서홍동,중상사고,0,1,2,0,차대차 - 추돌,안전운전불이행,건조,맑음,교차로 - 교차로부근,승용,남,27세,상해없음,승용,여,62세,상해없음
2020100900100327,2020년 10월 9일 15시,금요일,제주특별자치도 서귀포시 남원읍,경상사고,0,0,1,0,차대차 - 기타,직진우회전진행방해,건조,맑음,교차로 - 교차로안,화물,남,52세,상해없음,화물,여,33세,경상
2020100900100438,2020년 10월 9일 18시,금요일,제주특별자치도 제주시 이도이동,중상사고,0,1,0,0,차대사람 - 기타,안전운전불이행,건조,맑음,단일로 - 기타,승용,여,40세,상해없음,보행자,여,58세,중상
2020100900100486,2020년 10월 9일 19시,금요일,제주특별자치도 서귀포시 성산읍,경상사고,0,0,1,0,차대차 - 정면충돌,안전운전불이행,건조,맑음,단일로 - 기타,승용,남,30세,상해없음,이륜,남,22세,경상
2020100900100487,2020년 10월 9일 19시,금요일,제주특별자치도 서귀포시 서홍동,경상사고,0,0,2,0,차대차 - 후진중충돌,안전운전불이행,건조,맑음,교차로 - 교차로부근,승용,남,56세,상해없음,승용,남,31세,경상
2020100900100488,2020년 10월 9일 19시,금요일,제주특별자치도 제주시 노형동,경상사고,0,0,1,0,차대차 - 측면충돌,안전거리미확보,건조,맑음,단일로 - 기타,화물,남,29세,상해없음,승용,남,64세,상해없음
2020101000100042,2020년 10월 10일 03시,토요일,제주특별자치도 서귀포시 신효동,중상사고,0,2,2,1,차대차 - 측면충돌,직진우회전진행방해,건조,맑음,교차로 - 교차로안,승용,남,58세,부상신고,승용,여,76세,경상
2020101000100103,2020년 10월 10일 08시,토요일,제주특별자치도 서귀포시 표선면,사망사고,1,0,0,0,차량단독 - 공작물충돌,안전운전불이행,건조,맑음,교차로 - 교차로부근,화물,남,56세,사망,,,,
2020101000100273,2020년 10월 10일 13시,토요일,제주특별자치도 제주시 용담삼동,경상사고,0,0,2,0,차대차 - 기타,안전운전불이행,건조,맑음,단일로 - 기타,화물,남,50세,상해없음,승용,여,50세,경상
2020101000100311,2020년 10월 10일 14시,토요일,제주특별자치도 제주시 연동,경상사고,0,0,1,0,차대차 - 측면충돌,안전운전불이행,건조,맑음,단일로 - 기타,승용,여,48세,상해없음,자전거,남,35세,경상
2020101000100349,2020년 10월 10일 15시,토요일,제주특별자치도 서귀포시 중문동,부상신고사고,0,0,0,1,차대차 - 기타,안전운전불이행,건조,맑음,교차로 - 교차로부근,이륜,남,27세,부상신고,승용,남,30세,상해없음
2020101000100395,2020년 10월 10일 16시,토요일,제주특별자치도 제주시 조천읍,경상사고,0,0,1,0,차대차 - 측면충돌,중앙선침범,건조,맑음,단일로 - 기타,승용,남,33세,상해없음,자전거,여,46세,경상
2020101000100477,2020년 10월 10일 18시,토요일,제주특별자치도 서귀포시 대정읍,중상사고,0,1,0,0,차대차 - 추돌,안전운전불이행,건조,기타,단일로 - 기타,화물,남,85세,상해없음,자전거,남,85세,중상
2020101000100511,2020년 10월 10일 19시,토요일,제주특별자치도 제주시 노형동,경상사고,0,0,1,0,차대차 - 추돌,안전운전불이행,건조,맑음,교차로 - 교차로부근,승용,여,56세,상해없음,승용,여,44세,경상
2020101100100024,2020년 10월 11일 01시,일요일,제주특별자치도 제주시 노형동,경상사고,0,0,1,0,차대차 - 추돌,직진우회전진행방해,건조,맑음,교차로 - 교차로안,승용,남,57세,상해없음,승용,남,19세,경상
2020101100100059,2020년 10월 11일 05시,일요일,제주특별자치도 제주시 연동,사망사고,1,0,0,0,차대사람 - 기타,안전운전불이행,건조,맑음,단일로 - 기타,승용,남,23세,상해없음,보행자,여,33세,사망
2020101100100080,2020년 10월 11일 08시,일요일,제주특별자치도 제주시 용강동,중상사고,0,2,0,0,차대차 - 기타,교차로운행방법위반,건조,맑음,교차로 - 교차로부근,화물,남,44세,상해없음,승용,남,22세,중상
2020101100100196,2020년 10월 11일 13시,일요일,제주특별자치도 서귀포시 대정읍,중상사고,0,1,0,0,차대차 - 기타,중앙선침범,건조,맑음,단일로 - 기타,화물,여,72세,상해없음,승용,여,47세,중상
2020101100100223,2020년 10월 11일 14시,일요일,제주특별자치도 제주시 오라이동,경상사고,0,0,3,0,차대차 - 기타,신호위반,건조,맑음,교차로 - 교차로안,승용,여,38세,경상,승합,여,47세,경상
2020101100100224,2020년 10월 11일 14시,일요일,제주특별자치도 서귀포시 성산읍,부상신고사고,0,0,0,1,차대사람 - 기타,안전운전불이행,건조,맑음,단일로 - 기타,승용,남,32세,상해없음,보행자,여,81세,부상신고
2020101100100225,2020년 10월 11일 14시,일요일,제주특별자치도 서귀포시 대정읍,경상사고,0,0,1,0,차대사람 - 기타,안전운전불이행,건조,맑음,교차로 - 교차로안,승용,여,79세,상해없음,보행자,남,54세,경상
2020101100100264,2020년 10월 11일 15시,일요일,제주특별자치도 서귀포시 표선면,사망사고,1,0,0,0,차대차 - 측면충돌,직진우회전진행방해,건조,맑음,교차로 - 교차로안,농기계,남,59세,상해없음,이륜,남,53세,사망
2020101100100364,2020년 10월 11일 18시,일요일,제주특별자치도 제주시 삼도이동,경상사고,0,0,1,0,차대사람 - 횡단중,안전운전불이행,건조,맑음,교차로 - 교차로부근,승용,남,63세,상해없음,보행자,남,75세,경상
2020101100100365,2020년 10월 11일 18시,일요일,제주특별자치도 제주시 애월읍,경상사고,0,0,1,1,차대차 - 측면충돌,교차로운행방법위반,건조,맑음,교차로 - 교차로안,승용,남,62세,상해없음,승용,남,73세,부상신고
2020101100100454,2020년 10월 11일 21시,일요일,제주특별자치도 제주시 노형동,경상사고,0,0,1,0,차대차 - 추돌,안전운전불이행,건조,맑음,교차로 - 교차로부근,승용,남,50세,상해없음,승용,남,25세,상해없음
2020101100100469,2020년 10월 11일 23시,일요일,제주특별자치도 제주시 도평동,경상사고,0,0,1,0,차대차 - 추돌,안전운전불이행,건조,맑음,단일로 - 기타,승용,남,39세,상해없음,승용,남,46세,경상
2020101200100008,2020년 10월 12일 00시,월요일,제주특별자치도 제주시 연동,경상사고,0,0,2,0,차대사람 - 차도통행중,안전운전불이행,건조,맑음,단일로 - 기타,승용,남,45세,상해없음,보행자,남,20세,경상
2020101200100057,2020년 10월 12일 06시,월요일,제주특별자치도 제주시 아라이동,중상사고,0,1,0,0,차대차 - 측면충돌,차로위반,건조,맑음,단일로 - 기타,승용,남,61세,상해없음,이륜,남,64세,중상
2020101200100170,2020년 10월 12일 09시,월요일,제주특별자치도 제주시 용강동,경상사고,0,0,1,0,차대차 - 측면충돌,안전운전불이행,건조,맑음,단일로 - 기타,화물,남,50세,상해없음,승용,여,22세,상해없음
2020101200100171,2020년 10월 12일 09시,월요일,제주특별자치도 서귀포시 서호동,경상사고,0,0,1,0,차대차 - 측면충돌,교차로운행방법위반,건조,맑음,교차로 - 교차로안,화물,남,62세,상해없음,승용,여,61세,경상
2020101200100352,2020년 10월 12일 14시,월요일,제주특별자치도 제주시 화북이동,부상신고사고,0,0,0,1,차대차 - 측면충돌,안전운전불이행,건조,맑음,단일로 - 기타,이륜,남,41세,부상신고,화물,남,32세,상해없음
2020101200100353,2020년 10월 12일 14시,월요일,제주특별자치도 서귀포시 동홍동,경상사고,0,0,1,0,차대차 - 기타,직진우회전진행방해,건조,맑음,교차로 - 교차로부근,승용,여,44세,상해없음,승용,여,39세,경상
2020101200100408,2020년 10월 12일 15시,월요일,제주특별자치도 제주시 이도이동,경상사고,0,0,1,0,차대사람 - 길가장자리구역통행중,신호위반,건조,맑음,단일로 - 기타,특수,남,46세,상해없음,보행자,남,35세,경상
2020101200100409,2020년 10월 12일 15시,월요일,제주특별자치도 서귀포시 동홍동,경상사고,0,0,4,0,차대차 - 정면충돌,신호위반,건조,맑음,교차로 - 교차로안,승용,여,31세,상해없음,승용,남,33세,경상
2020101200100410,2020년 10월 12일 15시,월요일,제주특별자치도 제주시 연동,경상사고,0,0,2,0,차대차 - 측면충돌,안전거리미확보,건조,맑음,교차로 - 교차로안,승용,여,56세,상해없음,화물,남,34세,경상
2020101200100499,2020년 10월 12일 17시,월요일,제주특별자치도 서귀포시 동홍동,경상사고,0,0,1,0,차대사람 - 기타,안전운전불이행,건조,맑음,기타 - 기타,승합,여,42세,상해없음,보행자,남,79세,경상
2020101200100562,2020년 10월 12일 18시,월요일,제주특별자치도 제주시 구좌읍,경상사고,0,0,1,0,차대차 - 기타,안전거리미확보,건조,맑음,단일로 - 기타,이륜,남,17세,상해없음,승용,여,31세,경상
2020101200100563,2020년 10월 12일 18시,월요일,제주특별자치도 제주시 애월읍,중상사고,0,1,0,0,차대사람 - 차도통행중,안전운전불이행,건조,맑음,단일로 - 기타,승용,남,44세,상해없음,보행자,남,63세,중상
2020101200100564,2020년 10월 12일 18시,월요일,제주특별자치도 제주시 애월읍,경상사고,0,0,2,0,차대차 - 측면충돌,직진우회전진행방해,건조,맑음,교차로 - 교차로안,승용,남,58세,상해없음,승용,여,37세,경상
2020101200100680,2020년 10월 12일 22시,월요일,제주특별자치도 제주시 연동,경상사고,0,0,2,0,차대차 - 기타,안전거리미확보,건조,맑음,단일로 - 기타,승용,남,23세,경상,승용,남,63세,상해없음
2020101300100006,2020년 10월 13일 00시,화요일,제주특별자치도 서귀포시 대정읍,경상사고,0,0,1,0,차량단독 - 공작물충돌,안전운전불이행,건조,맑음,단일로 - 기타,승용,남,45세,경상,,,,
2020101300100113,2020년 10월 13일 08시,화요일,제주특별자치도 서귀포시 남원읍,중상사고,0,5,18,0,차대차 - 정면충돌,중앙선침범,건조,맑음,단일로 - 기타,승용,남,63세,중상,승합,남,63세,경상
2020101300100144,2020년 10월 13일 09시,화요일,제주특별자치도 서귀포시 서호동,중상사고,0,1,0,0,차대차 - 추돌,안전운전불이행,건조,맑음,단일로 - 기타,승용,남,47세,상해없음,승용,여,35세,상해없음
2020101300100179,2020년 10월 13일 10시,화요일,제주특별자치도 제주시 조천읍,경상사고,0,0,1,0,차대차 - 추돌,안전운전불이행,건조,맑음,단일로 - 기타,승용,남,28세,상해없음,승용,남,48세,경상
2020101300100180,2020년 10월 13일 10시,화요일,제주특별자치도 제주시 화북이동,경상사고,0,0,1,0,차대차 - 측면충돌,차로위반,건조,맑음,단일로 - 기타,승용,여,25세,상해없음,화물,남,29세,경상
2020101300100181,2020년 10월 13일 10시,화요일,제주특별자치도 제주시 연동,경상사고,0,0,2,0,차대차 - 기타,중앙선침범,건조,맑음,단일로 - 기타,이륜,남,19세,경상,승용,남,21세,경상
2020101300100218,2020년 10월 13일 11시,화요일,제주특별자치도 제주시 애월읍,경상사고,0,0,1,0,차량단독 - 공작물충돌,안전운전불이행,건조,맑음,단일로 - 기타,승용,여,49세,경상,,,,
2020101300100251,2020년 10월 13일 12시,화요일,제주특별자치도 제주시 이도일동,경상사고,0,0,1,0,차대차 - 측면충돌,차로위반,건조,맑음,단일로 - 기타,승용,여,56세,상해없음,승용,남,63세,경상
2020101300100252,2020년 10월 13일 12시,화요일,제주특별자치도 서귀포시 표선면,중상사고,0,1,0,0,차대차 - 기타,안전운전불이행,건조,맑음,교차로 - 교차로안,승용,남,29세,상해없음,승용,남,44세,중상
2020101300100324,2020년 10월 13일 14시,화요일,제주특별자치도 제주시 건입동,경상사고,0,0,1,0,차대차 - 기타,안전운전불이행,건조,맑음,단일로 - 기타,건설기계,남,46세,상해없음,화물,남,49세,경상
2020101300100325,2020년 10월 13일 14시,화요일,제주특별자치도 제주시 용담이동,경상사고,0,0,1,0,차대차 - 추돌,안전거리미확보,건조,맑음,교차로 - 교차로부근,승용,남,55세,상해없음,승용,남,53세,경상
2020101300100368,2020년 10월 13일 15시,화요일,제주특별자치도 제주시 애월읍,경상사고,0,0,2,0,차대차 - 측면충돌,신호위반,건조,맑음,교차로 - 교차로안,승용,남,72세,상해없음,승용,남,25세,경상
2020101300100407,2020년 10월 13일 16시,화요일,제주특별자치도 제주시 아라이동,경상사고,0,0,4,0,차대차 - 측면충돌,안전운전불이행,건조,맑음,교차로 - 교차로횡단보도내,승용,여,41세,상해없음,승용,남,54세,경상
2020101300100452,2020년 10월 13일 17시,화요일,제주특별자치도 제주시 화북이동,경상사고,0,0,2,0,차대차 - 기타,신호위반,건조,맑음,단일로 - 기타,화물,남,72세,상해없음,승용,여,40세,경상
2020101300100522,2020년 10월 13일 18시,화요일,제주특별자치도 제주시 이도일동,중상사고,0,1,0,0,차대차 - 기타,안전운전불이행,건조,맑음,단일로 - 기타,승용,남,62세,상해없음,이륜,남,60세,중상
2020101300100568,2020년 10월 13일 19시,화요일,제주특별자치도 제주시 삼도이동,경상사고,0,0,1,0,차대차 - 기타,직진우회전진행방해,건조,맑음,교차로 - 교차로안,승용,남,64세,상해없음,승용,남,48세,상해없음
2020101300100652,2020년 10월 13일 22시,화요일,제주특별자치도 서귀포시 대정읍,경상사고,0,0,2,0,차대차 - 추돌,안전운전불이행,건조,기타,단일로 - 기타,승용,여,24세,상해없음,승용,남,23세,경상
2020101400100008,2020년 10월 14일 00시,수요일,제주특별자치도 제주시 아라이동,중상사고,0,1,0,0,차대차 - 측면충돌,신호위반,건조,맑음,교차로 - 교차로안,승용,남,31세,상해없음,승용,남,68세,중상
2020101400100030,2020년 10월 14일 02시,수요일,제주특별자치도 제주시 조천읍,경상사고,0,0,2,0,차대차 - 측면충돌,신호위반,건조,맑음,교차로 - 교차로안,화물,남,60세,상해없음,승용,남,31세,경상
2020101400100082,2020년 10월 14일 07시,수요일,제주특별자치도 서귀포시 토평동,중상사고,0,1,0,0,차대사람 - 보도통행중,안전운전불이행,건조,맑음,단일로 - 기타,승용,여,64세,상해없음,보행자,여,63세,중상
2020101400100083,2020년 10월 14일 07시,수요일,제주특별자치도 제주시 노형동,경상사고,0,0,1,0,차대사람 - 횡단중,보행자보호의무위반,건조,맑음,교차로 - 교차로횡단보도내,승용,남,65세,상해없음,보행자,남,17세,경상
2020101400100118,2020년 10월 14일 08시,수요일,제주특별자치도 제주시 연동,경상사고,0,0,1,0,차대사람 - 기타,안전운전불이행,건조,맑음,단일로 - 기타,승용,남,42세,상해없음,보행자,남,36세,경상
2020101400100150,2020년 10월 14일 09시,수요일,제주특별자치도 서귀포시 안덕면,경상사고,0,0,1,0,차대사람 - 차도통행중,기타,건조,맑음,단일로 - 기타,특수,남,54세,상해없음,보행자,여,79세,경상
2020101400100151,2020년 10월 14일 09시,수요일,제주특별자치도 제주시 노형동,부상신고사고,0,0,0,1,차대차 - 추돌,안전거리미확보,건조,맑음,단일로 - 기타,승용,여,43세,상해없음,승용,남,38세,부상신고
2020101400100180,2020년 10월 14일 10시,수요일,제주특별자치도 제주시 구좌읍,중상사고,0,1,0,0,차대사람 - 기타,안전운전불이행,건조,맑음,단일로 - 기타,자전거,여,34세,상해없음,보행자,여,80세,중상
2020101400100221,2020년 10월 14일 11시,수요일,제주특별자치도 서귀포시 대정읍,경상사고,0,0,2,0,차대차 - 추돌,안전운전불이행,건조,맑음,단일로 - 기타,승용,여,24세,경상,승용,남,41세,경상
2020101400100250,2020년 10월 14일 12시,수요일,제주특별자치도 제주시 한경면,중상사고,0,1,0,0,차량단독 - 공작물충돌,안전운전불이행,건조,맑음,단일로 - 기타,승용,남,53세,상해없음,,,,
2020101400100251,2020년 10월 14일 12시,수요일,제주특별자치도 제주시 오라삼동,경상사고,0,0,2,0,차대차 - 측면충돌,교차로운행방법위반,건조,맑음,교차로 - 교차로안,승용,남,33세,경상,승용,남,68세,상해없음
2020101400100317,2020년 10월 14일 14시,수요일,제주특별자치도 제주시 연동,중상사고,0,1,0,0,차대사람 - 횡단중,보행자보호의무위반,건조,맑음,교차로 - 교차로횡단보도내,승용,남,49세,상해없음,보행자,남,19세,중상
2020101400100347,2020년 10월 14일 15시,수요일,제주특별자치도 제주시 이도이동,경상사고,0,0,1,0,차대차 - 추돌,안전거리미확보,건조,맑음,단일로 - 기타,승용,남,21세,상해없음,승용,남,56세,상해없음
2020101400100348,2020년 10월 14일 15시,수요일,제주특별자치도 제주시 애월읍,경상사고,0,0,1,0,차대차 - 추돌,안전운전불이행,건조,맑음,단일로 - 기타,승용,남,58세,상해없음,승용,여,54세,경상
2020101400100420,2020년 10월 14일 17시,수요일,제주특별자치도 제주시 삼양이동,경상사고,0,0,2,0,차대차 - 측면충돌,신호위반,건조,맑음,교차로 - 교차로안,농기계,남,63세,경상,승용,여,43세,경상
2020101400100421,2020년 10월 14일 17시,수요일,제주특별자치도 제주시 우도면,경상사고,0,0,1,0,차대사람 - 차도통행중,안전운전불이행,건조,맑음,단일로 - 기타,이륜,남,38세,상해없음,보행자,남,46세,경상
2020101400100422,2020년 10월 14일 17시,수요일,제주특별자치도 제주시 이도이동,경상사고,0,0,1,0,차대차 - 추돌,안전거리미확보,건조,맑음,교차로 - 교차로부근,승용,남,58세,상해없음,승용,남,44세,경상
2020101400100623,2020년 10월 14일 22시,수요일,제주특별자치도 제주시 연동,중상사고,0,1,1,0,차대차 - 기타,신호위반,건조,맑음,교차로 - 교차로안,승용,여,40세,상해없음,승용,남,31세,경상
2020101500100076,2020년 10월 15일 07시,목요일,제주특별자치도 제주시 조천읍,중상사고,0,2,1,0,차대차 - 추돌,과속,건조,맑음,단일로 - 기타,승용,남,30세,상해없음,화물,남,50세,중상
2020101500100077,2020년 10월 15일 07시,목요일,제주특별자치도 서귀포시 중문동,부상신고사고,0,0,0,1,차대차 - 측면충돌,직진우회전진행방해,건조,맑음,교차로 - 교차로안,승용,여,46세,부상신고,승용,남,24세,상해없음
2020101500100147,2020년 10월 15일 09시,목요일,제주특별자치도 제주시 조천읍,경상사고,0,0,6,1,차대차 - 추돌,안전운전불이행,건조,맑음,단일로 - 기타,승용,여,45세,경상,승용,남,60세,경상
2020101500100148,2020년 10월 15일 09시,목요일,제주특별자치도 제주시 한림읍,경상사고,0,0,1,1,차대차 - 정면충돌,안전운전불이행,건조,맑음,교차로 - 교차로안,화물,여,51세,부상신고,승용,여,37세,경상
2020101500100149,2020년 10월 15일 09시,목요일,제주특별자치도 제주시 연동,경상사고,0,0,1,0,차대차 - 측면충돌,안전운전불이행,건조,맑음,단일로 - 기타,승용,여,45세,기타불명,승용,남,63세,상해없음
2020101500100226,2020년 10월 15일 11시,목요일,제주특별자치도 제주시 조천읍,경상사고,0,0,1,0,차대차 - 측면충돌,안전운전불이행,건조,맑음,단일로 - 기타,이륜,남,44세,경상,이륜,남,37세,상해없음
2020101500100227,2020년 10월 15일 11시,목요일,제주특별자치도 제주시 도두일동,경상사고,0,0,2,0,차대차 - 정면충돌,직진우회전진행방해,건조,맑음,교차로 - 교차로안,승용,남,24세,상해없음,승용,남,61세,경상
2020101500100309,2020년 10월 15일 13시,목요일,제주특별자치도 제주시 한경면,중상사고,0,1,0,0,차대차 - 측면충돌,교차로운행방법위반,건조,맑음,교차로 - 교차로안,사륜오토바이(ATV),여,77세,중상,화물,남,53세,상해없음
2020101500100386,2020년 10월 15일 15시,목요일,제주특별자치도 제주시 용담일동,중상사고,0,1,0,0,차대차 - 추돌,안전운전불이행,건조,맑음,교차로 - 교차로안,승용,남,49세,상해없음,승용,여,34세,중상
2020101600100109,2020년 10월 16일 08시,금요일,제주특별자치도 제주시 한경면,경상사고,0,0,1,0,차대사람 - 기타,안전운전불이행,건조,맑음,교차로 - 교차로부근,승용,남,50세,상해없음,보행자,남,83세,경상
2020101600100136,2020년 10월 16일 09시,금요일,제주특별자치도 제주시 외도일동,경상사고,0,0,4,0,차대차 - 측면충돌,직진우회전진행방해,건조,맑음,교차로 - 교차로안,승용,남,33세,경상,승용,여,45세,경상
2020101600100159,2020년 10월 16일 10시,금요일,제주특별자치도 제주시 한림읍,경상사고,0,0,1,0,차대차 - 정면충돌,안전운전불이행,건조,맑음,단일로 - 기타,화물,남,49세,상해없음,승용,여,71세,경상
2020101600100193,2020년 10월 16일 11시,금요일,제주특별자치도 서귀포시 신효동,경상사고,0,0,3,1,차대차 - 측면충돌,안전거리미확보,건조,맑음,교차로 - 교차로안,승용,여,60세,부상신고,승용,여,30세,경상
2020101600100228,2020년 10월 16일 12시,금요일,제주특별자치도 서귀포시 안덕면,경상사고,0,0,2,0,차대차 - 기타,안전거리미확보,젖음/습기,기타,기타 - 기타,승용,여,32세,상해없음,승용,남,29세,경상
2020101600100297,2020년 10월 16일 14시,금요일,제주특별자치도 제주시 이도일동,경상사고,0,0,1,0,차대차 - 측면충돌,안전거리미확보,건조,맑음,단일로 - 기타,승용,여,66세,상해없음,승용,남,59세,경상
2020101600100373,2020년 10월 16일 16시,금요일,제주특별자치도 제주시 삼도이동,중상사고,0,1,0,0,차대사람 - 횡단중,보행자보호의무위반,건조,흐림,교차로 - 교차로횡단보도내,승용,남,68세,상해없음,보행자,여,63세,중상
2020101600100374,2020년 10월 16일 16시,금요일,제주특별자치도 제주시 애월읍,경상사고,0,0,1,0,차대차 - 기타,신호위반,젖음/습기,비,교차로 - 교차로안,승합,남,36세,상해없음,이륜,남,29세,경상
2020101600100375,2020년 10월 16일 16시,금요일,제주특별자치도 제주시 노형동,중상사고,0,2,0,0,차대차 - 측면충돌,안전거리미확보,건조,맑음,단일로 - 기타,화물,남,77세,상해없음,승용,남,26세,중상
2020101600100423,2020년 10월 16일 17시,금요일,제주특별자치도 서귀포시 토평동,경상사고,0,0,1,0,차대차 - 기타,안전운전불이행,젖음/습기,비,교차로 - 교차로안,승용,여,27세,상해없음,승용,남,44세,경상
2020101600100424,2020년 10월 16일 17시,금요일,제주특별자치도 제주시 노형동,경상사고,0,0,1,0,차대차 - 기타,안전운전불이행,건조,맑음,단일로 - 기타,승용,남,63세,상해없음,승용,남,54세,경상
2020101600100500,2020년 10월 16일 18시,금요일,제주특별자치도 제주시 한경면,부상신고사고,0,0,0,1,차량단독 - 도로외이탈 - 기타,안전운전불이행,건조,맑음,단일로 - 기타,승용,여,43세,부상신고,,,,
2020101600100501,2020년 10월 16일 18시,금요일,제주특별자치도 제주시 해안동,경상사고,0,0,1,0,차대차 - 측면충돌,안전거리미확보,젖음/습기,비,단일로 - 기타,승용,남,54세,상해없음,승용,남,45세,경상
2020101600100502,2020년 10월 16일 18시,금요일,제주특별자치도 제주시 연동,경상사고,0,0,1,0,차대사람 - 횡단중,보행자보호의무위반,젖음/습기,비,단일로 - 기타,승용,남,50세,상해없음,보행자,여,78세,경상
2020101600100593,2020년 10월 16일 20시,금요일,제주특별자치도 제주시 일도이동,경상사고,0,0,1,0,차대차 - 기타,신호위반,젖음/습기,비,교차로 - 교차로안,승용,여,61세,상해없음,승용,남,43세,상해없음
2020101600100657,2020년 10월 16일 22시,금요일,제주특별자치도 제주시 연동,경상사고,0,0,3,0,차대차 - 측면충돌,안전운전불이행,젖음/습기,비,교차로 - 교차로안,승용,여,52세,경상,승용,여,37세,경상
2020101600100679,2020년 10월 16일 23시,금요일,제주특별자치도 서귀포시 상효동,경상사고,0,0,1,0,차량단독 - 공작물충돌,안전운전불이행,젖음/습기,비,단일로 - 기타,승용,남,40세,상해없음,,,,
2020101700100219,2020년 10월 17일 11시,토요일,제주특별자치도 서귀포시 상예동,중상사고,0,1,0,0,차대차 - 기타,안전운전불이행,건조,맑음,단일로 - 기타,승용,여,65세,상해없음,이륜,남,75세,중상
2020101700100269,2020년 10월 17일 12시,토요일,제주특별자치도 서귀포시 남원읍,경상사고,0,0,4,0,차대차 - 기타,안전거리미확보,건조,맑음,단일로 - 기타,승용,남,25세,상해없음,승용,여,52세,경상
2020101700100270,2020년 10월 17일 12시,토요일,제주특별자치도 제주시 애월읍,경상사고,0,0,1,0,차대차 - 측면충돌,기타,건조,맑음,교차로 - 교차로안,이륜,남,32세,경상,화물,남,66세,상해없음
2020101700100366,2020년 10월 17일 14시,토요일,제주특별자치도 제주시 구좌읍,경상사고,0,0,1,0,차대차 - 측면충돌,교차로운행방법위반,건조,맑음,교차로 - 교차로안,승용,여,22세,상해없음,화물,남,53세,경상
2020101700100367,2020년 10월 17일 14시,토요일,제주특별자치도 제주시 구좌읍,경상사고,0,0,1,0,차대차 - 측면충돌,교차로운행방법위반,건조,맑음,교차로 - 교차로안,승용,남,69세,경상,승용,남,76세,기타불명
2020101700100401,2020년 10월 17일 15시,토요일,제주특별자치도 제주시 외도일동,경상사고,0,0,4,0,차대차 - 추돌,안전운전불이행,건조,맑음,교차로 - 교차로부근,승용,여,40세,상해없음,승용,남,42세,경상
2020101700100457,2020년 10월 17일 16시,토요일,제주특별자치도 제주시 구좌읍,경상사고,0,0,1,0,차대차 - 기타,안전거리미확보,건조,맑음,단일로 - 기타,승용,남,49세,상해없음,화물,남,72세,경상
2020101700100554,2020년 10월 17일 18시,토요일,제주특별자치도 제주시 노형동,경상사고,0,0,2,0,차대차 - 후진중충돌,안전운전불이행,건조,맑음,교차로 - 교차로부근,승용,남,64세,상해없음,승용,남,37세,경상
2020101700100616,2020년 10월 17일 19시,토요일,제주특별자치도 제주시 도남동,중상사고,0,1,0,0,차대차 - 측면충돌,중앙선침범,건조,맑음,교차로 - 교차로부근,승용,남,75세,상해없음,승용,남,40세,중상
2020101700100617,2020년 10월 17일 19시,토요일,제주특별자치도 서귀포시 강정동,중상사고,0,1,0,0,차대차 - 기타,안전운전불이행,건조,기타,교차로 - 교차로안,이륜,남,48세,중상,승용,남,33세,상해없음
2020101700100683,2020년 10월 17일 21시,토요일,제주특별자치도 제주시 조천읍,경상사고,0,0,2,0,차대차 - 추돌,안전운전불이행,건조,맑음,단일로 - 기타,승용,남,41세,상해없음,승용,남,34세,경상
2020101700100705,2020년 10월 17일 22시,토요일,제주특별자치도 서귀포시 안덕면,경상사고,0,0,1,0,차대차 - 추돌,안전운전불이행,건조,맑음,단일로 - 고가도로위,승용,남,66세,상해없음,승용,여,46세,경상
2020101800100013,2020년 10월 18일 00시,일요일,제주특별자치도 제주시 용담이동,중상사고,0,4,0,0,차대차 - 측면충돌,신호위반,건조,맑음,교차로 - 교차로안,승용,남,69세,상해없음,승용,남,42세,중상