사고번호,사고일시,요일,시군구,사고내용,사망자수,중상자수,경상자수,부상신고자수,사고유형,법규위반,노면상태,기상상태,도로형태,가해운전자 차종,가해운전자 성별,가해운전자 연령,가해운전자 상해정도,피해운전자 차종,피해운전자 성별,피해운전자 연령,피해운전자 상해정도
2020110600100644,2020년 11월 6일 23시,금요일,제주특별자치도 제주시 삼도이동,경상사고,0,0,1,0,차대차 - 추돌,안전운전불이행,건조,맑음,교차로 - 교차로부근,승용,여,50세,상해없음,승용,여,54세,경상
2020110700100133,2020년 11월 7일 09시,토요일,제주특별자치도 서귀포시 상효동,중상사고,0,1,1,0,차대차 - 기타,신호위반,건조,맑음,교차로 - 교차로안,화물,남,26세,경상,승용,남,34세,중상
2020110700100206,2020년 11월 7일 11시,토요일,제주특별자치도 서귀포시 토평동,경상사고,0,0,3,0,차대차 - 측면충돌,안전거리미확보,건조,맑음,단일로 - 기타,화물,남,57세,경상,승용,남,37세,경상
2020110700100207,2020년 11월 7일 11시,토요일,제주특별자치도 제주시 노형동,경상사고,0,0,2,0,차대차 - 기타,교차로운행방법위반,건조,맑음,교차로 - 교차로안,승용,여,51세,상해없음,승용,남,62세,상해없음
2020110700100330,2020년 11월 7일 14시,토요일,제주특별자치도 서귀포시 하원동,경상사고,0,0,1,0,차대차 - 측면충돌,직진우회전진행방해,건조,맑음,교차로 - 교차로안,이륜,남,76세,경상,승용,여,61세,상해없음
2020110700100331,2020년 11월 7일 14시,토요일,제주특별자치도 제주시 한경면,사망사고,1,0,2,0,차대차 - 기타,신호위반,건조,맑음,교차로 - 교차로안,화물,남,49세,경상,승용,남,80세,경상
2020110700100379,2020년 11월 7일 15시,토요일,제주특별자치도 제주시 조천읍,중상사고,0,1,2,0,차대차 - 추돌,안전운전불이행,건조,맑음,교차로 - 교차로부근,화물,남,55세,상해없음,승용,여,49세,경상
2020110700100425,2020년 11월 7일 16시,토요일,제주특별자치도 서귀포시 하원동,경상사고,0,0,2,2,차대차 - 정면충돌,교차로운행방법위반,건조,맑음,교차로 - 교차로안,승용,여,63세,상해없음,승용,남,48세,경상
2020110700100533,2020년 11월 7일 18시,토요일,제주특별자치도 제주시 노형동,경상사고,0,0,1,0,차대차 - 추돌,안전운전불이행,건조,맑음,교차로 - 교차로부근,승합,남,45세,상해없음,승용,여,32세,경상
2020110700100608,2020년 11월 7일 20시,토요일,제주특별자치도 서귀포시 서귀동,중상사고,0,1,0,0,차대차 - 정면충돌,안전운전불이행,건조,기타,단일로 - 기타,승용,여,55세,상해없음,이륜,남,31세,중상
2020110700100683,2020년 11월 7일 23시,토요일,제주특별자치도 제주시 오등동,부상신고사고,0,0,0,1,차량단독 - 기타,안전운전불이행,건조,맑음,단일로 - 기타,승용,여,62세,부상신고,,,,
2020110800100021,2020년 11월 8일 00시,일요일,제주특별자치도 제주시 조천읍,경상사고,0,0,1,0,차대차 - 측면충돌,교차로운행방법위반,건조,맑음,교차로 - 교차로안,승용,남,45세,상해없음,원동기,남,23세,경상
2020110800100163,2020년 11월 8일 11시,일요일,제주특별자치도 서귀포시 호근동,중상사고,0,1,0,0,차대사람 - 횡단중,보행자보호의무위반,건조,맑음,단일로 - 기타,화물,남,62세,상해없음,보행자,여,14세,중상
2020110800100226,2020년 11월 8일 13시,일요일,제주특별자치도 제주시 연동,중상사고,0,1,0,0,차대차 - 정면충돌,안전운전불이행,건조,맑음,교차로 - 교차로안,이륜,남,36세,중상,승용,여,30세,상해없음
2020110800100278,2020년 11월 8일 14시,일요일,제주특별자치도 제주시 삼도이동,경상사고,0,0,1,0,차대사람 - 횡단중,보행자보호의무위반,건조,맑음,교차로 - 교차로횡단보도내,승용,여,53세,상해없음,보행자,여,54세,경상
2020110800100279,2020년 11월 8일 14시,일요일,제주특별자치도 제주시 삼도일동,경상사고,0,0,1,0,차대차 - 측면충돌,교차로운행방법위반,건조,맑음,교차로 - 교차로안,개인형이동수단(PM),남,41세,경상,승용,여,40세,상해없음
2020110800100280,2020년 11월 8일 14시,일요일,제주특별자치도 제주시 노형동,경상사고,0,0,2,1,차대차 - 측면충돌,안전운전불이행,건조,맑음,교차로 - 교차로부근,승용,남,72세,부상신고,승용,여,56세,경상
2020110800100491,2020년 11월 8일 19시,일요일,제주특별자치도 서귀포시 색달동,경상사고,0,0,1,0,차대차 - 측면충돌,불법유턴,건조,맑음,단일로 - 기타,승용,남,56세,상해없음,승용,남,29세,경상
2020110800100561,2020년 11월 8일 23시,일요일,제주특별자치도 제주시 삼도일동,중상사고,0,1,0,0,차대차 - 측면충돌,교차로운행방법위반,건조,맑음,교차로 - 교차로안,개인형이동수단(PM),여,26세,중상,승용,여,56세,상해없음
2020110800100562,2020년 11월 8일 23시,일요일,제주특별자치도 제주시 노형동,중상사고,0,1,0,0,차대차 - 측면충돌,안전운전불이행,건조,맑음,단일로 - 기타,승용,남,62세,상해없음,이륜,남,40세,중상
2020110900100015,2020년 11월 9일 01시,월요일,제주특별자치도 제주시 오라삼동,경상사고,0,0,1,0,차대차 - 측면충돌,안전운전불이행,건조,맑음,교차로 - 교차로부근,승용,남,45세,상해없음,승용,남,47세,경상
2020110900100035,2020년 11월 9일 04시,월요일,제주특별자치도 제주시 노형동,중상사고,0,1,0,0,차량단독 - 기타,안전운전불이행,건조,맑음,단일로 - 기타,승용,남,60세,상해없음,,,,
2020110900100206,2020년 11월 9일 10시,월요일,제주특별자치도 서귀포시 하효동,경상사고,0,0,1,0,차대차 - 기타,교차로운행방법위반,건조,맑음,교차로 - 교차로안,화물,남,44세,기타불명,승용,남,53세,경상
2020110900100238,2020년 11월 9일 11시,월요일,제주특별자치도 제주시 한경면,경상사고,0,0,1,1,차량단독 - 기타,안전운전불이행,건조,맑음,단일로 - 기타,승용,여,25세,부상신고,,,,
2020110900100289,2020년 11월 9일 12시,월요일,제주특별자치도 제주시 일도일동,중상사고,0,1,0,0,차대사람 - 횡단중,보행자보호의무위반,건조,맑음,단일로 - 기타,승용,여,50세,상해없음,보행자,여,65세,중상
2020110900100357,2020년 11월 9일 14시,월요일,제주특별자치도 제주시 이도이동,경상사고,0,0,2,0,차대차 - 추돌,안전운전불이행,건조,맑음,단일로 - 기타,승용,여,33세,기타불명,승용,여,50세,경상
2020110900100358,2020년 11월 9일 14시,월요일,제주특별자치도 제주시 이도이동,경상사고,0,0,2,0,차대차 - 측면충돌,안전운전불이행,건조,맑음,교차로 - 교차로안,승용,여,59세,상해없음,승용,여,51세,경상
2020110900100452,2020년 11월 9일 16시,월요일,제주특별자치도 서귀포시 중문동,경상사고,0,0,4,0,차대차 - 추돌,안전거리미확보,건조,맑음,단일로 - 기타,화물,남,54세,상해없음,승용,남,41세,경상
2020110900100453,2020년 11월 9일 16시,월요일,제주특별자치도 서귀포시 남원읍,중상사고,0,3,2,0,차대차 - 추돌,안전운전불이행,건조,맑음,교차로 - 교차로안,승용,남,59세,상해없음,승용,남,56세,중상
2020110900100507,2020년 11월 9일 17시,월요일,제주특별자치도 제주시 이도이동,경상사고,0,0,1,0,차대사람 - 기타,보행자보호의무위반,건조,맑음,단일로 - 기타,기타불명,기타불명,미분류,기타불명,보행자,여,18세,경상
2020110900100508,2020년 11월 9일 17시,월요일,제주특별자치도 제주시 연동,부상신고사고,0,0,0,1,차대차 - 기타,안전운전불이행,건조,맑음,단일로 - 기타,승용,남,54세,상해없음,화물,남,40세,상해없음
2020110900100509,2020년 11월 9일 17시,월요일,제주특별자치도 제주시 해안동,경상사고,0,0,1,0,차대차 - 추돌,안전거리미확보,건조,맑음,단일로 - 기타,승용,남,55세,상해없음,승용,남,42세,경상
2020110900100601,2020년 11월 9일 19시,월요일,제주특별자치도 서귀포시 서귀동,경상사고,0,0,2,0,차대차 - 추돌,안전거리미확보,건조,기타,단일로 - 기타,승용,여,25세,상해없음,승용,남,30세,경상
2020110900100602,2020년 11월 9일 19시,월요일,제주특별자치도 서귀포시 중문동,부상신고사고,0,0,0,1,차대차 - 기타,안전운전불이행,건조,맑음,단일로 - 기타,승용,여,68세,상해없음,승용,남,39세,부상신고
2020110900100635,2020년 11월 9일 20시,월요일,제주특별자치도 제주시 한림읍,경상사고,0,0,1,0,차대사람 - 기타,안전운전불이행,건조,맑음,단일로 - 기타,승용,여,31세,상해없음,보행자,남,28세,경상
2020111000100067,2020년 11월 10일 06시,화요일,제주특별자치도 제주시 삼도일동,경상사고,0,0,1,0,차대사람 - 횡단중,안전운전불이행,건조,맑음,교차로 - 교차로횡단보도내,승용,남,51세,상해없음,보행자,여,80세,경상
2020111000100130,2020년 11월 10일 08시,화요일,제주특별자치도 제주시 아라일동,중상사고,0,1,0,0,차대사람 - 횡단중,보행자보호의무위반,건조,맑음,교차로 - 교차로횡단보도내,승용,여,26세,상해없음,보행자,남,41세,중상
2020111000100131,2020년 11월 10일 08시,화요일,제주특별자치도 제주시 봉개동,경상사고,0,0,1,0,차대차 - 측면충돌,차로위반,건조,맑음,교차로 - 교차로안,승용,여,47세,상해없음,화물,남,59세,상해없음
2020111000100132,2020년 11월 10일 08시,화요일,제주특별자치도 제주시 용담이동,경상사고,0,0,2,0,차대차 - 추돌,직진우회전진행방해,건조,맑음,교차로 - 교차로부근,승용,여,34세,경상,승용,여,51세,경상
2020111000100173,2020년 11월 10일 09시,화요일,제주특별자치도 제주시 오라이동,중상사고,0,1,0,0,차대차 - 추돌,안전거리미확보,건조,맑음,단일로 - 기타,화물,남,57세,상해없음,승용,여,34세,중상
2020111000100218,2020년 11월 10일 10시,화요일,제주특별자치도 제주시 이도일동,경상사고,0,0,1,0,차대사람 - 기타,안전운전불이행,건조,맑음,교차로 - 교차로부근,화물,남,48세,상해없음,보행자,남,47세,경상
2020111000100249,2020년 11월 10일 11시,화요일,제주특별자치도 제주시 도두일동,경상사고,0,0,1,1,차대차 - 측면충돌,안전운전불이행,건조,맑음,교차로 - 교차로부근,승용,여,66세,경상,승용,남,65세,부상신고
2020111000100250,2020년 11월 10일 11시,화요일,제주특별자치도 제주시 연동,부상신고사고,0,0,0,1,차대차 - 측면충돌,교차로운행방법위반,건조,맑음,교차로 - 교차로안,승용,여,52세,상해없음,화물,남,36세,부상신고
2020111000100402,2020년 11월 10일 15시,화요일,제주특별자치도 제주시 오라이동,경상사고,0,0,1,0,차대차 - 기타,안전운전불이행,건조,맑음,단일로 - 기타,승용,남,43세,상해없음,승용,여,35세,경상
2020111000100403,2020년 11월 10일 15시,화요일,제주특별자치도 제주시 한림읍,중상사고,0,1,2,0,차대차 - 기타,중앙선침범,건조,맑음,단일로 - 기타,승용,남,23세,경상,승용,여,26세,경상
2020111000100453,2020년 11월 10일 16시,화요일,제주특별자치도 제주시 삼도이동,경상사고,0,0,1,0,차대사람 - 기타,안전운전불이행,건조,맑음,단일로 - 기타,승용,남,65세,상해없음,보행자,여,66세,경상
2020111000100514,2020년 11월 10일 17시,화요일,제주특별자치도 서귀포시 하예동,경상사고,0,0,2,0,차대차 - 정면충돌,안전운전불이행,건조,맑음,단일로 - 기타,승용,여,30세,상해없음,승용,남,29세,경상
2020111000100515,2020년 11월 10일 17시,화요일,제주특별자치도 제주시 한림읍,경상사고,0,0,1,6,차대차 - 추돌,안전거리미확보,건조,맑음,단일로 - 기타,승합,남,49세,상해없음,승용,남,56세,상해없음
2020111000100516,2020년 11월 10일 17시,화요일,제주특별자치도 제주시 한림읍,중상사고,0,1,0,0,차대차 - 기타,신호위반,건조,맑음,교차로 - 교차로안,자전거,남,48세,중상,승용,남,42세,상해없음
2020111000100664,2020년 11월 10일 20시,화요일,제주특별자치도 제주시 한림읍,경상사고,0,0,1,0,차량단독 - 기타,기타,건조,맑음,단일로 - 기타,승합,남,51세,상해없음,,,,
2020111100100008,2020년 11월 11일 00시,수요일,제주특별자치도 서귀포시 대정읍,중상사고,0,1,0,0,차대차 - 추돌,안전운전불이행,건조,맑음,교차로 - 교차로부근,승용,남,37세,상해없음,승용,남,27세,중상
2020111100100115,2020년 11월 11일 08시,수요일,제주특별자치도 서귀포시 남원읍,경상사고,0,0,3,0,차대차 - 기타,안전운전불이행,건조,맑음,단일로 - 기타,승용,여,31세,경상,화물,남,43세,경상
2020111100100163,2020년 11월 11일 09시,수요일,제주특별자치도 제주시 내도동,경상사고,0,0,1,0,차대차 - 기타,안전거리미확보,건조,맑음,교차로 - 교차로안,승용,여,21세,상해없음,승용,남,35세,경상
2020111100100207,2020년 11월 11일 10시,수요일,제주특별자치도 제주시 일도일동,경상사고,0,0,1,0,차대차 - 측면충돌,불법유턴,건조,맑음,단일로 - 기타,승용,여,45세,상해없음,화물,남,25세,경상
2020111100100208,2020년 11월 11일 10시,수요일,제주특별자치도 서귀포시 서귀동,경상사고,0,0,1,0,차대차 - 기타,기타,건조,맑음,단일로 - 기타,이륜,여,49세,경상,승용,여,36세,상해없음
2020111100100209,2020년 11월 11일 10시,수요일,제주특별자치도 제주시 연동,경상사고,0,0,1,0,차대차 - 기타,안전운전불이행,건조,맑음,교차로 - 교차로안,자전거,남,16세,경상,승용,여,60세,상해없음
2020111100100253,2020년 11월 11일 11시,수요일,제주특별자치도 제주시 일도이동,경상사고,0,0,1,0,차대차 - 기타,안전운전불이행,건조,맑음,단일로 - 기타,특수,남,37세,상해없음,승용,여,41세,경상
2020111100100254,2020년 11월 11일 11시,수요일,제주특별자치도 서귀포시 색달동,경상사고,0,0,1,0,차량단독 - 전도전복 - 전도,안전운전불이행,건조,맑음,단일로 - 기타,자전거,남,59세,경상,,,,
2020111100100293,2020년 11월 11일 12시,수요일,제주특별자치도 서귀포시 서귀동,경상사고,0,0,1,0,차대사람 - 기타,안전운전불이행,건조,맑음,기타 - 기타,화물,남,38세,상해없음,보행자,여,46세,경상
2020111100100294,2020년 11월 11일 12시,수요일,제주특별자치도 제주시 외도일동,중상사고,0,1,0,0,차대차 - 추돌,안전운전불이행,건조,맑음,단일로 - 기타,승용,남,54세,상해없음,승용,남,32세,중상
2020111100100338,2020년 11월 11일 13시,수요일,제주특별자치도 제주시 구좌읍,중상사고,0,2,0,0,차대차 - 기타,중앙선침범,건조,맑음,단일로 - 기타,승용,남,31세,상해없음,승용,여,61세,중상
2020111100100413,2020년 11월 11일 15시,수요일,제주특별자치도 제주시 삼도일동,경상사고,0,0,1,0,차대차 - 측면충돌,직진우회전진행방해,건조,맑음,교차로 - 교차로안,승용,남,70세,상해없음,승용,여,37세,경상
2020111100100414,2020년 11월 11일 15시,수요일,제주특별자치도 서귀포시 호근동,경상사고,0,0,2,0,차대차 - 측면충돌,안전운전불이행,건조,맑음,교차로 - 교차로안,승용,여,70세,경상,승용,남,47세,상해없음
2020111100100415,2020년 11월 11일 15시,수요일,제주특별자치도 서귀포시 남원읍,경상사고,0,0,1,0,차대사람 - 횡단중,안전운전불이행,건조,맑음,교차로 - 교차로횡단보도내,승용,남,56세,상해없음,보행자,남,13세,경상
2020111100100513,2020년 11월 11일 17시,수요일,제주특별자치도 제주시 애월읍,중상사고,0,1,0,1,차량단독 - 공작물충돌,안전운전불이행,건조,맑음,단일로 - 기타,승용,남,32세,부상신고,,,,
2020111100100514,2020년 11월 11일 17시,수요일,제주특별자치도 제주시 애월읍,경상사고,0,0,1,0,차대차 - 기타,안전운전불이행,건조,맑음,교차로 - 교차로부근,승용,남,54세,상해없음,자전거,남,10세,경상
2020111100100636,2020년 11월 11일 19시,수요일,제주특별자치도 서귀포시 표선면,경상사고,0,0,2,1,차대차 - 기타,직진우회전진행방해,건조,맑음,교차로 - 교차로안,승용,여,42세,부상신고,승용,여,57세,경상
2020111100100637,2020년 11월 11일 19시,수요일,제주특별자치도 제주시 해안동,경상사고,0,0,3,0,차대차 - 측면충돌,안전거리미확보,건조,맑음,단일로 - 기타,화물,남,58세,상해없음,승용,남,48세,경상
2020111100100638,2020년 11월 11일 19시,수요일,제주특별자치도 제주시 연동,경상사고,0,0,2,0,차대차 - 측면충돌,교차로운행방법위반,건조,맑음,교차로 - 교차로안,승용,여,47세,경상,승용,여,61세,경상
2020111100100685,2020년 11월 11일 20시,수요일,제주특별자치도 서귀포시 성산읍,사망사고,1,0,1,0,차대차 - 추돌,안전운전불이행,건조,기타,단일로 - 기타,승용,남,67세,사망,화물,여,58세,경상
2020111100100751,2020년 11월 11일 23시,수요일,제주특별자치도 제주시 일도이동,경상사고,0,0,1,0,차대차 - 측면충돌,안전거리미확보,건조,맑음,단일로 - 기타,승용,남,50세,상해없음,이륜,남,21세,경상
2020111100100752,2020년 11월 11일 23시,수요일,제주특별자치도 서귀포시 서호동,부상신고사고,0,0,0,1,차대차 - 기타,안전운전불이행,건조,맑음,교차로 - 교차로안,승용,남,49세,상해없음,이륜,남,27세,부상신고
2020111200100134,2020년 11월 12일 08시,목요일,제주특별자치도 제주시 도남동,경상사고,0,0,1,0,차대차 - 측면충돌,직진우회전진행방해,건조,맑음,교차로 - 교차로안,승용,여,54세,상해없음,승용,남,35세,경상
2020111200100135,2020년 11월 12일 08시,목요일,제주특별자치도 서귀포시 안덕면,경상사고,0,0,3,0,차대차 - 추돌,안전거리미확보,건조,맑음,교차로 - 교차로부근,승용,여,46세,상해없음,화물,남,35세,경상
2020111200100178,2020년 11월 12일 09시,목요일,제주특별자치도 제주시 애월읍,경상사고,0,0,1,0,차대차 - 기타,교차로운행방법위반,건조,맑음,교차로 - 교차로안,승용,여,47세,상해없음,이륜,남,79세,경상
2020111200100201,2020년 11월 12일 10시,목요일,제주특별자치도 제주시 화북이동,경상사고,0,0,4,0,차대차 - 추돌,안전운전불이행,건조,맑음,교차로 - 교차로부근,화물,남,54세,상해없음,화물,남,56세,경상
2020111200100269,2020년 11월 12일 12시,목요일,제주특별자치도 서귀포시 서호동,부상신고사고,0,0,0,1,차량단독 - 공작물충돌,안전운전불이행,건조,맑음,단일로 - 기타,화물,남,58세,부상신고,,,,
2020111200100385,2020년 11월 12일 15시,목요일,제주특별자치도 제주시 도두일동,경상사고,0,0,2,0,차대차 - 기타,기타,건조,맑음,단일로 - 기타,승용,남,66세,상해없음,승용,남,75세,상해없음
2020111200100652,2020년 11월 12일 21시,목요일,제주특별자치도 제주시 이도이동,경상사고,0,0,1,0,차대사람 - 기타,안전운전불이행,건조,맑음,교차로 - 교차로안,승용,남,27세,상해없음,보행자,남,45세,경상
2020111300100088,2020년 11월 13일 07시,금요일,제주특별자치도 제주시 노형동,경상사고,0,0,1,1,차대차 - 정면충돌,직진우회전진행방해,건조,맑음,교차로 - 교차로안,승용,남,43세,경상,승용,남,51세,부상신고
2020111300100128,2020년 11월 13일 08시,금요일,제주특별자치도 제주시 오라삼동,경상사고,0,0,1,1,차대차 - 기타,안전거리미확보,건조,맑음,단일로 - 기타,승용,남,40세,부상신고,승용,여,42세,경상
2020111300100167,2020년 11월 13일 09시,금요일,제주특별자치도 제주시 아라이동,경상사고,0,0,1,0,차대사람 - 횡단중,안전운전불이행,건조,맑음,단일로 - 기타,승용,남,30세,상해없음,보행자,여,58세,경상
2020111300100198,2020년 11월 13일 10시,금요일,제주특별자치도 서귀포시 남원읍,중상사고,0,2,0,0,차대차 - 측면충돌,차로위반,건조,맑음,교차로 - 교차로부근,화물,남,74세,상해없음,이륜,여,83세,중상
2020111300100199,2020년 11월 13일 10시,금요일,제주특별자치도 서귀포시 대정읍,경상사고,0,0,1,0,차량단독 - 도로외이탈 - 추락,안전운전불이행,건조,맑음,교차로 - 교차로안,이륜,여,79세,경상,,,,
2020111300100291,2020년 11월 13일 13시,금요일,제주특별자치도 제주시 이도이동,중상사고,0,1,1,0,차대차 - 기타,안전운전불이행,건조,맑음,교차로 - 교차로부근,승용,남,60세,기타불명,승용,여,34세,중상
2020111300100314,2020년 11월 13일 14시,금요일,제주특별자치도 제주시 한림읍,중상사고,0,1,0,0,차대사람 - 차도통행중,안전운전불이행,건조,맑음,단일로 - 기타,화물,남,47세,상해없음,보행자,남,75세,중상
2020111300100349,2020년 11월 13일 15시,금요일,제주특별자치도 제주시 구좌읍,경상사고,0,0,1,0,차대사람 - 기타,안전운전불이행,건조,맑음,교차로 - 교차로부근,승용,여,26세,상해없음,보행자,남,51세,경상
2020111300100350,2020년 11월 13일 15시,금요일,제주특별자치도 서귀포시 서귀동,경상사고,0,0,1,0,차대차 - 측면충돌,안전운전불이행,건조,맑음,교차로 - 교차로안,승용,여,49세,상해없음,승용,남,42세,상해없음
2020111300100351,2020년 11월 13일 15시,금요일,제주특별자치도 서귀포시 안덕면,경상사고,0,0,2,0,차대차 - 후진중충돌,안전운전불이행,건조,맑음,단일로 - 기타,화물,여,73세,상해없음,승용,여,43세,상해없음
2020111300100442,2020년 11월 13일 17시,금요일,제주특별자치도 제주시 건입동,부상신고사고,0,0,0,1,차대차 - 기타,교차로운행방법위반,건조,맑음,교차로 - 교차로안,기타불명,기타불명,미분류,기타불명,자전거,남,54세,부상신고
2020111300100505,2020년 11월 13일 18시,금요일,제주특별자치도 서귀포시 서홍동,경상사고,0,0,1,0,차대차 - 측면충돌,안전운전불이행,건조,맑음,단일로 - 기타,승용,여,39세,상해없음,이륜,남,38세,경상
2020111300100559,2020년 11월 13일 19시,금요일,제주특별자치도 서귀포시 대정읍,경상사고,0,0,1,0,차대차 - 후진중충돌,안전운전불이행,건조,맑음,단일로 - 지하차도(도로)내,승용,남,54세,상해없음,승용,여,36세,상해없음
2020111400100304,2020년 11월 14일 13시,토요일,제주특별자치도 제주시 연동,경상사고,0,0,1,0,차대차 - 측면충돌,안전운전불이행,건조,맑음,교차로 - 교차로안,승용,여,55세,상해없음,승용,여,63세,경상
2020111400100305,2020년 11월 14일 13시,토요일,제주특별자치도 제주시 한림읍,경상사고,0,0,2,1,차대차 - 정면충돌,직진우회전진행방해,건조,맑음,교차로 - 교차로안,승합,남,43세,상해없음,승용,남,37세,경상
2020111400100343,2020년 11월 14일 14시,토요일,제주특별자치도 서귀포시 안덕면,경상사고,0,0,2,0,차대차 - 추돌,안전운전불이행,건조,맑음,단일로 - 기타,화물,남,37세,상해없음,승용,남,77세,경상
2020111400100344,2020년 11월 14일 14시,토요일,제주특별자치도 제주시 용담이동,경상사고,0,0,2,0,차대차 - 측면충돌,교차로운행방법위반,건조,맑음,교차로 - 교차로부근,승합,남,56세,기타불명,승용,남,24세,상해없음
2020111400100387,2020년 11월 14일 15시,토요일,제주특별자치도 제주시 화북일동,경상사고,0,0,2,0,차대사람 - 횡단중,보행자보호의무위반,건조,맑음,교차로 - 교차로횡단보도내,승용,남,62세,상해없음,보행자,남,31세,경상
2020111400100388,2020년 11월 14일 15시,토요일,제주특별자치도 서귀포시 남원읍,중상사고,0,1,0,0,차대차 - 측면충돌,안전운전불이행,건조,맑음,교차로 - 교차로부근,승용,남,58세,상해없음,이륜,남,60세,중상
2020111400100389,2020년 11월 14일 15시,토요일,제주특별자치도 제주시 노형동,경상사고,0,0,1,1,차대차 - 측면충돌,직진우회전진행방해,건조,맑음,교차로 - 교차로안,승용,여,47세,경상,승용,남,62세,상해없음
2020111400100432,2020년 11월 14일 16시,토요일,제주특별자치도 서귀포시 동홍동,중상사고,0,1,0,0,차대차 - 측면충돌,직진우회전진행방해,건조,맑음,교차로 - 교차로안,승용,남,40세,상해없음,이륜,남,62세,중상
2020111400100473,2020년 11월 14일 17시,토요일,제주특별자치도 제주시 애월읍,경상사고,0,0,2,0,차대차 - 기타,교차로운행방법위반,건조,맑음,교차로 - 교차로부근,승용,남,61세,상해없음,승합,남,39세,상해없음
2020111400100518,2020년 11월 14일 18시,토요일,제주특별자치도 서귀포시 토평동,경상사고,0,0,2,0,차대차 - 측면충돌,안전거리미확보,건조,맑음,단일로 - 기타,화물,남,59세,상해없음,승용,남,31세,경상
2020111400100519,2020년 11월 14일 18시,토요일,제주특별자치도 제주시 애월읍,부상신고사고,0,0,0,1,차량단독 - 기타,안전운전불이행,건조,맑음,단일로 - 기타,승합,남,53세,상해없음,,,,
2020111400100520,2020년 11월 14일 18시,토요일,제주특별자치도 제주시 애월읍,경상사고,0,0,1,0,차대차 - 추돌,안전운전불이행,건조,맑음,단일로 - 기타,승용,여,47세,상해없음,화물,남,43세,경상
2020111400100557,2020년 11월 14일 19시,토요일,제주특별자치도 제주시 애월읍,경상사고,0,0,1,0,차대차 - 추돌,신호위반,건조,맑음,단일로 - 기타,승용,남,56세,상해없음,승합,남,55세,상해없음
2020111400100583,2020년 11월 14일 20시,토요일,제주특별자치도 서귀포시 동홍동,부상신고사고,0,0,0,1,차량단독 - 전도전복 - 전도,안전운전불이행,건조,흐림,단일로 - 기타,이륜,남,71세,부상신고,,,,
2020111400100623,2020년 11월 14일 22시,토요일,제주특별자치도 제주시 삼도이동,중상사고,0,1,0,0,차대사람 - 횡단중,안전운전불이행,건조,맑음,단일로 - 기타,승용,남,50세,상해없음,보행자,남,44세,중상
2020111400100624,2020년 11월 14일 22시,토요일,제주특별자치도 서귀포시 대정읍,경상사고,0,0,3,0,차대차 - 기타,직진우회전진행방해,건조,맑음,교차로 - 교차로안,승용,남,37세,경상,승용,남,48세,경상
2020111500100010,2020년 11월 15일 01시,일요일,제주특별자치도 제주시 연동,경상사고,0,0,1,0,차대차 - 정면충돌,안전운전불이행,건조,맑음,교차로 - 교차로부근,화물,남,57세,상해없음,승용,여,64세,경상
2020111500100026,2020년 11월 15일 03시,일요일,제주특별자치도 제주시 노형동,경상사고,0,0,2,0,차대차 - 추돌,안전운전불이행,건조,맑음,단일로 - 기타,승용,남,28세,상해없음,승용,남,45세,경상
2020111500100082,2020년 11월 15일 09시,일요일,제주특별자치도 제주시 봉개동,경상사고,0,0,2,0,차대차 - 측면충돌,안전거리미확보,건조,맑음,단일로 - 기타,승용,여,52세,상해없음,승합,남,52세,상해없음
2020111500100083,2020년 11월 15일 09시,일요일,제주특별자치도 제주시 도두일동,경상사고,0,0,2,0,차대차 - 정면충돌,중앙선침범,건조,맑음,단일로 - 기타,승용,여,24세,상해없음,승용,여,26세,경상
2020111500100248,2020년 11월 15일 15시,일요일,제주특별자치도 제주시 우도면,중상사고,0,1,0,0,차대차 - 기타,안전운전불이행,건조,맑음,교차로 - 교차로안,건설기계,남,59세,상해없음,자전거,여,55세,중상
2020111500100400,2020년 11월 15일 19시,일요일,제주특별자치도 제주시 연동,중상사고,0,1,0,0,차대차 - 측면충돌,안전거리미확보,건조,맑음,단일로 - 기타,승용,여,30세,상해없음,이륜,남,37세,중상
2020111500100441,2020년 11월 15일 21시,일요일,제주특별자치도 서귀포시 강정동,중상사고,0,1,0,0,차대차 - 측면충돌,신호위반,건조,맑음,교차로 - 교차로안,승합,남,57세,상해없음,이륜,남,53세,중상
2020111600100017,2020년 11월 16일 03시,월요일,제주특별자치도 제주시 연동,중상사고,0,1,0,0,차대차 - 측면충돌,신호위반,건조,맑음,교차로 - 교차로안,승용,남,26세,상해없음,승용,남,71세,중상
2020111600100085,2020년 11월 16일 07시,월요일,제주특별자치도 제주시 애월읍,중상사고,0,1,0,0,차대사람 - 기타,안전운전불이행,건조,맑음,단일로 - 기타,화물,남,39세,상해없음,보행자,여,81세,중상
2020111600100119,2020년 11월 16일 08시,월요일,제주특별자치도 제주시 이도이동,경상사고,0,0,1,0,차대차 - 추돌,교차로운행방법위반,건조,맑음,교차로 - 교차로안,승용,여,59세,상해없음,승용,남,33세,경상