사고번호,사고일시,요일,시군구,사고내용,사망자수,중상자수,경상자수,부상신고자수,사고유형,법규위반,노면상태,기상상태,도로형태,가해운전자 차종,가해운전자 성별,가해운전자 연령,가해운전자 상해정도,피해운전자 차종,피해운전자 성별,피해운전자 연령,피해운전자 상해정도
2020111600100120,2020년 11월 16일 08시,월요일,제주특별자치도 서귀포시 동홍동,중상사고,0,1,0,1,차대차 - 기타,중앙선침범,젖음/습기,흐림,단일로 - 기타,화물,남,25세,부상신고,승용,남,43세,중상
2020111600100121,2020년 11월 16일 08시,월요일,제주특별자치도 제주시 연동,경상사고,0,0,1,0,차대차 - 측면충돌,직진우회전진행방해,건조,맑음,교차로 - 교차로안,승용,여,43세,기타불명,승용,여,42세,경상
2020111600100159,2020년 11월 16일 09시,월요일,제주특별자치도 제주시 외도일동,중상사고,0,1,2,0,차대차 - 정면충돌,안전운전불이행,건조,맑음,단일로 - 기타,승용,여,39세,중상,승용,남,41세,경상
2020111600100192,2020년 11월 16일 10시,월요일,제주특별자치도 제주시 일도이동,경상사고,0,0,1,0,차대차 - 후진중충돌,안전운전불이행,건조,맑음,미분류 - 미분류,승용,남,30세,상해없음,승용,남,48세,경상
2020111600100238,2020년 11월 16일 11시,월요일,제주특별자치도 제주시 연동,경상사고,0,0,1,0,차대사람 - 차도통행중,안전운전불이행,건조,맑음,단일로 - 기타,승용,여,61세,상해없음,보행자,여,48세,경상
2020111600100344,2020년 11월 16일 14시,월요일,제주특별자치도 제주시 애월읍,경상사고,0,0,1,0,차대차 - 추돌,안전운전불이행,건조,맑음,단일로 - 기타,승용,여,72세,상해없음,승용,여,55세,경상
2020111600100380,2020년 11월 16일 15시,월요일,제주특별자치도 서귀포시 호근동,경상사고,0,0,4,0,차대차 - 기타,안전운전불이행,건조,맑음,단일로 - 기타,승용,여,57세,상해없음,승용,여,36세,경상
2020111600100421,2020년 11월 16일 16시,월요일,제주특별자치도 서귀포시 안덕면,경상사고,0,0,5,0,차대차 - 기타,안전운전불이행,건조,맑음,기타 - 기타,승용,남,50세,상해없음,승용,여,49세,경상
2020111600100466,2020년 11월 16일 17시,월요일,제주특별자치도 제주시 조천읍,중상사고,0,3,3,0,차대차 - 측면충돌,교차로운행방법위반,건조,맑음,교차로 - 교차로안,승용,여,46세,경상,승용,여,50세,경상
2020111600100467,2020년 11월 16일 17시,월요일,제주특별자치도 서귀포시 동홍동,경상사고,0,0,1,0,차대차 - 기타,신호위반,건조,맑음,교차로 - 교차로안,화물,여,62세,상해없음,승용,남,29세,경상
2020111600100468,2020년 11월 16일 17시,월요일,제주특별자치도 제주시 한경면,경상사고,0,0,1,0,차대사람 - 기타,안전운전불이행,건조,맑음,기타 - 기타,승용,남,66세,상해없음,보행자,남,54세,경상
2020111600100530,2020년 11월 16일 18시,월요일,제주특별자치도 서귀포시 서홍동,경상사고,0,0,1,0,차대차 - 기타,안전운전불이행,건조,맑음,단일로 - 기타,승용,남,41세,상해없음,승용,남,29세,경상
2020111600100610,2020년 11월 16일 20시,월요일,제주특별자치도 서귀포시 강정동,경상사고,0,0,1,0,차대사람 - 횡단중,보행자보호의무위반,건조,기타,교차로 - 교차로횡단보도내,승합,남,47세,상해없음,보행자,남,51세,경상
2020111600100639,2020년 11월 16일 21시,월요일,제주특별자치도 서귀포시 성산읍,경상사고,0,0,2,0,차대차 - 측면충돌,직진우회전진행방해,건조,기타,교차로 - 교차로안,승용,여,64세,상해없음,승용,여,50세,상해없음
2020111600100666,2020년 11월 16일 23시,월요일,제주특별자치도 제주시 이도이동,경상사고,0,0,1,0,차대차 - 추돌,안전운전불이행,건조,맑음,교차로 - 교차로부근,승용,남,50세,상해없음,승용,남,44세,경상
2020111700100019,2020년 11월 17일 01시,화요일,제주특별자치도 서귀포시 표선면,사망사고,1,0,0,0,차대사람 - 횡단중,안전운전불이행,건조,맑음,교차로 - 교차로부근,승용,남,62세,상해없음,보행자,남,24세,사망
2020111700100112,2020년 11월 17일 08시,화요일,제주특별자치도 서귀포시 호근동,경상사고,0,0,3,0,차대차 - 기타,안전운전불이행,건조,맑음,단일로 - 기타,승용,남,29세,경상,승용,여,46세,경상
2020111700100241,2020년 11월 17일 12시,화요일,제주특별자치도 서귀포시 성산읍,부상신고사고,0,0,0,1,차대차 - 측면충돌,직진우회전진행방해,건조,맑음,교차로 - 교차로안,승용,여,56세,부상신고,화물,남,76세,상해없음
2020111700100264,2020년 11월 17일 13시,화요일,제주특별자치도 제주시 삼도이동,경상사고,0,0,3,0,차대차 - 측면충돌,기타,건조,맑음,교차로 - 교차로안,승용,남,33세,경상,승용,여,19세,경상
2020111700100265,2020년 11월 17일 13시,화요일,제주특별자치도 서귀포시 남원읍,경상사고,0,0,2,0,차량단독 - 공작물충돌,안전운전불이행,건조,맑음,단일로 - 기타,승용,여,24세,경상,,,,
2020111700100500,2020년 11월 17일 18시,화요일,제주특별자치도 제주시 이도이동,경상사고,0,0,1,0,차대차 - 기타,기타,건조,맑음,단일로 - 기타,승용,남,37세,상해없음,이륜,남,24세,경상
2020111700100501,2020년 11월 17일 18시,화요일,제주특별자치도 제주시 한림읍,중상사고,0,1,0,0,차대사람 - 횡단중,안전운전불이행,건조,기타,단일로 - 기타,승용,남,42세,상해없음,보행자,여,87세,중상
2020111700100502,2020년 11월 17일 18시,화요일,제주특별자치도 제주시 외도일동,경상사고,0,0,1,0,차대차 - 측면충돌,직진우회전진행방해,건조,맑음,교차로 - 교차로안,승용,여,42세,상해없음,승용,여,38세,경상
2020111700100558,2020년 11월 17일 19시,화요일,제주특별자치도 서귀포시 도순동,경상사고,0,0,2,0,차대차 - 추돌,안전거리미확보,건조,맑음,교차로 - 교차로부근,승용,남,62세,상해없음,승용,여,23세,경상
2020111700100597,2020년 11월 17일 20시,화요일,제주특별자치도 제주시 도련일동,중상사고,0,1,0,0,차대사람 - 기타,안전운전불이행,건조,맑음,교차로 - 교차로안,승용,여,38세,상해없음,보행자,남,27세,중상
2020111700100622,2020년 11월 17일 21시,화요일,제주특별자치도 제주시 삼도일동,경상사고,0,0,2,0,차대차 - 측면충돌,안전운전불이행,건조,맑음,교차로 - 교차로부근,승용,남,49세,상해없음,승용,남,35세,경상
2020111800100245,2020년 11월 18일 11시,수요일,제주특별자치도 제주시 조천읍,중상사고,0,1,2,0,차대차 - 기타,중앙선침범,젖음/습기,흐림,단일로 - 기타,승용,여,22세,상해없음,승용,남,54세,경상
2020111800100246,2020년 11월 18일 11시,수요일,제주특별자치도 제주시 우도면,경상사고,0,0,1,0,차량단독 - 기타,안전운전불이행,건조,기타,기타 - 기타,승용,남,49세,경상,,,,
2020111800100338,2020년 11월 18일 14시,수요일,제주특별자치도 제주시 일도이동,경상사고,0,0,1,0,차대차 - 측면충돌,안전운전불이행,건조,맑음,단일로 - 기타,승용,여,26세,상해없음,승용,남,33세,경상
2020111800100339,2020년 11월 18일 14시,수요일,제주특별자치도 제주시 조천읍,경상사고,0,0,1,0,차대차 - 추돌,안전운전불이행,건조,맑음,단일로 - 기타,화물,남,84세,상해없음,승용,여,48세,경상
2020111800100340,2020년 11월 18일 14시,수요일,제주특별자치도 제주시 용담이동,중상사고,0,1,0,0,차대차 - 기타,안전거리미확보,건조,맑음,교차로 - 교차로부근,승용,남,41세,상해없음,승합,남,45세,상해없음
2020111800100413,2020년 11월 18일 16시,수요일,제주특별자치도 제주시 이도일동,경상사고,0,0,1,0,차대차 - 정면충돌,안전운전불이행,건조,맑음,교차로 - 교차로안,이륜,남,26세,경상,승용,남,66세,상해없음
2020111800100524,2020년 11월 18일 18시,수요일,제주특별자치도 서귀포시 서귀동,경상사고,0,0,1,0,차대차 - 기타,기타,건조,맑음,단일로 - 기타,승용,여,62세,상해없음,승용,여,33세,경상
2020111800100525,2020년 11월 18일 18시,수요일,제주특별자치도 제주시 애월읍,중상사고,0,2,1,0,차량단독 - 공작물충돌,안전운전불이행,건조,맑음,단일로 - 기타,승용,여,42세,경상,,,,
2020111800100589,2020년 11월 18일 19시,수요일,제주특별자치도 제주시 아라이동,경상사고,0,0,1,0,차대차 - 측면충돌,안전거리미확보,건조,맑음,교차로 - 교차로안,승용,남,64세,상해없음,승용,남,20세,경상
2020111800100590,2020년 11월 18일 19시,수요일,제주특별자치도 서귀포시 서호동,경상사고,0,0,1,0,차량단독 - 기타,안전운전불이행,건조,기타,단일로 - 기타,승용,여,68세,경상,,,,
2020111800100591,2020년 11월 18일 19시,수요일,제주특별자치도 제주시 노형동,중상사고,0,1,0,0,차대차 - 정면충돌,중앙선침범,건조,맑음,단일로 - 기타,승용,여,53세,상해없음,승용,여,50세,중상
2020111900100181,2020년 11월 19일 08시,목요일,제주특별자치도 제주시 용담이동,경상사고,0,0,1,0,차대차 - 추돌,안전운전불이행,젖음/습기,비,단일로 - 기타,승용,여,38세,상해없음,승용,남,24세,상해없음
2020111900100182,2020년 11월 19일 08시,목요일,제주특별자치도 제주시 해안동,경상사고,0,0,1,0,차대차 - 기타,안전운전불이행,젖음/습기,맑음,단일로 - 기타,화물,남,73세,상해없음,승용,여,43세,경상
2020111900100228,2020년 11월 19일 09시,목요일,제주특별자치도 제주시 도남동,경상사고,0,0,1,0,차대차 - 측면충돌,교차로운행방법위반,젖음/습기,비,교차로 - 교차로안,승용,여,37세,상해없음,화물,남,25세,경상
2020111900100295,2020년 11월 19일 11시,목요일,제주특별자치도 제주시 도련이동,경상사고,0,0,1,0,차대차 - 추돌,안전운전불이행,젖음/습기,비,교차로 - 교차로부근,화물,남,43세,상해없음,화물,남,46세,경상
2020111900100358,2020년 11월 19일 13시,목요일,제주특별자치도 제주시 용강동,경상사고,0,0,2,0,차량단독 - 기타,안전운전불이행,젖음/습기,비,단일로 - 기타,승합,남,65세,상해없음,,,,
2020111900100359,2020년 11월 19일 13시,목요일,제주특별자치도 제주시 한림읍,경상사고,0,0,1,0,차대차 - 추돌,안전운전불이행,건조,맑음,단일로 - 기타,승용,여,57세,경상,화물,남,30세,상해없음
2020111900100459,2020년 11월 19일 16시,목요일,제주특별자치도 제주시 도남동,경상사고,0,0,1,0,차대사람 - 횡단중,안전운전불이행,건조,흐림,교차로 - 교차로부근,승용,여,37세,상해없음,보행자,남,11세,경상
2020111900100501,2020년 11월 19일 17시,목요일,제주특별자치도 제주시 삼도이동,중상사고,0,1,0,0,차대사람 - 차도통행중,안전운전불이행,건조,맑음,단일로 - 기타,이륜,남,25세,상해없음,보행자,여,73세,중상
2020111900100551,2020년 11월 19일 18시,목요일,제주특별자치도 제주시 이도이동,경상사고,0,0,1,0,차대차 - 측면충돌,교차로운행방법위반,건조,맑음,교차로 - 교차로안,승용,여,33세,상해없음,승용,남,36세,경상
2020111900100552,2020년 11월 19일 18시,목요일,제주특별자치도 서귀포시 색달동,경상사고,0,0,1,0,차대차 - 기타,안전운전불이행,건조,맑음,단일로 - 기타,이륜,남,24세,경상,승합,여,53세,상해없음
2020111900100553,2020년 11월 19일 18시,목요일,제주특별자치도 서귀포시 서귀동,경상사고,0,0,1,0,차대차 - 기타,안전거리미확보,건조,맑음,교차로 - 교차로부근,승용,남,33세,상해없음,이륜,남,51세,경상
2020111900100624,2020년 11월 19일 20시,목요일,제주특별자치도 서귀포시 성산읍,사망사고,1,0,0,0,차대사람 - 기타,안전운전불이행,건조,맑음,교차로 - 교차로부근,이륜,남,61세,상해없음,보행자,남,68세,사망
2020111900100677,2020년 11월 19일 22시,목요일,제주특별자치도 제주시 연동,경상사고,0,0,1,0,차량단독 - 기타,안전운전불이행,건조,맑음,단일로 - 기타,이륜,남,31세,경상,,,,
2020112000100014,2020년 11월 20일 00시,금요일,제주특별자치도 제주시 오등동,경상사고,0,0,1,0,차대사람 - 기타,안전운전불이행,건조,맑음,단일로 - 기타,승용,여,32세,기타불명,보행자,남,19세,경상
2020112000100127,2020년 11월 20일 08시,금요일,제주특별자치도 제주시 조천읍,중상사고,0,1,2,0,차대차 - 기타,중앙선침범,젖음/습기,비,단일로 - 기타,승용,남,46세,상해없음,승용,여,44세,경상
2020112000100128,2020년 11월 20일 08시,금요일,제주특별자치도 제주시 노형동,중상사고,0,1,0,0,차대사람 - 횡단중,보행자보호의무위반,건조,맑음,단일로 - 기타,승용,남,44세,상해없음,보행자,남,52세,중상
2020112000100156,2020년 11월 20일 09시,금요일,제주특별자치도 서귀포시 남원읍,중상사고,0,1,0,0,차대차 - 측면충돌,직진우회전진행방해,건조,맑음,교차로 - 교차로안,승용,남,57세,상해없음,이륜,남,81세,중상
2020112000100177,2020년 11월 20일 10시,금요일,제주특별자치도 서귀포시 서홍동,경상사고,0,0,2,0,차대차 - 기타,신호위반,건조,맑음,교차로 - 교차로안,승용,남,21세,상해없음,승용,여,37세,경상
2020112000100251,2020년 11월 20일 12시,금요일,제주특별자치도 제주시 오등동,경상사고,0,0,1,0,차대차 - 측면충돌,안전운전불이행,건조,맑음,단일로 - 기타,건설기계,남,38세,상해없음,화물,남,49세,경상
2020112000100252,2020년 11월 20일 12시,금요일,제주특별자치도 제주시 이도이동,경상사고,0,0,1,0,차대차 - 측면충돌,안전거리미확보,건조,맑음,단일로 - 기타,승용,남,58세,상해없음,승용,여,48세,경상
2020112000100253,2020년 11월 20일 12시,금요일,제주특별자치도 제주시 한림읍,경상사고,0,0,1,0,차대차 - 기타,중앙선침범,건조,맑음,단일로 - 기타,승용,남,26세,상해없음,이륜,남,46세,경상
2020112000100322,2020년 11월 20일 14시,금요일,제주특별자치도 서귀포시 강정동,경상사고,0,0,1,0,차대차 - 후진중충돌,안전운전불이행,건조,맑음,교차로 - 교차로안,승용,여,41세,상해없음,승용,여,54세,경상
2020112000100360,2020년 11월 20일 15시,금요일,제주특별자치도 제주시 도남동,경상사고,0,0,1,0,차대사람 - 기타,기타,건조,맑음,단일로 - 기타,이륜,남,51세,상해없음,보행자,여,37세,경상
2020112000100361,2020년 11월 20일 15시,금요일,제주특별자치도 서귀포시 성산읍,경상사고,0,0,2,1,차대차 - 측면충돌,안전운전불이행,건조,맑음,교차로 - 교차로안,승용,여,54세,부상신고,승용,여,34세,경상
2020112000100402,2020년 11월 20일 16시,금요일,제주특별자치도 서귀포시 남원읍,중상사고,0,1,0,0,차대사람 - 차도통행중,안전운전불이행,건조,맑음,단일로 - 기타,화물,남,74세,상해없음,보행자,여,80세,중상
2020112000100544,2020년 11월 20일 18시,금요일,제주특별자치도 서귀포시 서호동,경상사고,0,0,1,0,차대차 - 측면충돌,안전운전불이행,건조,맑음,단일로 - 기타,승용,여,52세,상해없음,이륜,여,31세,경상
2020112000100545,2020년 11월 20일 18시,금요일,제주특별자치도 제주시 연동,경상사고,0,0,1,0,차대사람 - 횡단중,신호위반,건조,맑음,단일로 - 기타,원동기,남,58세,상해없음,보행자,남,38세,경상
2020112000100723,2020년 11월 20일 23시,금요일,제주특별자치도 서귀포시 동홍동,중상사고,0,1,0,0,차대사람 - 기타,보행자보호의무위반,건조,맑음,교차로 - 교차로부근,승용,남,37세,상해없음,보행자,남,60세,중상
2020112100100116,2020년 11월 21일 08시,토요일,제주특별자치도 제주시 이도이동,부상신고사고,0,0,0,1,차대차 - 측면충돌,안전운전불이행,건조,맑음,교차로 - 교차로안,이륜,남,34세,부상신고,승용,남,68세,상해없음
2020112100100238,2020년 11월 21일 12시,토요일,제주특별자치도 제주시 영평동,중상사고,0,1,1,0,차량단독 - 공작물충돌,안전운전불이행,건조,맑음,단일로 - 기타,승용,남,56세,중상,,,,
2020112100100239,2020년 11월 21일 12시,토요일,제주특별자치도 서귀포시 서귀동,경상사고,0,0,2,0,차대차 - 정면충돌,기타,건조,맑음,교차로 - 교차로안,화물,남,62세,경상,이륜,남,25세,경상
2020112100100240,2020년 11월 21일 12시,토요일,제주특별자치도 서귀포시 신효동,경상사고,0,0,5,0,차대차 - 기타,안전운전불이행,건조,흐림,기타 - 기타,승용,여,47세,상해없음,승용,남,28세,경상
2020112100100241,2020년 11월 21일 12시,토요일,제주특별자치도 서귀포시 남원읍,중상사고,0,1,1,1,차대차 - 측면충돌,직진우회전진행방해,건조,맑음,교차로 - 교차로안,승용,여,49세,부상신고,승용,남,28세,중상
2020112100100279,2020년 11월 21일 13시,토요일,제주특별자치도 제주시 노형동,경상사고,0,0,1,0,차대차 - 측면충돌,안전운전불이행,건조,맑음,교차로 - 교차로안,이륜,남,56세,경상,승용,남,30세,상해없음
2020112100100356,2020년 11월 21일 15시,토요일,제주특별자치도 제주시 애월읍,경상사고,0,0,3,0,차대차 - 측면충돌,안전운전불이행,건조,맑음,교차로 - 교차로부근,승용,남,39세,경상,화물,남,81세,상해없음
2020112100100384,2020년 11월 21일 16시,토요일,제주특별자치도 제주시 애월읍,사망사고,2,0,0,0,차대차 - 정면충돌,중앙선침범,건조,맑음,단일로 - 기타,승용,여,48세,사망,승용,남,70세,사망
2020112100100466,2020년 11월 21일 18시,토요일,제주특별자치도 제주시 구좌읍,경상사고,0,0,2,0,차대차 - 기타,차로위반,건조,맑음,교차로 - 교차로안,승용,여,32세,상해없음,승용,남,60세,경상
2020112100100467,2020년 11월 21일 18시,토요일,제주특별자치도 서귀포시 안덕면,부상신고사고,0,0,0,1,차대사람 - 차도통행중,기타,건조,기타,교차로 - 교차로안,승용,남,27세,상해없음,보행자,여,63세,부상신고
2020112200100089,2020년 11월 22일 06시,일요일,제주특별자치도 제주시 구좌읍,부상신고사고,0,0,0,1,차량단독 - 기타,안전운전불이행,젖음/습기,흐림,단일로 - 기타,이륜,남,16세,부상신고,,,,
2020112200100128,2020년 11월 22일 10시,일요일,제주특별자치도 서귀포시 강정동,경상사고,0,0,1,0,차량단독 - 전도전복 - 전도,안전운전불이행,건조,맑음,교차로 - 교차로부근,화물,남,78세,경상,,,,
2020112200100159,2020년 11월 22일 12시,일요일,제주특별자치도 제주시 노형동,경상사고,0,0,1,0,차대차 - 측면충돌,안전거리미확보,젖음/습기,흐림,교차로 - 교차로안,승용,남,67세,상해없음,화물,남,46세,경상
2020112200100209,2020년 11월 22일 14시,일요일,제주특별자치도 제주시 구좌읍,중상사고,0,2,1,0,차대차 - 측면충돌,과속,젖음/습기,흐림,교차로 - 교차로안,승용,남,58세,경상,승용,여,25세,중상
2020112200100293,2020년 11월 22일 17시,일요일,제주특별자치도 제주시 도남동,중상사고,0,1,0,0,차대차 - 측면충돌,안전운전불이행,젖음/습기,흐림,단일로 - 기타,승용,남,40세,상해없음,이륜,남,30세,중상
2020112300100035,2020년 11월 23일 05시,월요일,제주특별자치도 서귀포시 성산읍,부상신고사고,0,0,0,1,차대차 - 기타,안전운전불이행,건조,기타,교차로 - 교차로안,승용,남,31세,상해없음,화물,남,52세,상해없음
2020112300100048,2020년 11월 23일 06시,월요일,제주특별자치도 제주시 노형동,중상사고,0,1,0,0,차대사람 - 차도통행중,안전운전불이행,건조,맑음,교차로 - 교차로부근,승용,남,49세,상해없음,보행자,여,68세,중상
2020112300100115,2020년 11월 23일 08시,월요일,제주특별자치도 제주시 아라이동,경상사고,0,0,1,0,차대차 - 측면충돌,교차로운행방법위반,건조,맑음,교차로 - 교차로부근,승용,여,34세,상해없음,승용,여,39세,경상
2020112300100186,2020년 11월 23일 10시,월요일,제주특별자치도 서귀포시 서귀동,경상사고,0,0,1,0,차량단독 - 공작물충돌,안전운전불이행,건조,맑음,주차장 - 주차장,승용,남,57세,경상,,,,
2020112300100187,2020년 11월 23일 10시,월요일,제주특별자치도 제주시 애월읍,경상사고,0,0,1,0,차대사람 - 기타,불법유턴,건조,맑음,단일로 - 기타,승합,남,48세,상해없음,보행자,남,34세,경상
2020112300100260,2020년 11월 23일 12시,월요일,제주특별자치도 제주시 오라일동,경상사고,0,0,2,0,차대차 - 측면충돌,안전운전불이행,건조,맑음,교차로 - 교차로안,승용,남,56세,상해없음,승용,남,49세,경상
2020112300100303,2020년 11월 23일 13시,월요일,제주특별자치도 서귀포시 남원읍,경상사고,0,0,1,0,차대사람 - 기타,안전운전불이행,건조,맑음,단일로 - 기타,승용,여,42세,상해없음,보행자,남,30세,경상
2020112300100403,2020년 11월 23일 16시,월요일,제주특별자치도 서귀포시 색달동,경상사고,0,0,1,0,차대차 - 추돌,안전거리미확보,건조,맑음,교차로 - 교차로부근,화물,남,37세,상해없음,승용,여,38세,경상
2020112300100404,2020년 11월 23일 16시,월요일,제주특별자치도 제주시 애월읍,경상사고,0,0,2,0,차대사람 - 길가장자리구역통행중,안전운전불이행,건조,맑음,단일로 - 기타,승용,여,34세,상해없음,보행자,여,43세,경상
2020112300100405,2020년 11월 23일 16시,월요일,제주특별자치도 제주시 애월읍,중상사고,0,1,0,0,차대사람 - 기타,안전운전불이행,건조,맑음,단일로 - 기타,화물,남,55세,상해없음,보행자,여,7세,중상
2020112300100511,2020년 11월 23일 18시,월요일,제주특별자치도 제주시 구좌읍,경상사고,0,0,1,0,차대사람 - 길가장자리구역통행중,안전운전불이행,건조,맑음,단일로 - 기타,승용,여,47세,상해없음,보행자,남,25세,경상
2020112300100512,2020년 11월 23일 18시,월요일,제주특별자치도 제주시 삼도일동,경상사고,0,0,3,1,차대차 - 측면충돌,직진우회전진행방해,건조,맑음,교차로 - 교차로안,승용,여,39세,상해없음,승용,여,48세,경상
2020112400100105,2020년 11월 24일 08시,화요일,제주특별자치도 제주시 이도이동,중상사고,0,1,0,0,차대사람 - 길가장자리구역통행중,보행자보호의무위반,건조,맑음,단일로 - 기타,승용,여,25세,상해없음,보행자,남,24세,중상
2020112400100106,2020년 11월 24일 08시,화요일,제주특별자치도 서귀포시 법환동,중상사고,0,1,2,0,차대차 - 기타,직진우회전진행방해,건조,맑음,교차로 - 교차로안,승용,남,69세,경상,승용,여,35세,중상
2020112400100132,2020년 11월 24일 09시,화요일,제주특별자치도 제주시 연동,경상사고,0,0,1,0,차량단독 - 기타,안전운전불이행,건조,맑음,교차로 - 교차로부근,승용,남,68세,상해없음,,,,
2020112400100253,2020년 11월 24일 13시,화요일,제주특별자치도 서귀포시 안덕면,경상사고,0,0,3,0,차대차 - 측면충돌,직진우회전진행방해,건조,맑음,교차로 - 교차로안,승용,남,18세,상해없음,승용,여,35세,경상
2020112400100254,2020년 11월 24일 13시,화요일,제주특별자치도 서귀포시 남원읍,경상사고,0,0,2,0,차대차 - 기타,직진우회전진행방해,건조,맑음,교차로 - 교차로안,승용,여,41세,경상,승용,남,30세,경상
2020112400100335,2020년 11월 24일 15시,화요일,제주특별자치도 서귀포시 안덕면,경상사고,0,0,2,0,차대차 - 기타,안전운전불이행,건조,맑음,교차로 - 교차로안,승용,여,57세,경상,승용,여,33세,경상
2020112400100337,2020년 11월 24일 15시,화요일,제주특별자치도 제주시 도두일동,경상사고,0,0,1,0,차대사람 - 횡단중,신호위반,건조,맑음,교차로 - 교차로안,화물,남,46세,상해없음,보행자,여,20세,경상
2020112400100379,2020년 11월 24일 16시,화요일,제주특별자치도 제주시 연동,중상사고,0,1,0,0,차대차 - 기타,신호위반,건조,맑음,교차로 - 교차로안,화물,남,58세,상해없음,이륜,남,40세,중상
2020112400100380,2020년 11월 24일 16시,화요일,제주특별자치도 제주시 한림읍,경상사고,0,0,2,0,차대차 - 측면충돌,직진우회전진행방해,건조,맑음,교차로 - 교차로안,승용,남,58세,기타불명,승용,여,40세,경상
2020112400100381,2020년 11월 24일 16시,화요일,제주특별자치도 제주시 애월읍,경상사고,0,0,1,1,차대차 - 정면충돌,직진우회전진행방해,건조,맑음,교차로 - 교차로안,승용,여,48세,부상신고,화물,남,53세,경상
2020112400100429,2020년 11월 24일 17시,화요일,제주특별자치도 제주시 한경면,부상신고사고,0,0,0,1,차량단독 - 공작물충돌,안전운전불이행,건조,맑음,교차로 - 교차로부근,승용,남,69세,부상신고,,,,
2020112400100430,2020년 11월 24일 17시,화요일,제주특별자치도 제주시 애월읍,경상사고,0,0,4,0,차대차 - 추돌,안전운전불이행,건조,맑음,교차로 - 교차로부근,승용,남,63세,상해없음,승용,여,43세,경상
2020112400100486,2020년 11월 24일 18시,화요일,제주특별자치도 제주시 오라일동,경상사고,0,0,1,0,차대차 - 기타,교차로운행방법위반,건조,맑음,교차로 - 교차로안,승용,여,49세,상해없음,이륜,남,26세,경상
2020112400100487,2020년 11월 24일 18시,화요일,제주특별자치도 제주시 조천읍,경상사고,0,0,4,0,차대차 - 추돌,안전운전불이행,건조,맑음,단일로 - 기타,화물,남,61세,상해없음,승용,남,68세,경상
2020112500100168,2020년 11월 25일 10시,수요일,제주특별자치도 제주시 아라일동,경상사고,0,0,1,0,차대차 - 측면충돌,안전운전불이행,건조,맑음,교차로 - 교차로부근,승용,여,48세,상해없음,이륜,남,33세,경상
2020112500100169,2020년 11월 25일 10시,수요일,제주특별자치도 제주시 봉개동,경상사고,0,0,1,0,차대차 - 측면충돌,기타,건조,맑음,교차로 - 교차로부근,승용,남,61세,상해없음,승용,여,28세,경상
2020112500100237,2020년 11월 25일 12시,수요일,제주특별자치도 제주시 아라일동,경상사고,0,0,1,0,차대차 - 기타,안전거리미확보,건조,맑음,교차로 - 교차로부근,승용,여,24세,상해없음,승용,남,23세,경상
2020112500100238,2020년 11월 25일 12시,수요일,제주특별자치도 제주시 건입동,경상사고,0,0,1,0,차대차 - 추돌,안전거리미확보,건조,맑음,교차로 - 교차로부근,화물,남,57세,상해없음,승용,여,40세,경상
2020112500100239,2020년 11월 25일 12시,수요일,제주특별자치도 제주시 조천읍,경상사고,0,0,3,0,차대차 - 측면충돌,안전거리미확보,건조,맑음,교차로 - 교차로부근,승용,남,78세,상해없음,승용,여,31세,경상
2020112500100271,2020년 11월 25일 13시,수요일,제주특별자치도 서귀포시 서홍동,경상사고,0,0,1,0,차대차 - 측면충돌,안전거리미확보,건조,맑음,단일로 - 기타,이륜,남,28세,경상,승용,남,31세,상해없음
2020112500100272,2020년 11월 25일 13시,수요일,제주특별자치도 제주시 애월읍,경상사고,0,0,1,1,차대차 - 측면충돌,직진우회전진행방해,건조,맑음,교차로 - 교차로안,화물,남,37세,경상,승용,남,57세,부상신고
2020112500100300,2020년 11월 25일 14시,수요일,제주특별자치도 제주시 조천읍,경상사고,0,0,1,0,차대차 - 측면충돌,중앙선침범,건조,맑음,단일로 - 기타,승용,남,34세,상해없음,이륜,여,69세,경상
2020112500100301,2020년 11월 25일 14시,수요일,제주특별자치도 제주시 조천읍,경상사고,0,0,1,0,차대차 - 측면충돌,교차로운행방법위반,건조,맑음,교차로 - 교차로안,승용,남,79세,상해없음,승용,여,60세,경상
2020112500100302,2020년 11월 25일 14시,수요일,제주특별자치도 제주시 한림읍,중상사고,0,1,1,0,차대차 - 추돌,안전거리미확보,건조,맑음,단일로 - 기타,승용,남,41세,상해없음,승용,남,35세,경상
2020112500100341,2020년 11월 25일 15시,수요일,제주특별자치도 제주시 일도이동,경상사고,0,0,1,0,차대차 - 기타,안전운전불이행,건조,맑음,단일로 - 기타,승용,여,37세,상해없음,승합,남,46세,상해없음
2020112500100384,2020년 11월 25일 16시,수요일,제주특별자치도 제주시 삼도일동,경상사고,0,0,1,0,차대사람 - 보도통행중,기타,건조,맑음,기타 - 기타,승합,남,47세,상해없음,보행자,남,54세,경상