사고번호,사고일시,요일,시군구,사고내용,사망자수,중상자수,경상자수,부상신고자수,사고유형,법규위반,노면상태,기상상태,도로형태,가해운전자 차종,가해운전자 성별,가해운전자 연령,가해운전자 상해정도,피해운전자 차종,피해운전자 성별,피해운전자 연령,피해운전자 상해정도
2020120700100069,2020년 12월 7일 07시,월요일,제주특별자치도 제주시 오라삼동,경상사고,0,0,1,0,차대차 - 기타,교차로운행방법위반,건조,맑음,교차로 - 교차로안,승용,남,49세,상해없음,승용,남,60세,경상
2020120700100094,2020년 12월 7일 08시,월요일,제주특별자치도 제주시 오라일동,경상사고,0,0,1,0,차대차 - 기타,안전운전불이행,건조,맑음,교차로 - 교차로안,승용,남,59세,상해없음,승용,여,43세,경상
2020120700100120,2020년 12월 7일 09시,월요일,제주특별자치도 제주시 삼도일동,경상사고,0,0,1,0,차대사람 - 횡단중,보행자보호의무위반,건조,맑음,교차로 - 교차로안,승용,남,65세,상해없음,보행자,남,74세,경상
2020120700100121,2020년 12월 7일 09시,월요일,제주특별자치도 제주시 건입동,경상사고,0,0,1,0,차대차 - 측면충돌,교차로운행방법위반,건조,맑음,교차로 - 교차로안,승용,남,63세,상해없음,자전거,남,78세,경상
2020120700100122,2020년 12월 7일 09시,월요일,제주특별자치도 제주시 이호일동,중상사고,0,1,0,0,차대사람 - 횡단중,보행자보호의무위반,건조,맑음,교차로 - 교차로안,승용,남,50세,상해없음,보행자,남,86세,중상
2020120700100123,2020년 12월 7일 09시,월요일,제주특별자치도 제주시 노형동,경상사고,0,0,1,0,차대사람 - 보도통행중,신호위반,건조,맑음,교차로 - 교차로안,승용,남,68세,상해없음,보행자,여,43세,경상
2020120700100154,2020년 12월 7일 10시,월요일,제주특별자치도 서귀포시 동홍동,경상사고,0,0,1,0,차대차 - 측면충돌,안전거리미확보,건조,맑음,단일로 - 기타,화물,남,51세,상해없음,승용,여,38세,경상
2020120700100227,2020년 12월 7일 13시,월요일,제주특별자치도 서귀포시 대정읍,경상사고,0,0,3,0,차대차 - 측면충돌,과속,건조,맑음,교차로 - 교차로안,화물,남,39세,상해없음,승용,남,40세,경상
2020120700100282,2020년 12월 7일 15시,월요일,제주특별자치도 제주시 용담일동,경상사고,0,0,3,0,차대차 - 측면충돌,안전운전불이행,건조,맑음,단일로 - 기타,승용,여,50세,상해없음,승합,여,40세,경상
2020120700100283,2020년 12월 7일 15시,월요일,제주특별자치도 제주시 이도이동,중상사고,0,1,3,0,차대차 - 측면충돌,직진우회전진행방해,건조,맑음,교차로 - 교차로안,승용,여,27세,상해없음,승용,남,23세,경상
2020120700100364,2020년 12월 7일 17시,월요일,제주특별자치도 서귀포시 동홍동,중상사고,0,1,0,0,차대사람 - 횡단중,보행자보호의무위반,건조,맑음,단일로 - 기타,화물,남,42세,상해없음,보행자,여,13세,중상
2020120700100407,2020년 12월 7일 18시,월요일,제주특별자치도 제주시 이도이동,경상사고,0,0,1,0,차대차 - 기타,안전운전불이행,건조,맑음,교차로 - 교차로안,승용,남,70세,상해없음,승용,여,55세,경상
2020120700100408,2020년 12월 7일 18시,월요일,제주특별자치도 제주시 애월읍,경상사고,0,0,2,0,차대차 - 측면충돌,직진우회전진행방해,건조,맑음,교차로 - 교차로안,승용,남,38세,경상,승용,여,49세,경상
2020120700100409,2020년 12월 7일 18시,월요일,제주특별자치도 제주시 연동,부상신고사고,0,0,0,2,차대차 - 측면충돌,직진우회전진행방해,건조,맑음,교차로 - 교차로안,승용,여,31세,부상신고,승용,여,56세,부상신고
2020120700100448,2020년 12월 7일 19시,월요일,제주특별자치도 제주시 일도일동,경상사고,0,0,1,0,차대사람 - 기타,안전운전불이행,건조,맑음,단일로 - 기타,승용,남,26세,상해없음,보행자,여,59세,경상
2020120800100095,2020년 12월 8일 08시,화요일,제주특별자치도 서귀포시 서호동,경상사고,0,0,1,0,차대차 - 추돌,안전운전불이행,건조,맑음,교차로 - 교차로부근,화물,남,23세,상해없음,승용,여,57세,경상
2020120800100096,2020년 12월 8일 08시,화요일,제주특별자치도 서귀포시 토평동,경상사고,0,0,1,0,차대차 - 기타,차로위반,건조,맑음,기타 - 기타,승용,남,42세,상해없음,화물,남,56세,경상
2020120800100135,2020년 12월 8일 09시,화요일,제주특별자치도 제주시 도남동,경상사고,0,0,1,1,차대차 - 기타,교차로운행방법위반,건조,맑음,교차로 - 교차로안,승용,여,34세,부상신고,승용,여,40세,경상
2020120800100136,2020년 12월 8일 09시,화요일,제주특별자치도 제주시 노형동,경상사고,0,0,1,0,차대차 - 기타,안전거리미확보,건조,맑음,단일로 - 기타,화물,남,49세,상해없음,승용,여,24세,경상
2020120800100221,2020년 12월 8일 12시,화요일,제주특별자치도 제주시 이도일동,경상사고,0,0,1,0,차대사람 - 기타,기타,건조,맑음,단일로 - 기타,승합,남,64세,상해없음,보행자,여,74세,경상
2020120800100222,2020년 12월 8일 12시,화요일,제주특별자치도 제주시 연동,경상사고,0,0,1,1,차대차 - 측면충돌,직진우회전진행방해,건조,맑음,교차로 - 교차로안,승용,남,37세,부상신고,이륜,남,61세,경상
2020120800100258,2020년 12월 8일 13시,화요일,제주특별자치도 서귀포시 남원읍,중상사고,0,1,1,1,차대차 - 정면충돌,교차로운행방법위반,건조,맑음,교차로 - 교차로안,승용,남,56세,경상,화물,남,58세,부상신고
2020120800100259,2020년 12월 8일 13시,화요일,제주특별자치도 제주시 노형동,경상사고,0,0,1,0,차대차 - 기타,직진우회전진행방해,건조,맑음,교차로 - 교차로안,승용,남,22세,상해없음,이륜,남,35세,경상
2020120800100345,2020년 12월 8일 15시,화요일,제주특별자치도 서귀포시 서홍동,경상사고,0,0,2,0,차대차 - 측면충돌,직진우회전진행방해,건조,맑음,교차로 - 교차로안,화물,남,64세,상해없음,승용,여,48세,경상
2020120800100346,2020년 12월 8일 15시,화요일,제주특별자치도 제주시 한경면,경상사고,0,0,1,0,차대차 - 측면충돌,직진우회전진행방해,건조,맑음,교차로 - 교차로안,이륜,여,75세,경상,승용,남,49세,상해없음
2020120800100379,2020년 12월 8일 16시,화요일,제주특별자치도 제주시 일도이동,중상사고,0,1,0,0,차대사람 - 횡단중,보행자보호의무위반,건조,맑음,교차로 - 교차로횡단보도내,승용,남,67세,상해없음,보행자,여,73세,중상
2020120800100429,2020년 12월 8일 17시,화요일,제주특별자치도 제주시 봉개동,중상사고,0,1,0,0,차대사람 - 횡단중,보행자보호의무위반,건조,맑음,교차로 - 교차로안,승용,남,52세,상해없음,보행자,남,16세,중상
2020120800100431,2020년 12월 8일 17시,화요일,제주특별자치도 제주시 한경면,중상사고,0,1,0,0,차대사람 - 횡단중,안전운전불이행,건조,맑음,단일로 - 기타,승용,여,39세,상해없음,보행자,여,62세,중상
2020120800100495,2020년 12월 8일 18시,화요일,제주특별자치도 서귀포시 안덕면,중상사고,0,1,1,0,차대차 - 정면충돌,신호위반,건조,맑음,교차로 - 교차로안,승용,남,61세,상해없음,승용,여,54세,중상
2020120800100532,2020년 12월 8일 19시,화요일,제주특별자치도 제주시 외도일동,경상사고,0,0,2,0,차대차 - 기타,안전운전불이행,건조,맑음,단일로 - 기타,화물,남,65세,상해없음,화물,여,59세,경상
2020120900100023,2020년 12월 9일 05시,수요일,제주특별자치도 제주시 이도이동,경상사고,0,0,1,0,차대차 - 추돌,안전운전불이행,건조,맑음,교차로 - 교차로부근,승용,남,81세,상해없음,승용,여,54세,경상
2020120900100097,2020년 12월 9일 08시,수요일,제주특별자치도 제주시 오라이동,중상사고,0,2,0,0,차대차 - 추돌,안전운전불이행,건조,맑음,단일로 - 기타,화물,남,47세,상해없음,승용,여,49세,중상
2020120900100098,2020년 12월 9일 08시,수요일,제주특별자치도 제주시 노형동,경상사고,0,0,1,0,차대사람 - 횡단중,보행자보호의무위반,건조,맑음,교차로 - 교차로횡단보도내,승용,남,61세,상해없음,보행자,여,21세,경상
2020120900100099,2020년 12월 9일 08시,수요일,제주특별자치도 제주시 노형동,중상사고,0,1,1,0,차대사람 - 횡단중,보행자보호의무위반,건조,맑음,교차로 - 교차로안,승합,여,41세,상해없음,보행자,여,82세,중상
2020120900100172,2020년 12월 9일 10시,수요일,제주특별자치도 제주시 한림읍,중상사고,0,1,0,0,차대사람 - 기타,안전운전불이행,건조,맑음,기타 - 기타,승용,여,51세,상해없음,보행자,여,87세,중상
2020120900100344,2020년 12월 9일 16시,수요일,제주특별자치도 제주시 이도이동,경상사고,0,0,1,0,차대차 - 측면충돌,안전운전불이행,건조,맑음,교차로 - 교차로안,승용,남,43세,상해없음,승용,여,34세,경상
2020120900100378,2020년 12월 9일 17시,수요일,제주특별자치도 제주시 애월읍,경상사고,0,0,1,0,차대차 - 추돌,안전운전불이행,건조,맑음,단일로 - 기타,승합,남,45세,상해없음,승용,남,53세,경상
2020120900100438,2020년 12월 9일 18시,수요일,제주특별자치도 제주시 화북이동,경상사고,0,0,1,0,차대차 - 추돌,안전거리미확보,건조,맑음,단일로 - 기타,화물,남,57세,상해없음,승용,남,50세,경상
2020120900100439,2020년 12월 9일 18시,수요일,제주특별자치도 제주시 이도이동,경상사고,0,0,2,0,차대차 - 측면충돌,안전운전불이행,건조,맑음,단일로 - 기타,승용,남,61세,상해없음,승용,여,27세,경상
2020120900100530,2020년 12월 9일 20시,수요일,제주특별자치도 제주시 연동,경상사고,0,0,1,0,차대차 - 기타,안전운전불이행,건조,맑음,단일로 - 기타,승용,남,52세,상해없음,개인형이동수단(PM),남,40세,경상
2020120900100564,2020년 12월 9일 21시,수요일,제주특별자치도 제주시 삼도일동,경상사고,0,0,1,0,차대사람 - 보도통행중,안전운전불이행,건조,맑음,교차로 - 교차로부근,원동기,남,64세,상해없음,보행자,여,44세,경상
2020121000100010,2020년 12월 10일 01시,목요일,제주특별자치도 제주시 한림읍,경상사고,0,0,1,0,차대차 - 기타,신호위반,건조,맑음,교차로 - 교차로안,화물,남,53세,상해없음,승용,남,40세,경상
2020121000100078,2020년 12월 10일 08시,목요일,제주특별자치도 제주시 이도일동,경상사고,0,0,1,0,차대사람 - 기타,기타,건조,맑음,단일로 - 기타,승용,남,56세,상해없음,보행자,남,54세,경상
2020121000100120,2020년 12월 10일 10시,목요일,제주특별자치도 제주시 도련일동,경상사고,0,0,1,0,차대차 - 추돌,안전운전불이행,건조,맑음,교차로 - 교차로부근,화물,남,53세,상해없음,승용,남,57세,상해없음
2020121000100175,2020년 12월 10일 12시,목요일,제주특별자치도 제주시 도련일동,경상사고,0,0,1,0,차대차 - 측면충돌,안전운전불이행,건조,맑음,교차로 - 교차로횡단보도내,승용,여,42세,상해없음,이륜,남,31세,경상
2020121000100332,2020년 12월 10일 17시,목요일,제주특별자치도 제주시 일도이동,부상신고사고,0,0,0,1,차대사람 - 기타,신호위반,건조,맑음,단일로 - 기타,기타불명,기타불명,미분류,기타불명,보행자,남,36세,부상신고
2020121000100527,2020년 12월 10일 22시,목요일,제주특별자치도 서귀포시 남원읍,중상사고,0,1,5,0,차대차 - 추돌,안전운전불이행,건조,맑음,단일로 - 기타,승용,남,25세,상해없음,승용,여,22세,경상
2020121100100062,2020년 12월 11일 07시,금요일,제주특별자치도 제주시 조천읍,경상사고,0,0,1,0,차대차 - 추돌,안전운전불이행,건조,맑음,단일로 - 기타,화물,남,44세,상해없음,화물,남,33세,경상
2020121100100085,2020년 12월 11일 08시,금요일,제주특별자치도 제주시 오라이동,중상사고,0,1,0,0,차대차 - 기타,직진우회전진행방해,건조,맑음,교차로 - 교차로안,승용,여,48세,상해없음,승합,남,38세,상해없음
2020121100100119,2020년 12월 11일 10시,금요일,제주특별자치도 제주시 한림읍,경상사고,0,0,1,0,차대차 - 정면충돌,직진우회전진행방해,건조,맑음,교차로 - 교차로안,승용,여,48세,경상,화물,남,75세,상해없음
2020121100100252,2020년 12월 11일 14시,금요일,제주특별자치도 제주시 노형동,경상사고,0,0,1,0,차대차 - 측면충돌,직진우회전진행방해,건조,맑음,교차로 - 교차로안,승용,여,54세,경상,화물,남,49세,상해없음
2020121100100253,2020년 12월 11일 14시,금요일,제주특별자치도 제주시 노형동,부상신고사고,0,0,0,1,차대차 - 측면충돌,직진우회전진행방해,건조,맑음,교차로 - 교차로안,승용,여,54세,부상신고,화물,남,49세,상해없음
2020121100100367,2020년 12월 11일 17시,금요일,제주특별자치도 제주시 한림읍,경상사고,0,0,1,0,차대차 - 추돌,안전거리미확보,건조,맑음,단일로 - 기타,승용,남,26세,경상,승용,남,45세,상해없음
2020121100100368,2020년 12월 11일 17시,금요일,제주특별자치도 제주시 용담이동,경상사고,0,0,1,0,차대차 - 측면충돌,교차로운행방법위반,건조,맑음,단일로 - 기타,승용,남,71세,상해없음,승용,여,60세,경상
2020121100100432,2020년 12월 11일 18시,금요일,제주특별자치도 서귀포시 법환동,경상사고,0,0,1,0,차대차 - 측면충돌,안전운전불이행,건조,맑음,교차로 - 교차로안,승용,여,49세,상해없음,승용,남,33세,경상
2020121100100485,2020년 12월 11일 19시,금요일,제주특별자치도 제주시 아라일동,부상신고사고,0,0,0,1,차대차 - 측면충돌,안전운전불이행,젖음/습기,흐림,단일로 - 기타,이륜,남,34세,부상신고,승용,남,40세,상해없음
2020121100100486,2020년 12월 11일 19시,금요일,제주특별자치도 서귀포시 서귀동,경상사고,0,0,1,0,차대차 - 기타,안전거리미확보,건조,맑음,교차로 - 교차로안,건설기계,남,65세,상해없음,승용,여,50세,경상
2020121200100011,2020년 12월 12일 01시,토요일,제주특별자치도 제주시 오등동,중상사고,0,1,0,0,차대차 - 추돌,안전운전불이행,건조,맑음,교차로 - 교차로부근,승용,남,26세,상해없음,승용,여,19세,중상
2020121200100024,2020년 12월 12일 02시,토요일,제주특별자치도 제주시 이도이동,경상사고,0,0,1,0,차대차 - 기타,안전거리미확보,건조,맑음,교차로 - 교차로부근,승용,남,54세,상해없음,이륜,남,41세,경상
2020121200100029,2020년 12월 12일 04시,토요일,제주특별자치도 제주시 애월읍,경상사고,0,0,3,0,차대차 - 기타,안전운전불이행,건조,맑음,단일로 - 기타,승용,남,27세,경상,승용,남,42세,경상
2020121200100267,2020년 12월 12일 15시,토요일,제주특별자치도 제주시 이도이동,경상사고,0,0,2,0,차대차 - 추돌,안전운전불이행,건조,맑음,교차로 - 교차로부근,승용,남,52세,상해없음,화물,남,37세,경상
2020121200100268,2020년 12월 12일 15시,토요일,제주특별자치도 제주시 용담삼동,경상사고,0,0,1,0,차대사람 - 횡단중,보행자보호의무위반,건조,맑음,단일로 - 기타,승용,남,27세,상해없음,보행자,남,40세,경상
2020121200100294,2020년 12월 12일 16시,토요일,제주특별자치도 제주시 노형동,경상사고,0,0,1,0,차대차 - 후진중충돌,안전운전불이행,건조,맑음,단일로 - 기타,승용,남,29세,상해없음,이륜,남,38세,경상
2020121200100382,2020년 12월 12일 18시,토요일,제주특별자치도 서귀포시 안덕면,중상사고,0,1,0,1,차대차 - 기타,신호위반,건조,맑음,교차로 - 교차로안,승용,남,62세,부상신고,화물,남,37세,중상
2020121200100446,2020년 12월 12일 20시,토요일,제주특별자치도 제주시 화북일동,경상사고,0,0,1,0,차대사람 - 기타,안전운전불이행,건조,맑음,단일로 - 기타,승용,남,44세,상해없음,보행자,남,25세,경상
2020121200100470,2020년 12월 12일 21시,토요일,제주특별자치도 제주시 일도이동,부상신고사고,0,0,0,1,차량단독 - 공작물충돌,안전운전불이행,건조,맑음,단일로 - 기타,이륜,남,23세,부상신고,,,,
2020121300100008,2020년 12월 13일 00시,일요일,제주특별자치도 서귀포시 안덕면,경상사고,0,0,1,0,차량단독 - 공작물충돌,안전운전불이행,건조,맑음,단일로 - 기타,화물,남,37세,경상,,,,
2020121300100036,2020년 12월 13일 06시,일요일,제주특별자치도 제주시 노형동,경상사고,0,0,1,0,차대차 - 기타,신호위반,건조,맑음,교차로 - 교차로안,승용,남,27세,상해없음,승합,남,42세,경상
2020121300100158,2020년 12월 13일 13시,일요일,제주특별자치도 제주시 삼도이동,경상사고,0,0,2,0,차대차 - 기타,교차로운행방법위반,건조,맑음,교차로 - 교차로안,승용,여,37세,경상,승용,여,66세,경상
2020121300100176,2020년 12월 13일 14시,일요일,제주특별자치도 제주시 도남동,경상사고,0,0,2,0,차대차 - 후진중충돌,안전운전불이행,건조,맑음,단일로 - 기타,승용,남,38세,상해없음,승용,여,49세,경상
2020121300100207,2020년 12월 13일 15시,일요일,제주특별자치도 제주시 삼도이동,경상사고,0,0,2,0,차대차 - 기타,직진우회전진행방해,기타,기타,교차로 - 교차로안,승용,남,66세,경상,승용,남,68세,경상
2020121300100208,2020년 12월 13일 15시,일요일,제주특별자치도 제주시 한림읍,경상사고,0,0,2,0,차대차 - 정면충돌,중앙선침범,건조,맑음,단일로 - 기타,승용,남,71세,상해없음,승용,남,46세,경상
2020121300100225,2020년 12월 13일 16시,일요일,제주특별자치도 제주시 이도이동,경상사고,0,0,1,0,차대차 - 추돌,안전운전불이행,건조,맑음,단일로 - 기타,승용,여,55세,상해없음,이륜,남,23세,경상
2020121300100289,2020년 12월 13일 18시,일요일,제주특별자치도 서귀포시 중문동,중상사고,0,1,0,0,차대사람 - 횡단중,보행자보호의무위반,건조,맑음,단일로 - 기타,승합,남,56세,상해없음,보행자,여,85세,중상
2020121300100322,2020년 12월 13일 19시,일요일,제주특별자치도 제주시 오라일동,경상사고,0,0,1,0,차대차 - 정면충돌,중앙선침범,건조,맑음,단일로 - 기타,승용,남,52세,상해없음,이륜,여,41세,경상
2020121300100323,2020년 12월 13일 19시,일요일,제주특별자치도 제주시 오라일동,경상사고,0,0,2,0,차대차 - 측면충돌,안전거리미확보,건조,맑음,단일로 - 기타,승용,여,29세,상해없음,화물,남,62세,경상
2020121300100324,2020년 12월 13일 19시,일요일,제주특별자치도 서귀포시 남원읍,경상사고,0,0,1,0,차대차 - 추돌,안전운전불이행,건조,맑음,교차로 - 교차로부근,화물,여,61세,상해없음,승용,남,48세,경상
2020121300100360,2020년 12월 13일 21시,일요일,제주특별자치도 서귀포시 서귀동,중상사고,0,1,0,0,차대차 - 기타,안전운전불이행,건조,맑음,단일로 - 기타,이륜,남,36세,중상,승용,남,55세,상해없음
2020121400100150,2020년 12월 14일 10시,월요일,제주특별자치도 제주시 애월읍,중상사고,0,1,1,0,차대차 - 측면충돌,교차로운행방법위반,젖음/습기,비,교차로 - 교차로안,화물,남,49세,중상,승용,여,31세,경상
2020121400100173,2020년 12월 14일 11시,월요일,제주특별자치도 서귀포시 성산읍,경상사고,0,0,1,0,차대사람 - 기타,보행자보호의무위반,건조,맑음,교차로 - 교차로안,이륜,여,72세,상해없음,보행자,여,73세,경상
2020121400100201,2020년 12월 14일 12시,월요일,제주특별자치도 제주시 연동,경상사고,0,0,1,0,차대차 - 기타,직진우회전진행방해,건조,맑음,교차로 - 교차로안,승용,남,30세,상해없음,이륜,남,45세,경상
2020121400100234,2020년 12월 14일 13시,월요일,제주특별자치도 제주시 애월읍,경상사고,0,0,3,0,차대차 - 측면충돌,안전운전불이행,서리/결빙,눈,교차로 - 교차로안,승합,남,52세,상해없음,승용,남,39세,경상
2020121400100270,2020년 12월 14일 14시,월요일,제주특별자치도 서귀포시 서귀동,부상신고사고,0,0,0,2,차대차 - 측면충돌,차로위반,건조,맑음,교차로 - 교차로안,화물,남,61세,상해없음,승용,남,64세,부상신고
2020121400100307,2020년 12월 14일 15시,월요일,제주특별자치도 제주시 애월읍,경상사고,0,0,1,0,차량단독 - 기타,기타,건조,맑음,단일로 - 기타,승합,남,30세,상해없음,,,,
2020121400100308,2020년 12월 14일 15시,월요일,제주특별자치도 제주시 노형동,경상사고,0,0,3,0,차대차 - 기타,안전거리미확보,건조,맑음,교차로 - 교차로부근,승합,남,69세,상해없음,승용,남,27세,경상
2020121400100431,2020년 12월 14일 18시,월요일,제주특별자치도 제주시 노형동,경상사고,0,0,1,0,차대차 - 기타,안전운전불이행,젖음/습기,흐림,단일로 - 기타,승용,여,29세,기타불명,원동기,남,34세,경상
2020121400100523,2020년 12월 14일 21시,월요일,제주특별자치도 제주시 화북일동,중상사고,0,1,0,0,차대사람 - 보도통행중,중앙선침범,건조,맑음,단일로 - 기타,화물,남,56세,상해없음,보행자,남,44세,중상
2020121400100552,2020년 12월 14일 23시,월요일,제주특별자치도 제주시 연동,경상사고,0,0,1,0,차대차 - 기타,안전운전불이행,건조,기타,교차로 - 교차로부근,승용,남,50세,상해없음,승용,여,26세,상해없음
2020121500100095,2020년 12월 15일 09시,화요일,제주특별자치도 제주시 아라일동,경상사고,0,0,2,1,차대차 - 기타,직진우회전진행방해,건조,맑음,교차로 - 교차로안,승합,남,41세,부상신고,승용,여,33세,경상
2020121500100120,2020년 12월 15일 10시,화요일,제주특별자치도 제주시 이도이동,경상사고,0,0,1,0,차대차 - 기타,안전거리미확보,건조,맑음,기타 - 기타,화물,남,52세,상해없음,승용,여,31세,경상
2020121500100152,2020년 12월 15일 11시,화요일,제주특별자치도 서귀포시 동홍동,중상사고,0,1,0,0,차대차 - 추돌,안전운전불이행,건조,맑음,단일로 - 기타,승용,남,87세,상해없음,화물,남,83세,중상
2020121500100216,2020년 12월 15일 13시,화요일,제주특별자치도 서귀포시 동홍동,경상사고,0,0,1,0,차대차 - 측면충돌,안전운전불이행,건조,맑음,교차로 - 교차로안,승용,여,40세,기타불명,승용,여,31세,경상
2020121500100255,2020년 12월 15일 14시,화요일,제주특별자치도 제주시 도두일동,경상사고,0,0,2,0,차대차 - 추돌,안전운전불이행,건조,맑음,단일로 - 기타,승용,여,38세,상해없음,화물,남,45세,경상
2020121500100293,2020년 12월 15일 15시,화요일,제주특별자치도 제주시 도남동,경상사고,0,0,1,0,차대차 - 측면충돌,직진우회전진행방해,건조,흐림,교차로 - 교차로안,승용,남,64세,상해없음,승용,남,35세,경상
2020121500100364,2020년 12월 15일 17시,화요일,제주특별자치도 서귀포시 중문동,중상사고,0,1,2,0,차대차 - 정면충돌,중앙선침범,건조,맑음,교차로 - 교차로부근,승용,남,33세,경상,승용,남,28세,경상
2020121500100421,2020년 12월 15일 18시,화요일,제주특별자치도 제주시 구좌읍,경상사고,0,0,1,0,차대차 - 기타,안전운전불이행,건조,맑음,단일로 - 기타,승용,남,64세,상해없음,화물,남,41세,경상
2020121500100422,2020년 12월 15일 18시,화요일,제주특별자치도 서귀포시 서호동,경상사고,0,0,1,0,차대차 - 기타,안전운전불이행,건조,기타,단일로 - 기타,이륜,남,39세,경상,승합,남,52세,기타불명
2020121500100423,2020년 12월 15일 18시,화요일,제주특별자치도 서귀포시 동홍동,경상사고,0,0,1,0,차대차 - 기타,직진우회전진행방해,건조,맑음,교차로 - 교차로안,승용,남,46세,상해없음,승용,여,67세,경상
2020121500100498,2020년 12월 15일 20시,화요일,제주특별자치도 제주시 아라이동,중상사고,0,1,0,0,차대사람 - 보도통행중,기타,건조,맑음,단일로 - 기타,화물,남,30세,상해없음,보행자,여,24세,중상
2020121500100570,2020년 12월 15일 23시,화요일,제주특별자치도 제주시 도남동,중상사고,0,1,0,0,차대차 - 측면충돌,안전운전불이행,건조,맑음,단일로 - 기타,승용,남,57세,상해없음,이륜,남,41세,중상
2020121600100053,2020년 12월 16일 07시,수요일,제주특별자치도 서귀포시 안덕면,중상사고,0,1,0,0,차대차 - 기타,안전운전불이행,서리/결빙,눈,단일로 - 기타,승용,남,26세,상해없음,승용,남,66세,중상
2020121600100087,2020년 12월 16일 08시,수요일,제주특별자치도 제주시 도련일동,중상사고,0,1,0,0,차대사람 - 횡단중,보행자보호의무위반,젖음/습기,눈,교차로 - 교차로횡단보도내,승용,남,63세,상해없음,보행자,여,83세,중상
2020121600100088,2020년 12월 16일 08시,수요일,제주특별자치도 서귀포시 남원읍,경상사고,0,0,2,1,차대차 - 정면충돌,중앙선침범,건조,맑음,단일로 - 기타,승용,여,49세,부상신고,승합,여,41세,경상
2020121600100119,2020년 12월 16일 09시,수요일,제주특별자치도 서귀포시 표선면,경상사고,0,0,1,0,차대차 - 기타,직진우회전진행방해,건조,맑음,교차로 - 교차로안,승용,여,29세,상해없음,화물,남,72세,경상
2020121600100120,2020년 12월 16일 09시,수요일,제주특별자치도 제주시 노형동,경상사고,0,0,3,0,차대차 - 기타,차로위반,젖음/습기,비,교차로 - 교차로안,승용,남,39세,상해없음,승용,남,22세,경상
2020121600100187,2020년 12월 16일 12시,수요일,제주특별자치도 서귀포시 서귀동,부상신고사고,0,0,0,1,차량단독 - 기타,안전운전불이행,건조,맑음,기타 - 기타,이륜,남,46세,부상신고,,,,
2020121600100260,2020년 12월 16일 14시,수요일,제주특별자치도 제주시 노형동,경상사고,0,0,2,2,차대차 - 정면충돌,중앙선침범,건조,맑음,교차로 - 교차로부근,승용,남,22세,부상신고,승용,여,29세,경상
2020121600100313,2020년 12월 16일 16시,수요일,제주특별자치도 서귀포시 동홍동,중상사고,0,1,0,0,차대사람 - 횡단중,보행자보호의무위반,건조,맑음,교차로 - 교차로안,화물,남,49세,상해없음,보행자,여,75세,중상
2020121600100352,2020년 12월 16일 17시,수요일,제주특별자치도 제주시 한경면,중상사고,0,1,0,0,차대사람 - 횡단중,보행자보호의무위반,건조,맑음,교차로 - 교차로부근,화물,남,47세,상해없음,보행자,남,38세,중상
2020121600100353,2020년 12월 16일 17시,수요일,제주특별자치도 제주시 노형동,경상사고,0,0,1,1,차대차 - 측면충돌,직진우회전진행방해,건조,맑음,교차로 - 교차로안,승용,여,60세,부상신고,승용,남,35세,경상
2020121600100413,2020년 12월 16일 18시,수요일,제주특별자치도 제주시 한림읍,경상사고,0,0,1,0,차대차 - 측면충돌,신호위반,젖음/습기,비,교차로 - 교차로안,승용,남,22세,상해없음,승용,여,35세,경상
2020121600100414,2020년 12월 16일 18시,수요일,제주특별자치도 제주시 연동,경상사고,0,0,2,0,차대차 - 정면충돌,신호위반,건조,맑음,교차로 - 교차로안,승용,남,59세,경상,승용,남,24세,경상
2020121600100535,2020년 12월 16일 21시,수요일,제주특별자치도 서귀포시 성산읍,경상사고,0,0,1,0,차대차 - 측면충돌,직진우회전진행방해,건조,맑음,교차로 - 교차로안,승용,남,71세,상해없음,승합,남,35세,경상
2020121700100017,2020년 12월 17일 02시,목요일,제주특별자치도 제주시 연동,경상사고,0,0,1,0,차대차 - 기타,직진우회전진행방해,건조,맑음,교차로 - 교차로안,승용,남,52세,상해없음,승용,남,36세,경상
2020121700100032,2020년 12월 17일 06시,목요일,제주특별자치도 제주시 연동,경상사고,0,0,1,0,차대차 - 정면충돌,신호위반,건조,맑음,교차로 - 교차로안,화물,남,51세,상해없음,승용,여,61세,경상
2020121700100065,2020년 12월 17일 07시,목요일,제주특별자치도 서귀포시 안덕면,중상사고,0,2,0,0,차대차 - 정면충돌,중앙선침범,젖음/습기,흐림,단일로 - 기타,승용,남,48세,상해없음,승용,남,63세,중상
2020121700100098,2020년 12월 17일 08시,목요일,제주특별자치도 제주시 삼도일동,경상사고,0,0,1,0,차대사람 - 횡단중,안전운전불이행,건조,맑음,단일로 - 기타,승용,남,62세,상해없음,보행자,여,8세,경상