사고번호,사고일시,요일,시군구,사고내용,사망자수,중상자수,경상자수,부상신고자수,사고유형,법규위반,노면상태,기상상태,도로형태,가해운전자 차종,가해운전자 성별,가해운전자 연령,가해운전자 상해정도,피해운전자 차종,피해운전자 성별,피해운전자 연령,피해운전자 상해정도
2020121700100099,2020년 12월 17일 08시,목요일,제주특별자치도 제주시 건입동,경상사고,0,0,1,0,차대차 - 측면충돌,교차로운행방법위반,건조,맑음,교차로 - 교차로안,승용,남,50세,상해없음,승용,여,46세,경상
2020121700100172,2020년 12월 17일 10시,목요일,제주특별자치도 제주시 이호이동,경상사고,0,0,2,0,차대차 - 측면충돌,안전운전불이행,건조,맑음,단일로 - 기타,승합,남,39세,경상,승용,여,25세,경상
2020121700100274,2020년 12월 17일 13시,목요일,제주특별자치도 제주시 연동,경상사고,0,0,1,0,차대차 - 기타,안전운전불이행,건조,맑음,단일로 - 기타,승용,남,38세,기타불명,이륜,남,35세,경상
2020121700100302,2020년 12월 17일 14시,목요일,제주특별자치도 제주시 삼도이동,경상사고,0,0,1,0,차대사람 - 기타,안전운전불이행,건조,맑음,교차로 - 교차로부근,화물,남,32세,상해없음,보행자,남,42세,경상
2020121700100303,2020년 12월 17일 14시,목요일,제주특별자치도 서귀포시 하원동,중상사고,0,1,1,0,차대차 - 기타,기타,건조,맑음,단일로 - 기타,이륜,남,73세,중상,승용,남,27세,경상
2020121700100304,2020년 12월 17일 14시,목요일,제주특별자치도 제주시 노형동,경상사고,0,0,2,0,차대차 - 기타,안전거리미확보,건조,맑음,단일로 - 기타,승용,여,22세,상해없음,승용,여,29세,경상
2020121700100333,2020년 12월 17일 15시,목요일,제주특별자치도 제주시 건입동,경상사고,0,0,1,0,차대차 - 측면충돌,안전거리미확보,건조,맑음,단일로 - 기타,승용,남,71세,상해없음,승용,여,27세,경상
2020121700100334,2020년 12월 17일 15시,목요일,제주특별자치도 제주시 내도동,부상신고사고,0,0,0,1,차대차 - 기타,불법유턴,건조,맑음,교차로 - 교차로부근,승용,남,29세,부상신고,화물,남,83세,상해없음
2020121700100370,2020년 12월 17일 16시,목요일,제주특별자치도 제주시 삼도일동,경상사고,0,0,1,0,차대차 - 측면충돌,직진우회전진행방해,건조,맑음,교차로 - 교차로안,승용,남,42세,상해없음,승용,여,62세,경상
2020121700100451,2020년 12월 17일 18시,목요일,제주특별자치도 제주시 조천읍,경상사고,0,0,2,0,차대차 - 측면충돌,교차로운행방법위반,건조,맑음,교차로 - 교차로안,승용,남,30세,상해없음,승용,남,75세,경상
2020121700100452,2020년 12월 17일 18시,목요일,제주특별자치도 서귀포시 동홍동,중상사고,0,1,0,0,차대차 - 측면충돌,안전운전불이행,건조,맑음,교차로 - 교차로안,이륜,남,73세,중상,승용,남,25세,상해없음
2020121700100491,2020년 12월 17일 19시,목요일,제주특별자치도 제주시 노형동,경상사고,0,0,1,0,차대차 - 측면충돌,안전운전불이행,건조,흐림,교차로 - 교차로안,승용,여,24세,상해없음,승용,여,44세,경상
2020121800100067,2020년 12월 18일 07시,금요일,제주특별자치도 제주시 용담삼동,경상사고,0,0,1,0,차대차 - 기타,중앙선침범,건조,맑음,단일로 - 기타,승용,남,36세,상해없음,화물,남,53세,경상
2020121800100100,2020년 12월 18일 08시,금요일,제주특별자치도 제주시 일도이동,경상사고,0,0,2,0,차대차 - 추돌,안전거리미확보,건조,맑음,단일로 - 기타,승용,여,22세,상해없음,승용,남,37세,경상
2020121800100101,2020년 12월 18일 08시,금요일,제주특별자치도 서귀포시 동홍동,경상사고,0,0,1,0,차대차 - 정면충돌,중앙선침범,건조,맑음,단일로 - 기타,승용,남,41세,상해없음,승용,남,39세,경상
2020121800100123,2020년 12월 18일 09시,금요일,제주특별자치도 제주시 조천읍,경상사고,0,0,1,0,차대사람 - 기타,안전운전불이행,건조,맑음,단일로 - 기타,화물,남,53세,상해없음,보행자,남,32세,경상
2020121800100146,2020년 12월 18일 10시,금요일,제주특별자치도 서귀포시 동홍동,중상사고,0,1,0,0,차대차 - 정면충돌,기타,건조,맑음,교차로 - 교차로안,이륜,남,40세,중상,화물,남,72세,상해없음
2020121800100147,2020년 12월 18일 10시,금요일,제주특별자치도 서귀포시 동홍동,경상사고,0,0,1,0,차대차 - 기타,안전운전불이행,건조,맑음,교차로 - 교차로안,승용,여,44세,상해없음,이륜,남,23세,경상
2020121800100201,2020년 12월 18일 12시,금요일,제주특별자치도 제주시 애월읍,경상사고,0,0,2,0,차대차 - 기타,직진우회전진행방해,건조,맑음,교차로 - 교차로안,승용,여,54세,상해없음,승용,남,54세,경상
2020121800100359,2020년 12월 18일 16시,금요일,제주특별자치도 서귀포시 남원읍,경상사고,0,0,1,0,차대차 - 정면충돌,중앙선침범,건조,맑음,단일로 - 기타,화물,남,55세,상해없음,화물,남,31세,경상
2020121800100543,2020년 12월 18일 19시,금요일,제주특별자치도 제주시 노형동,경상사고,0,0,2,0,차대차 - 측면충돌,직진우회전진행방해,건조,맑음,교차로 - 교차로안,승용,여,47세,경상,승용,남,58세,경상
2020121900100006,2020년 12월 19일 00시,토요일,제주특별자치도 제주시 연동,경상사고,0,0,1,0,차대차 - 측면충돌,직진우회전진행방해,건조,맑음,교차로 - 교차로안,이륜,남,22세,상해없음,승용,여,35세,경상
2020121900100044,2020년 12월 19일 06시,토요일,제주특별자치도 제주시 화북일동,경상사고,0,0,1,0,차대차 - 측면충돌,안전거리미확보,건조,맑음,단일로 - 기타,화물,남,63세,상해없음,승용,남,73세,경상
2020121900100275,2020년 12월 19일 15시,토요일,제주특별자치도 제주시 용담삼동,중상사고,0,1,2,0,차대차 - 측면충돌,직진우회전진행방해,건조,맑음,교차로 - 교차로안,승용,남,29세,중상,승용,남,65세,경상
2020121900100310,2020년 12월 19일 16시,토요일,제주특별자치도 제주시 한림읍,경상사고,0,0,1,0,차량단독 - 전도전복 - 전도,안전운전불이행,건조,맑음,단일로 - 기타,승용,여,51세,경상,,,,
2020121900100353,2020년 12월 19일 17시,토요일,제주특별자치도 서귀포시 중문동,중상사고,0,1,0,0,차대차 - 기타,안전운전불이행,건조,맑음,교차로 - 교차로안,승용,남,53세,상해없음,승용,남,25세,중상
2020121900100565,2020년 12월 19일 22시,토요일,제주특별자치도 제주시 우도면,경상사고,0,0,1,0,차량단독 - 공작물충돌,안전운전불이행,건조,맑음,단일로 - 기타,승용,여,46세,경상,,,,
2020122000100006,2020년 12월 20일 00시,일요일,제주특별자치도 제주시 연동,경상사고,0,0,1,0,차대사람 - 기타,안전운전불이행,건조,맑음,단일로 - 기타,승용,남,34세,상해없음,보행자,남,30세,경상
2020122000100072,2020년 12월 20일 11시,일요일,제주특별자치도 서귀포시 대정읍,부상신고사고,0,0,0,1,차대차 - 정면충돌,직진우회전진행방해,건조,맑음,교차로 - 교차로안,승용,남,74세,부상신고,승용,여,35세,상해없음
2020122000100094,2020년 12월 20일 12시,일요일,제주특별자치도 제주시 한경면,부상신고사고,0,0,0,1,차대차 - 기타,안전운전불이행,건조,맑음,단일로 - 기타,화물,남,53세,상해없음,이륜,남,74세,부상신고
2020122000100095,2020년 12월 20일 12시,일요일,제주특별자치도 제주시 연동,경상사고,0,0,1,2,차대차 - 측면충돌,안전운전불이행,건조,맑음,교차로 - 교차로안,승용,여,35세,부상신고,승용,여,25세,경상
2020122000100124,2020년 12월 20일 13시,일요일,제주특별자치도 서귀포시 동홍동,경상사고,0,0,1,0,차대차 - 기타,안전운전불이행,건조,맑음,단일로 - 기타,화물,남,53세,상해없음,승용,여,36세,경상
2020122000100153,2020년 12월 20일 14시,일요일,제주특별자치도 제주시 구좌읍,경상사고,0,0,3,0,차대차 - 측면충돌,직진우회전진행방해,건조,맑음,교차로 - 교차로안,농기계,남,48세,상해없음,승용,남,56세,경상
2020122000100175,2020년 12월 20일 15시,일요일,제주특별자치도 서귀포시 색달동,경상사고,0,0,1,0,차대차 - 추돌,안전거리미확보,건조,맑음,교차로 - 교차로부근,이륜,남,22세,경상,승용,남,21세,상해없음
2020122100100108,2020년 12월 21일 08시,월요일,제주특별자치도 서귀포시 서홍동,중상사고,0,1,0,0,차대사람 - 횡단중,안전운전불이행,건조,맑음,단일로 - 기타,승용,남,66세,상해없음,보행자,남,9세,중상
2020122100100305,2020년 12월 21일 14시,월요일,제주특별자치도 서귀포시 남원읍,경상사고,0,0,2,0,차대차 - 기타,직진우회전진행방해,건조,맑음,교차로 - 교차로안,승용,남,63세,상해없음,승용,여,24세,경상
2020122100100537,2020년 12월 21일 19시,월요일,제주특별자치도 제주시 화북일동,경상사고,0,0,1,0,차대차 - 측면충돌,신호위반,건조,흐림,교차로 - 교차로안,승용,남,39세,상해없음,이륜,남,28세,경상
2020122100100581,2020년 12월 21일 20시,월요일,제주특별자치도 제주시 건입동,경상사고,0,0,2,0,차대차 - 추돌,안전운전불이행,건조,맑음,교차로 - 교차로부근,화물,남,48세,상해없음,승용,남,20세,경상
2020122100100627,2020년 12월 21일 22시,월요일,제주특별자치도 서귀포시 동홍동,중상사고,0,1,0,0,차대차 - 기타,안전운전불이행,건조,맑음,교차로 - 교차로부근,승합,남,60세,상해없음,이륜,남,36세,중상
2020122200100027,2020년 12월 22일 05시,화요일,제주특별자치도 제주시 연동,경상사고,0,0,1,0,차대차 - 기타,안전운전불이행,건조,맑음,교차로 - 교차로안,이륜,남,29세,경상,승용,남,51세,상해없음
2020122200100096,2020년 12월 22일 08시,화요일,제주특별자치도 제주시 아라일동,경상사고,0,0,1,1,차대차 - 정면충돌,안전운전불이행,건조,맑음,교차로 - 교차로안,승용,여,39세,부상신고,승용,여,56세,경상
2020122200100148,2020년 12월 22일 10시,화요일,제주특별자치도 제주시 노형동,부상신고사고,0,0,0,1,차대차 - 후진중충돌,불법유턴,건조,맑음,단일로 - 기타,승용,여,21세,상해없음,이륜,남,29세,부상신고
2020122200100180,2020년 12월 22일 11시,화요일,제주특별자치도 서귀포시 동홍동,경상사고,0,0,1,0,차대차 - 기타,안전거리미확보,건조,맑음,단일로 - 기타,화물,여,72세,상해없음,승용,여,53세,경상
2020122200100263,2020년 12월 22일 14시,화요일,제주특별자치도 제주시 노형동,경상사고,0,0,1,0,차대차 - 측면충돌,안전운전불이행,건조,맑음,단일로 - 기타,이륜,남,44세,경상,승용,남,45세,상해없음
2020122200100482,2020년 12월 22일 19시,화요일,제주특별자치도 제주시 도남동,경상사고,0,0,1,0,차대차 - 측면충돌,차로위반,건조,맑음,단일로 - 기타,화물,남,60세,상해없음,승용,남,23세,경상
2020122200100483,2020년 12월 22일 19시,화요일,제주특별자치도 제주시 아라일동,경상사고,0,0,1,0,차대차 - 후진중충돌,안전운전불이행,건조,맑음,교차로 - 교차로안,승용,여,52세,상해없음,승용,여,27세,경상
2020122300100049,2020년 12월 23일 06시,수요일,제주특별자치도 제주시 연동,중상사고,0,1,0,0,차대사람 - 차도통행중,안전운전불이행,건조,맑음,교차로 - 교차로안,승용,남,42세,상해없음,보행자,여,33세,중상
2020122300100170,2020년 12월 23일 10시,수요일,제주특별자치도 제주시 이도이동,경상사고,0,0,1,0,차대차 - 측면충돌,기타,건조,맑음,교차로 - 교차로안,승용,여,54세,기타불명,승용,남,32세,경상
2020122300100187,2020년 12월 23일 11시,수요일,제주특별자치도 서귀포시 강정동,중상사고,0,1,0,0,차대차 - 측면충돌,안전거리미확보,건조,맑음,단일로 - 기타,승용,여,56세,상해없음,승용,여,40세,중상
2020122300100188,2020년 12월 23일 11시,수요일,제주특별자치도 서귀포시 토평동,경상사고,0,0,1,0,차대차 - 정면충돌,중앙선침범,건조,맑음,교차로 - 교차로부근,화물,남,59세,상해없음,승용,여,44세,경상
2020122300100272,2020년 12월 23일 14시,수요일,제주특별자치도 제주시 연동,경상사고,0,0,1,0,차대차 - 측면충돌,직진우회전진행방해,건조,맑음,교차로 - 교차로안,승용,남,34세,상해없음,승용,여,27세,경상
2020122300100303,2020년 12월 23일 15시,수요일,제주특별자치도 제주시 한림읍,중상사고,0,1,0,0,차대사람 - 기타,안전운전불이행,건조,맑음,단일로 - 기타,승용,남,35세,상해없음,보행자,여,9세,중상
2020122300100304,2020년 12월 23일 15시,수요일,제주특별자치도 제주시 도두일동,경상사고,0,0,1,0,차대차 - 측면충돌,안전운전불이행,건조,흐림,교차로 - 교차로안,승용,여,56세,상해없음,승용,남,54세,경상
2020122300100305,2020년 12월 23일 15시,수요일,제주특별자치도 제주시 해안동,중상사고,0,1,0,0,차량단독 - 전도전복 - 전도,안전운전불이행,건조,흐림,단일로 - 기타,원동기,남,44세,중상,,,,
2020122300100384,2020년 12월 23일 17시,수요일,제주특별자치도 제주시 화북이동,경상사고,0,0,1,0,차대차 - 추돌,안전거리미확보,건조,맑음,단일로 - 기타,이륜,남,34세,경상,이륜,남,27세,상해없음
2020122300100460,2020년 12월 23일 18시,수요일,제주특별자치도 서귀포시 안덕면,중상사고,0,1,0,0,차대차 - 정면충돌,신호위반,건조,맑음,교차로 - 교차로안,승용,남,49세,상해없음,승용,여,28세,중상
2020122300100461,2020년 12월 23일 18시,수요일,제주특별자치도 제주시 노형동,중상사고,0,1,0,0,차대차 - 기타,안전운전불이행,건조,맑음,교차로 - 교차로안,이륜,남,34세,상해없음,화물,남,48세,중상
2020122300100552,2020년 12월 23일 20시,수요일,제주특별자치도 서귀포시 대정읍,중상사고,0,1,0,0,차대사람 - 차도통행중,안전운전불이행,건조,맑음,단일로 - 기타,화물,남,30세,상해없음,보행자,남,47세,중상
2020122400100096,2020년 12월 24일 08시,목요일,제주특별자치도 서귀포시 토평동,경상사고,0,0,1,0,차대차 - 측면충돌,신호위반,건조,맑음,교차로 - 교차로안,화물,남,45세,상해없음,승용,여,54세,경상
2020122400100185,2020년 12월 24일 11시,목요일,제주특별자치도 제주시 이도이동,부상신고사고,0,0,0,1,차대차 - 측면충돌,신호위반,건조,맑음,교차로 - 교차로안,이륜,남,68세,부상신고,승합,남,63세,상해없음
2020122400100324,2020년 12월 24일 15시,목요일,제주특별자치도 제주시 도남동,사망사고,1,0,0,0,차대사람 - 횡단중,과속,건조,맑음,단일로 - 기타,승용,남,23세,상해없음,보행자,여,70세,사망
2020122400100361,2020년 12월 24일 16시,목요일,제주특별자치도 제주시 이도이동,경상사고,0,0,1,0,차대차 - 추돌,안전운전불이행,건조,맑음,단일로 - 기타,승용,남,51세,상해없음,승용,여,40세,경상
2020122400100362,2020년 12월 24일 16시,목요일,제주특별자치도 서귀포시 토평동,경상사고,0,0,1,0,차대차 - 기타,교차로운행방법위반,건조,맑음,교차로 - 교차로부근,승용,남,25세,상해없음,승용,여,38세,경상
2020122400100544,2020년 12월 24일 19시,목요일,제주특별자치도 제주시 이도일동,경상사고,0,0,1,0,차대사람 - 횡단중,안전운전불이행,건조,맑음,단일로 - 기타,승용,여,28세,상해없음,보행자,남,47세,경상
2020122500100194,2020년 12월 25일 15시,금요일,제주특별자치도 서귀포시 남원읍,경상사고,0,0,2,0,차대차 - 추돌,안전운전불이행,건조,맑음,단일로 - 기타,승용,여,60세,상해없음,승용,남,51세,경상
2020122500100304,2020년 12월 25일 19시,금요일,제주특별자치도 제주시 용담이동,경상사고,0,0,1,0,차대사람 - 보도통행중,기타,건조,맑음,교차로 - 교차로부근,승용,남,36세,상해없음,보행자,남,64세,경상
2020122500100331,2020년 12월 25일 20시,금요일,제주특별자치도 제주시 이도이동,중상사고,0,2,0,0,차대차 - 측면충돌,신호위반,건조,맑음,교차로 - 교차로부근,승용,남,58세,상해없음,원동기,남,16세,중상
2020122600100055,2020년 12월 26일 08시,토요일,제주특별자치도 제주시 한경면,경상사고,0,0,1,0,차대차 - 기타,안전운전불이행,건조,맑음,단일로 - 기타,화물,남,72세,상해없음,승용,여,24세,경상
2020122600100114,2020년 12월 26일 11시,토요일,제주특별자치도 제주시 해안동,경상사고,0,0,2,0,차대차 - 추돌,안전운전불이행,건조,맑음,교차로 - 교차로부근,승용,여,29세,경상,화물,남,61세,상해없음
2020122600100132,2020년 12월 26일 12시,토요일,제주특별자치도 서귀포시 동홍동,경상사고,0,0,2,0,차대차 - 측면충돌,안전운전불이행,건조,맑음,교차로 - 교차로안,승용,남,70세,상해없음,승용,남,35세,경상
2020122600100185,2020년 12월 26일 14시,토요일,제주특별자치도 제주시 한림읍,경상사고,0,0,2,0,차대차 - 측면충돌,중앙선침범,건조,맑음,단일로 - 기타,승용,남,46세,상해없음,승용,여,27세,경상
2020122600100209,2020년 12월 26일 15시,토요일,제주특별자치도 제주시 우도면,중상사고,0,1,0,0,차대사람 - 횡단중,안전운전불이행,건조,맑음,단일로 - 기타,원동기,여,21세,상해없음,보행자,남,59세,중상
2020122600100210,2020년 12월 26일 15시,토요일,제주특별자치도 서귀포시 동홍동,중상사고,0,1,0,0,차대사람 - 횡단중,보행자보호의무위반,건조,맑음,교차로 - 교차로횡단보도내,승용,남,68세,상해없음,보행자,여,18세,중상
2020122600100342,2020년 12월 26일 19시,토요일,제주특별자치도 서귀포시 서귀동,중상사고,0,1,0,0,차대차 - 측면충돌,직진우회전진행방해,건조,기타,교차로 - 교차로안,화물,남,57세,상해없음,이륜,남,28세,중상
2020122600100372,2020년 12월 26일 20시,토요일,제주특별자치도 제주시 노형동,경상사고,0,0,1,0,차대차 - 측면충돌,안전운전불이행,건조,맑음,단일로 - 기타,승용,남,30세,상해없음,승용,여,65세,경상
2020122700100031,2020년 12월 27일 07시,일요일,제주특별자치도 제주시 용담일동,경상사고,0,0,2,0,차대차 - 측면충돌,신호위반,건조,맑음,교차로 - 교차로안,승용,여,54세,상해없음,승용,여,27세,경상
2020122700100070,2020년 12월 27일 12시,일요일,제주특별자치도 제주시 애월읍,경상사고,0,0,1,0,차대차 - 기타,중앙선침범,젖음/습기,비,단일로 - 기타,승용,여,70세,상해없음,이륜,남,38세,경상
2020122700100186,2020년 12월 27일 17시,일요일,제주특별자치도 서귀포시 성산읍,사망사고,1,5,1,0,차대차 - 정면충돌,중앙선침범,건조,맑음,단일로 - 기타,승용,여,53세,사망,화물,남,38세,경상
2020122700100216,2020년 12월 27일 18시,일요일,제주특별자치도 서귀포시 서호동,중상사고,0,1,0,0,차대차 - 기타,안전운전불이행,젖음/습기,흐림,단일로 - 기타,승용,남,47세,상해없음,이륜,남,49세,중상
2020122700100241,2020년 12월 27일 19시,일요일,제주특별자치도 제주시 아라이동,경상사고,0,0,1,0,차대사람 - 횡단중,보행자보호의무위반,건조,맑음,교차로 - 교차로횡단보도내,승용,남,24세,상해없음,보행자,남,32세,경상
2020122700100258,2020년 12월 27일 20시,일요일,제주특별자치도 제주시 일도이동,경상사고,0,0,1,0,차대사람 - 횡단중,안전운전불이행,젖음/습기,비,교차로 - 교차로횡단보도내,승용,여,59세,상해없음,보행자,여,44세,경상
2020122700100302,2020년 12월 27일 22시,일요일,제주특별자치도 제주시 연동,중상사고,0,1,0,0,차대차 - 측면충돌,안전거리미확보,젖음/습기,비,교차로 - 교차로안,승용,남,30세,상해없음,이륜,남,45세,중상
2020122800100098,2020년 12월 28일 08시,월요일,제주특별자치도 제주시 조천읍,경상사고,0,0,1,0,차대차 - 측면충돌,신호위반,건조,맑음,교차로 - 교차로안,승용,남,38세,상해없음,승용,여,56세,경상
2020122800100257,2020년 12월 28일 13시,월요일,제주특별자치도 서귀포시 서귀동,경상사고,0,0,1,0,차대차 - 측면충돌,직진우회전진행방해,건조,맑음,교차로 - 교차로안,승용,여,64세,상해없음,승용,남,71세,경상
2020122800100258,2020년 12월 28일 13시,월요일,제주특별자치도 제주시 연동,경상사고,0,0,1,0,차대사람 - 횡단중,보행자보호의무위반,건조,맑음,교차로 - 교차로안,화물,남,68세,상해없음,보행자,여,25세,경상
2020122800100523,2020년 12월 28일 20시,월요일,제주특별자치도 제주시 노형동,경상사고,0,0,2,0,차대차 - 정면충돌,신호위반,건조,맑음,교차로 - 교차로안,이륜,남,36세,경상,이륜,남,36세,경상
2020122900100006,2020년 12월 29일 02시,화요일,제주특별자치도 제주시 아라일동,경상사고,0,0,2,0,차대차 - 측면충돌,안전운전불이행,건조,맑음,교차로 - 교차로안,승용,남,54세,상해없음,승용,남,50세,경상
2020122900100030,2020년 12월 29일 06시,화요일,제주특별자치도 서귀포시 안덕면,경상사고,0,0,2,0,차대차 - 추돌,안전운전불이행,건조,맑음,교차로 - 교차로부근,승용,남,52세,경상,승합,기타불명,미분류,기타불명
2020122900100031,2020년 12월 29일 06시,화요일,제주특별자치도 서귀포시 서귀동,중상사고,0,1,0,0,차대사람 - 횡단중,보행자보호의무위반,건조,맑음,단일로 - 기타,승용,남,72세,상해없음,보행자,여,72세,중상
2020122900100079,2020년 12월 29일 09시,화요일,제주특별자치도 서귀포시 표선면,경상사고,0,0,1,0,차대사람 - 기타,안전운전불이행,젖음/습기,흐림,주차장 - 주차장,승용,여,61세,상해없음,보행자,여,66세,경상
2020122900100095,2020년 12월 29일 10시,화요일,제주특별자치도 제주시 이도이동,경상사고,0,0,1,0,차대차 - 측면충돌,안전운전불이행,건조,맑음,단일로 - 기타,승용,여,60세,상해없음,승용,남,29세,경상
2020122900100162,2020년 12월 29일 13시,화요일,제주특별자치도 서귀포시 남원읍,중상사고,0,1,1,0,차대사람 - 횡단중,보행자보호의무위반,건조,흐림,교차로 - 교차로횡단보도내,승용,여,59세,상해없음,보행자,여,58세,중상
2020122900100181,2020년 12월 29일 14시,화요일,제주특별자치도 제주시 이도이동,부상신고사고,0,0,0,1,차대차 - 후진중충돌,안전운전불이행,건조,맑음,단일로 - 기타,승용,남,51세,상해없음,이륜,남,49세,부상신고
2020122900100448,2020년 12월 29일 21시,화요일,제주특별자치도 서귀포시 상효동,중상사고,0,1,1,0,차량단독 - 공작물충돌,안전운전불이행,젖음/습기,비,단일로 - 기타,승용,남,55세,경상,,,,
2020122900100472,2020년 12월 29일 22시,화요일,제주특별자치도 제주시 삼도일동,중상사고,0,1,0,0,차대사람 - 횡단중,기타,젖음/습기,비,교차로 - 교차로횡단보도내,승합,남,54세,상해없음,보행자,남,53세,중상
2020123000100082,2020년 12월 30일 08시,수요일,제주특별자치도 제주시 아라이동,중상사고,0,1,0,0,차대차 - 기타,차로위반,서리/결빙,눈,교차로 - 교차로부근,승합,남,54세,상해없음,승용,여,28세,중상
2020123000100104,2020년 12월 30일 09시,수요일,제주특별자치도 제주시 도남동,경상사고,0,0,1,0,차대차 - 기타,안전운전불이행,적설,맑음,단일로 - 기타,화물,남,54세,상해없음,화물,남,32세,경상
2020123000100155,2020년 12월 30일 11시,수요일,제주특별자치도 서귀포시 동홍동,중상사고,0,1,0,0,차대사람 - 차도통행중,안전운전불이행,젖음/습기,기타,단일로 - 기타,승용,남,57세,상해없음,보행자,남,14세,중상
2020123000100191,2020년 12월 30일 12시,수요일,제주특별자치도 제주시 애월읍,경상사고,0,0,1,0,차대차 - 측면충돌,안전운전불이행,건조,맑음,기타 - 기타,승용,여,57세,상해없음,승용,남,36세,경상
2020123000100247,2020년 12월 30일 14시,수요일,제주특별자치도 제주시 구좌읍,경상사고,0,0,1,0,차대차 - 추돌,안전거리미확보,적설,눈,교차로 - 교차로부근,승용,남,33세,상해없음,승용,남,70세,상해없음
2020123000100315,2020년 12월 30일 16시,수요일,제주특별자치도 제주시 연동,경상사고,0,0,2,0,차대차 - 추돌,안전운전불이행,적설,눈,단일로 - 기타,승용,남,40세,상해없음,승용,남,50세,상해없음
2020123000100346,2020년 12월 30일 17시,수요일,제주특별자치도 제주시 이도이동,경상사고,0,0,2,0,차대차 - 추돌,안전거리미확보,서리/결빙,눈,단일로 - 기타,승용,남,25세,상해없음,승용,남,24세,경상
2020123000100347,2020년 12월 30일 17시,수요일,제주특별자치도 서귀포시 색달동,중상사고,0,2,0,0,차대차 - 정면충돌,안전운전불이행,서리/결빙,눈,교차로 - 교차로부근,승용,남,27세,상해없음,승용,남,48세,상해없음
2020123000100348,2020년 12월 30일 17시,수요일,제주특별자치도 서귀포시 안덕면,경상사고,0,0,2,0,차대차 - 정면충돌,중앙선침범,적설,눈,단일로 - 기타,승용,남,36세,상해없음,승용,남,58세,경상
2020123000100349,2020년 12월 30일 17시,수요일,제주특별자치도 제주시 애월읍,경상사고,0,0,1,0,차대차 - 추돌,안전운전불이행,서리/결빙,눈,단일로 - 기타,승용,남,26세,상해없음,승용,남,25세,경상
2020123000100412,2020년 12월 30일 18시,수요일,제주특별자치도 서귀포시 하원동,경상사고,0,0,3,0,차대차 - 추돌,안전거리미확보,서리/결빙,눈,단일로 - 기타,승용,여,47세,경상,승용,여,34세,경상
2020123000100448,2020년 12월 30일 19시,수요일,제주특별자치도 서귀포시 강정동,경상사고,0,0,1,0,차대차 - 측면충돌,신호위반,서리/결빙,눈,교차로 - 교차로안,승용,남,29세,상해없음,승용,남,61세,경상
2020123000100469,2020년 12월 30일 20시,수요일,제주특별자치도 제주시 도련일동,경상사고,0,0,1,0,차대차 - 추돌,안전운전불이행,적설,맑음,단일로 - 기타,승용,남,48세,상해없음,승용,여,46세,경상
2020123000100470,2020년 12월 30일 20시,수요일,제주특별자치도 서귀포시 성산읍,경상사고,0,0,1,0,차대차 - 기타,직진우회전진행방해,적설,눈,교차로 - 교차로안,승용,남,25세,경상,승합,남,60세,상해없음
2020123000100471,2020년 12월 30일 20시,수요일,제주특별자치도 제주시 연동,경상사고,0,0,1,0,차대차 - 추돌,안전운전불이행,적설,맑음,단일로 - 기타,승용,남,26세,상해없음,승합,남,46세,경상
2020123000100534,2020년 12월 30일 22시,수요일,제주특별자치도 제주시 구좌읍,경상사고,0,0,1,0,차대차 - 추돌,안전운전불이행,적설,눈,단일로 - 기타,승용,여,27세,상해없음,승합,남,38세,경상
2020123100100006,2020년 12월 31일 01시,목요일,제주특별자치도 제주시 오라이동,경상사고,0,0,1,0,차량단독 - 기타,안전운전불이행,적설,눈,교차로 - 교차로부근,승용,남,30세,경상,,,,
2020123100100074,2020년 12월 31일 09시,목요일,제주특별자치도 제주시 애월읍,경상사고,0,0,1,0,차대차 - 기타,중앙선침범,서리/결빙,눈,단일로 - 기타,승용,남,48세,상해없음,승용,남,30세,경상
2020123100100075,2020년 12월 31일 09시,목요일,제주특별자치도 제주시 애월읍,경상사고,0,0,1,0,차대차 - 기타,안전거리미확보,서리/결빙,눈,단일로 - 기타,승용,여,31세,상해없음,승용,남,33세,경상
2020123100100133,2020년 12월 31일 11시,목요일,제주특별자치도 제주시 건입동,경상사고,0,0,1,0,차대차 - 측면충돌,직진우회전진행방해,젖음/습기,눈,교차로 - 교차로안,승용,남,53세,상해없음,승용,여,51세,경상
2020123100100234,2020년 12월 31일 14시,목요일,제주특별자치도 서귀포시 대정읍,경상사고,0,0,1,0,차대사람 - 기타,안전운전불이행,건조,맑음,교차로 - 교차로부근,승용,여,69세,상해없음,보행자,남,69세,경상
2020123100100235,2020년 12월 31일 14시,목요일,제주특별자치도 제주시 해안동,경상사고,0,0,1,0,차대차 - 정면충돌,안전운전불이행,적설,눈,단일로 - 기타,승용,남,54세,상해없음,승용,남,47세,상해없음
2020123100100559,2020년 12월 31일 21시,목요일,제주특별자치도 서귀포시 동홍동,중상사고,0,1,0,0,차대사람 - 기타,안전운전불이행,건조,맑음,단일로 - 기타,승용,여,60세,상해없음,보행자,남,58세,중상